subj_id,rt,confidence,correct,present,easy
59,3.389,1,1,1,1
59,3.2579000000003724,0.3055555555555556,1,-1,0
59,2.11510000000149,0.7333333333333334,1,1,0
59,2.7575999999996275,0.4069444444444445,1,-1,1
59,1.8181999999992549,0.8013888888888889,1,1,1
59,2.2460999999996276,0.18888888888888888,0,-1,0
59,1.923300000000745,0.8138888888888889,1,1,0
59,1.8527000000011176,0.21666666666666667,0,-1,1
59,2.0530999999996276,0.5055555555555555,1,-1,1
59,1.8302000000011176,0.7708333333333334,1,1,1
59,2.109800000000745,0.7791666666666667,1,1,0
59,2.091,0.43194444444444446,1,-1,0
59,1.851699999999255,0.7833333333333333,1,-1,1
59,2.75510000000149,0.08194444444444449,1,1,0
59,1.8617999999988823,0.7597222222222222,1,1,1
59,2.2330999999996273,0.24861111111111112,1,-1,0
59,2.5792999999988826,0.14166666666666672,0,1,0
59,1.70739999999851,1,1,1,1
59,1.773800000000745,0.6013888888888889,1,-1,1
59,1.7384000000003723,0.6777777777777778,1,-1,0
59,2.0365,0.3472222222222222,1,-1,0
59,1.6910999999996277,0.13888888888888884,1,-1,1
59,2.0454000000003725,0.8833333333333333,1,1,1
59,3.58889999999851,0.4305555555555556,0,1,0
59,3.210800000000745,0.3222222222222222,1,1,1
59,1.9259000000003723,0.1958333333333333,1,-1,0
59,3.4199000000003723,0.1930555555555555,0,1,0
59,1.8025,0.3833333333333333,1,-1,1
59,2.398199999999255,0.1791666666666667,0,1,0
59,1.7887999999988824,0.7666666666666666,1,-1,1
59,2.101,0.47777777777777775,1,1,1
59,1.835199999999255,0.9541666666666668,1,-1,0
59,1.681,1,1,1,1
59,1.6309000000003724,1,1,1,0
59,2.4484000000003725,0.5555555555555556,1,-1,1
59,1.680199999999255,1,1,-1,0
59,1.7175,0.9152777777777776,1,1,0
59,1.723800000000745,0.9263888888888888,1,1,1
59,1.8642000000011176,0.8597222222222223,1,-1,1
59,1.7569000000003723,0.9916666666666668,1,-1,0
59,1.599199999999255,0.9111111111111112,1,1,1
59,1.6287000000011176,0.8805555555555555,1,1,0
59,1.81410000000149,0.41666666666666663,1,-1,0
59,1.891,0.6944444444444444,1,-1,1
59,1.850699999999255,0.8,1,-1,1
59,1.9567999999988823,0.8652777777777778,1,1,1
59,1.6578000000007451,0.9388888888888888,1,1,0
59,1.9840999999996276,0.4055555555555555,1,-1,0
59,2.3335,0.6611111111111111,1,1,0
59,1.8882000000011177,0.8416666666666667,1,-1,0
59,1.5622000000011176,0.9527777777777776,1,1,1
59,1.6558000000007451,0.8555555555555556,1,-1,1
59,1.698199999999255,0.4013888888888889,1,-1,1
59,2.1875,0.7875,1,1,1
59,1.8257999999988823,0.31666666666666665,1,-1,0
59,1.8653000000007451,0.8527777777777777,1,1,0
59,1.5774000000003723,0.9194444444444444,1,1,1
59,1.9295999999996276,0.26388888888888884,1,-1,0
59,1.6097999999988823,0.8819444444444444,1,1,0
59,2.087699999999255,0.4444444444444444,1,-1,1
59,1.6209000000003724,0.7986111111111112,1,1,1
59,1.545199999999255,0.9208333333333334,1,1,0
59,1.7775999999996277,0.3416666666666667,1,-1,0
59,1.62939999999851,0.7875,1,-1,1
52,2.501199999999255,0.3933333333333333,1,-1,0
52,2.0538999999985097,0.6288888888888888,1,1,0
52,3.4108000000007452,0.3466666666666667,1,-1,1
52,1.946800000000745,0.6955555555555555,1,1,1
52,2.694699999999255,0.6955555555555555,1,1,0
52,1.890300000000745,0.6955555555555555,1,-1,0
52,1.88529999999702,0.6955555555555555,1,-1,1
52,1.8096000000014898,0.8555555555555556,1,1,1
52,1.749199999999255,0.8555555555555556,1,1,1
52,1.813199999999255,0.8555555555555556,1,-1,0
52,1.7502000000029803,0.8555555555555556,1,1,0
52,2.272800000000745,0.8555555555555556,1,-1,1
52,2.026300000000745,0.8555555555555556,1,1,0
52,1.737300000000745,0.8555555555555556,1,1,1
52,1.927099999997765,0.8555555555555556,1,-1,1
52,1.7927000000029802,0.8555555555555556,1,-1,0
52,3.21510000000149,0.8288888888888889,0,-1,1
52,1.8695,0.8355555555555556,1,1,1
52,1.85710000000149,0.8355555555555556,1,-1,0
52,1.8543999999985101,0.8355555555555556,0,1,0
52,2.051199999999255,0.8355555555555556,1,1,0
52,1.938,0.8355555555555556,1,-1,0
52,2.6805,0.8355555555555556,1,-1,1
52,1.573199999999255,0.8355555555555556,1,1,1
52,1.7305,0.8355555555555556,1,-1,0
52,1.7023999999985102,0.8355555555555556,1,-1,1
52,2.03389999999851,0.8355555555555556,1,1,0
52,2.153800000000745,0.8355555555555556,1,1,1
52,2.02060000000149,0.8355555555555556,1,1,1
52,1.7509000000022352,0.8355555555555556,1,-1,0
52,1.923300000000745,0.8355555555555556,1,1,0
52,1.7769000000022352,0.8355555555555556,1,-1,1
52,2.90439999999851,0.8355555555555556,1,-1,1
52,2.199800000000745,0.8355555555555556,1,-1,0
52,1.5761999999992549,0.8355555555555556,1,1,1
52,1.5475,0.8355555555555556,1,1,0
52,1.5833999999985102,0.8333333333333334,1,1,0
52,1.792400000002235,0.7977777777777778,1,-1,1
52,1.696,0.7977777777777778,1,1,1
52,1.676300000000745,0.7977777777777778,1,-1,0
52,1.486199999999255,0.8,1,1,0
52,1.920699999999255,0.8,1,-1,1
52,1.8315999999977648,0.8,1,-1,0
52,1.629199999999255,0.8,1,1,1
52,1.569800000000745,0.8044444444444444,1,1,1
52,1.8758999999985102,0.8044444444444444,1,-1,1
52,1.5091000000014898,0.8044444444444444,1,1,0
52,1.9136000000014899,0.8044444444444444,1,-1,0
52,1.6785999999977648,1,1,1,0
52,1.526199999999255,0.8044444444444444,1,1,1
52,1.671300000000745,0.8044444444444444,1,-1,1
52,1.8681000000014898,0.8044444444444444,1,-1,0
52,1.7252000000029801,0.8044444444444444,1,1,1
52,1.6321000000014898,0.8,1,-1,1
52,1.8168000000007452,0.8,1,-1,0
52,1.7466000000014898,0.8,1,1,0
52,1.4993999999985101,0.8,1,1,0
52,1.7064000000022352,0.8,1,-1,0
52,1.63089999999851,0.8,1,1,1
52,1.659300000000745,0.8022222222222222,1,-1,1
52,1.50010000000149,0.8022222222222222,1,1,1
52,1.8053999999985102,0.8022222222222222,1,-1,0
52,2.463,0.8022222222222222,1,1,0
52,1.814699999999255,0.8022222222222222,1,-1,1
115,4.2431000000014905,0.8574074074074074,1,-1,0
115,2.4248999999985097,1,1,1,0
115,2.91729999999702,0.9111111111111112,1,-1,1
115,2.7731999999955295,0.9333333333333332,1,1,1
115,3.17319999999553,0.8962962962962963,1,-1,1
115,3.2499000000059604,0.9648148148148148,1,1,1
115,2.3961999999955297,0.9481481481481482,1,1,0
115,3.38779999999702,0.9925925925925926,1,-1,0
115,1.85029999999702,0.8888888888888888,1,1,0
115,2.8666999999955296,0.9888888888888888,1,1,1
115,3.75360000000149,0.8851851851851852,1,-1,0
115,3.80239999999851,0.95,1,-1,1
115,3.0217999999970204,1,1,1,0
115,1.8745,0.9444444444444444,1,1,1
115,2.3585,1,1,-1,0
115,3.08460000000149,0.7518518518518519,1,-1,1
115,1.89939999999851,0.9481481481481482,1,1,0
115,2.85080000000447,0.8407407407407408,1,-1,1
115,2.06410000000149,0.998148148148148,1,1,1
115,2.36860000000149,0.7222222222222222,1,-1,0
115,2.0211999999955297,0.8962962962962963,1,-1,1
115,3.0814000000059605,0.9611111111111112,1,-1,0
115,1.67989999999851,1,1,1,1
115,1.6806000000014898,0.9592592592592591,1,1,0
115,3.0052000000029797,0.8925925925925926,1,-1,0
115,1.9766000000014898,0.9907407407407408,1,1,1
115,1.7955,1,1,1,0
115,2.4314000000059606,0.9777777777777776,1,-1,1
115,1.7512000000029802,0.974074074074074,1,1,0
115,1.619,0.9703703703703704,1,1,1
115,2.2942999999970204,0.8277777777777777,1,-1,1
115,1.7763000000044704,0.9407407407407408,1,-1,0
115,2.926,0.7425925925925926,1,-1,1
115,1.8115,0.8388888888888889,0,-1,0
115,1.64260000000149,0.9555555555555556,1,1,1
115,1.60460000000149,0.9462962962962964,1,1,0
115,3.74639999999851,0.8111111111111111,1,-1,0
115,1.7373999999985101,0.95,1,1,0
115,4.682200000002981,0.9092592592592592,1,1,1
115,2.5495,0.8962962962962963,1,-1,1
115,1.6423000000044703,0.9111111111111112,1,1,1
115,2.3466999999955296,0.8907407407407407,1,-1,0
115,1.7423000000044704,0.362962962962963,0,-1,1
115,1.6719000000059605,0.7666666666666666,1,1,0
115,2.88439999999851,0.6370370370370371,1,-1,0
115,1.7931000000014898,0.7277777777777779,1,1,1
115,1.6797000000029803,0.762962962962963,1,1,0
115,2.18860000000149,0.6388888888888888,1,-1,1
115,2.11510000000149,0.8870370370370371,1,1,1
115,1.6961000000014899,0.7592592592592593,1,1,0
115,1.62110000000149,0.18333333333333335,0,-1,0
115,3.04010000000149,0.6666666666666667,1,-1,1
115,3.7663000000044704,0.7333333333333334,0,1,0
115,2.42779999999702,0.8203703703703704,1,1,1
115,1.6955,0.8277777777777777,1,-1,1
115,1.7146000000014898,0.9444444444444444,1,-1,0
115,4.07280000000447,0.7611111111111111,1,1,0
115,2.00279999999702,0.8388888888888889,1,-1,1
115,3.62360000000149,0.7203703703703703,1,1,1
115,1.8774000000059605,0.6833333333333333,1,-1,0
115,1.737,0.8481481481481481,1,-1,0
115,3.88930000000447,0.9814814814814816,0,1,1
115,1.7891999999955297,0.8611111111111112,1,-1,1
115,2.9245,0.962962962962963,1,1,0
91,3.79320000000298,0.4453074117687914,1,1,0
91,3.44870000000298,0.5367493812881349,1,-1,1
91,3.99489999999851,0.0068548912529649,1,1,1
91,3.46239999999851,0.3632441057898934,1,-1,0
91,5.23839999999851,0.34448677870900246,1,1,0
91,3.48110000000149,0.789973296880163,1,-1,1
91,3.64239999999851,0.10298619254253116,1,-1,0
91,2.5942000000029797,0.6539826755437035,1,1,1
91,4.26089999999851,0.7712159697992721,1,1,1
91,5.51110000000149,0.23194281622365653,1,1,0
91,3.92069999999553,0.8532792757781701,1,-1,1
91,3.912900000005961,0.6680506708543716,1,-1,0
91,4.53679999999702,0.5695259519306147,1,1,0
91,4.58380000000447,0.23897681387899072,1,-1,1
91,4.599699999995529,0.33979744693877967,1,-1,0
91,1.9908000000044703,0.6211573531521443,1,1,1
91,4.54670000000298,0.2764914680407726,1,-1,0
91,4.33060000000149,0.2507001433045476,1,-1,1
91,1.9276999999955295,0.8673472710888384,1,1,1
91,4.83140000000596,0,0,1,0
91,1.84620000000298,1,1,1,1
91,4.47810000000149,0.2952487951216636,1,-1,0
91,3.5247000000029796,0.7032206591310423,1,-1,1
91,3.5268000000044704,0.3655887716750048,1,1,0
91,1.9766000000014898,0.9587892406081818,1,1,1
91,1.715,0.9306532499868452,1,1,0
91,4.23379999999702,0.6000553601861419,0,-1,0
91,3.5711999999955295,0.6422593461181466,1,-1,1
91,1.7665,0.935342581757068,1,1,0
91,2.81639999999851,0.6094340237265874,1,-1,0
91,3.33570000000298,0.3702781034452275,1,-1,1
91,2.1991999999955296,0.789973296880163,1,1,1
91,1.6977000000029803,0.745424645063047,1,1,1
91,5.0518999999985095,0,1,-1,1
91,4.09270000000298,0.05374820895519239,1,-1,0
91,1.86879999999702,1,1,1,0
91,5.83270000000298,0.8181092875014995,1,-1,1
91,1.93470000000298,0.9189299205612884,1,1,1
91,3.30710000000149,0.8040412921908313,1,-1,0
91,3.4249000000059606,0.7337013156374901,1,1,0
91,4.1312000000029805,0.13581151493409038,0,1,1
91,3.1105,0.8579686075483928,1,-1,1
91,1.85279999999702,0.8181092875014995,1,1,0
91,4.03839999999851,0.7618373062588266,1,-1,0
91,2.87829999999702,0.4640647388496824,1,-1,1
91,2.8253999999985098,0.670395336739483,0,-1,0
91,4.02029999999702,0.506268724781687,1,1,1
91,1.7785,0.8954832617101748,1,1,0
91,1.7505999999940396,0.9892698971146296,1,1,1
91,1.86289999999851,0.965823238263516,1,1,0
91,3.645099999994039,0.6868079979352627,1,-1,1
91,4.478800000004471,0.5390940471732463,1,-1,0
91,3.7247000000029797,0.525026051862578,1,1,1
91,4.46970000000298,0.5719193695648055,1,-1,1
91,4.08419999999553,0.417171421147455,1,-1,0
91,1.9546000000014898,0.5156473883221325,1,1,0
91,3.7512000000029797,0.543783378943469,1,-1,1
91,1.6981999999955297,1,1,1,1
91,1.9176999999955298,0.7876286309950516,1,1,0
91,3.62660000000149,0.5390940471732463,1,-1,0
91,2.1706000000014902,0.9798912335741842,1,1,1
91,3.7093999999985097,0.6492933437734807,1,-1,1
91,1.82779999999702,0.872036602859061,1,1,0
91,5.187300000004471,0.5320600495179122,1,-1,0
122,2.8988000000119207,0.6416666666666666,1,-1,1
122,2.8178000000119208,0.6833333333333333,1,-1,0
122,2.483899999976158,0.6722222222222223,1,1,1
122,3.9591000000238417,0.3555555555555555,1,1,0
122,1.9786000000238422,0.5277777777777778,1,-1,0
122,2.187600000023842,0.5444444444444445,1,-1,1
122,2.128199999988079,1,1,1,1
122,3.732699999988079,0.49444444444444446,0,1,0
122,2.240099999964237,0.4083333333333333,1,-1,1
122,1.8761999999880792,1,1,1,1
122,2.141800000011921,0.5833333333333333,1,-1,0
122,2.7756000000238417,1,1,1,0
122,1.885199999988079,0.6777777777777778,1,-1,1
122,2.0152999999523167,1,1,1,0
122,1.851699999988079,1,1,1,1
122,2.304200000047684,0.5722222222222222,1,-1,0
122,1.9751999999880792,1,1,1,0
122,2.573800000011921,0.6277777777777778,1,-1,1
122,2.487,0.7388888888888889,1,-1,0
122,1.892,1,1,1,1
122,1.9852000000476835,0.6222222222222222,1,-1,0
122,2.7466000000238417,1,1,1,1
122,2.375100000023842,0.7583333333333333,1,-1,1
122,2.685600000023842,1,1,1,0
122,1.9927999999523165,1,1,1,1
122,2.1635,0.8666666666666667,1,-1,1
122,1.976,1,1,-1,0
122,2.070800000011921,0.8583333333333334,1,1,0
122,2.0963999999761582,0.8444444444444444,1,-1,1
122,2.279800000011921,0.9388888888888888,1,1,1
122,1.8238999999761578,1,1,-1,0
122,1.9306000000238421,1,1,1,0
122,1.7391999999880792,1,1,1,1
122,2.832,0.386111111111111,1,-1,1
122,1.7929000000357629,1,1,1,0
122,2.523300000011921,0.7527777777777778,1,-1,0
122,2.0397000000476835,0.8166666666666667,1,-1,0
122,1.923900000035763,1,1,1,1
122,1.945699999988079,1,1,1,0
122,3.306300000011921,0.6888888888888889,1,-1,1
122,2.897300000011921,0.7416666666666667,1,-1,0
122,2.0913999999761583,1,1,1,1
122,1.8576000000238422,1,1,1,0
122,1.95,0.8555555555555556,1,-1,1
122,1.812699999988079,1,1,1,0
122,1.652,1,1,1,1
122,1.758,1,1,-1,1
122,2.420699999988079,0.8527777777777777,1,-1,0
122,1.841199999988079,1,1,1,0
122,2.0993999999761583,1,1,-1,0
122,1.705399999976158,1,1,1,1
122,2.562900000035763,1,1,-1,1
122,2.551899999976158,1,1,-1,1
122,2.5895,0.9944444444444444,1,-1,0
122,4.829800000011921,0.55,0,1,0
122,1.795300000011921,1,1,1,1
122,2.084399999976158,0.7361111111111112,1,-1,1
122,1.7170999999642371,1,1,1,0
122,2.771199999988079,0.8361111111111111,1,-1,0
122,1.678,0.9944444444444444,1,1,1
122,1.755,0.9833333333333332,1,1,1
122,1.7545999999642372,1,1,1,0
122,1.935899999976158,0.9722222222222222,1,-1,0
122,2.326,0.7166666666666667,1,-1,1
79,3.385199999988079,0.6,1,1,1
79,3.1176000000238417,0.4814814814814815,1,1,0
79,2.2805,0.6481481481481481,1,-1,0
79,2.947199999988079,0.3648148148148148,1,-1,1
79,2.0633999999761583,0.6333333333333333,1,1,1
79,2.180899999976158,0.5018518518518518,1,-1,1
79,3.1921000000238418,0.3759259259259259,1,1,0
79,2.411399999976158,0.6722222222222223,1,-1,0
79,2.1258999999761583,0.7351851851851852,1,1,1
79,2.675,0.624074074074074,1,1,0
79,1.917199999988079,0.6222222222222222,1,-1,0
79,2.19,0.6314814814814815,1,-1,1
79,4.858399999976158,0.5851851851851853,1,1,0
79,2.013699999988079,0.6555555555555556,1,1,1
79,2.5903000000119207,0.6111111111111112,1,-1,0
79,2.317300000011921,0.5166666666666666,1,-1,1
79,2.414,0.5296296296296297,1,-1,0
79,2.181599999964237,0.5407407407407407,1,1,0
79,3.329099999964237,0.4,0,1,1
79,2.167300000011921,0.5796296296296296,1,-1,1
79,1.838,0.7907407407407407,1,1,1
79,2.306700000047684,0.6888888888888889,1,-1,0
79,1.8087000000476834,0.8870370370370371,1,1,0
79,3.433300000011921,0.48703703703703705,0,-1,1
79,3.6385,0.3407407407407408,0,-1,0
79,1.8415,1,1,1,1
79,3.597300000011921,0.3759259259259259,0,-1,1
79,1.690100000023842,1,1,1,0
79,2.2717000000476837,0.7537037037037038,1,-1,0
79,1.9081000000238422,0.998148148148148,1,1,1
79,1.9690999999642371,1,1,-1,1
79,1.556,0.9296296296296296,1,1,0
79,1.677899999976158,1,1,1,0
79,1.656300000011921,0.6833333333333333,1,-1,1
79,1.764699999988079,0.9333333333333332,1,1,1
79,1.6360999999642372,1,1,-1,0
79,1.994800000011921,0.8296296296296296,1,1,1
79,2.1335,0.7759259259259259,1,-1,1
79,1.5068999999761579,1,1,1,0
79,2.0135,0.8055555555555556,1,-1,0
79,2.037,0.5888888888888889,1,-1,0
79,1.893699999988079,0.624074074074074,1,-1,1
79,1.6567000000476835,0.9722222222222222,1,1,0
79,1.7200999999642372,1,1,1,1
79,1.610399999976158,0.7703703703703704,1,1,0
79,2.397199999988079,0.6537037037037037,1,-1,0
79,1.6935,0.8222222222222222,1,-1,1
79,1.9975999999642373,1,1,1,1
79,1.678899999976158,1,1,1,0
79,1.9237999999523165,1,1,-1,1
79,2.0434000000357626,0.7481481481481482,1,-1,0
79,1.8317999999523165,1,1,1,1
79,1.902300000011921,0.8166666666666667,1,-1,0
79,1.7328999999761578,1,1,-1,1
79,1.5914000000357629,1,1,1,0
79,3.248600000023842,0.537037037037037,1,1,1
79,2.221,0.4481481481481482,1,1,1
79,1.984,0.5722222222222222,1,-1,0
79,1.663899999976158,0.8018518518518518,1,-1,1
79,1.650300000011921,0.4296296296296296,1,1,0
79,2.4965,0.5722222222222222,1,-1,1
79,3.7141999999880793,0.39629629629629626,1,1,1
79,1.773,0.6296296296296297,1,1,0
79,2.114699999988079,0.7,1,-1,0
17,5.095200000047684,0.8240740740740741,1,1,1
17,3.235,0.8796296296296297,1,-1,0
17,2.943900000095367,0.9537037037037036,1,1,0
17,4.075700000047684,0.7175925925925926,1,-1,1
17,2.597399999856949,0.8564814814814815,1,1,1
17,3.3382000000476837,0.7569444444444444,1,-1,0
17,2.414099999904633,0.7685185185185185,1,1,0
17,2.763399999856949,0.7662037037037037,1,-1,1
17,4.247900000095368,0.75,1,-1,1
17,4.707900000095368,0.7152777777777778,1,-1,0
17,2.0615,0.925925925925926,1,1,1
17,2.0915,0.9652777777777778,1,1,0
17,2.512399999856949,0.8726851851851851,1,1,1
17,2.0877999999523165,0.8287037037037037,1,1,0
17,2.5205,0.8263888888888888,1,-1,1
17,3.455400000095367,0.7893518518518519,1,-1,0
17,2.2782000000476836,0.7152777777777778,1,-1,1
17,3.1545,0.8773148148148148,1,-1,0
17,1.8890999999046327,0.8194444444444444,1,1,0
17,1.8625,0.8611111111111112,1,1,1
17,1.7229000000953674,0.8101851851851851,1,1,1
17,2.667799999952316,0.7986111111111112,1,-1,0
17,1.876399999856949,0.7361111111111112,1,1,0
17,2.2896999998092653,0.8240740740740741,1,-1,1
17,2.3078999998569487,0.787037037037037,1,-1,0
17,3.510799999952316,0.7106481481481481,1,-1,1
17,1.74,0.8634259259259259,1,1,0
17,1.6195999999046327,0.912037037037037,1,1,1
17,2.0305,0.8518518518518519,1,-1,0
17,1.9645999999046329,0.8333333333333334,1,-1,1
17,1.8392999999523165,0.849537037037037,1,1,0
17,2.7992000000476835,0.6967592592592593,1,1,1
17,2.130400000095367,0.724537037037037,1,1,0
17,2.194599999904633,0.7361111111111112,1,-1,1
17,2.1102999999523164,0.8055555555555556,1,-1,0
17,1.836,0.8425925925925926,1,1,1
17,2.146,0.7291666666666667,1,-1,1
17,1.9497000000476834,0.6666666666666667,1,1,1
17,1.8025,0.9166666666666666,1,1,0
17,2.106300000190735,0.7893518518518519,1,-1,0
17,3.5553999998569488,0.8518518518518519,1,-1,0
17,1.8657999999523165,0.7361111111111112,1,1,1
17,2.212,0.8194444444444444,1,-1,1
17,1.7302999999523165,0.962962962962963,1,1,0
17,1.6361999998092651,0.9328703703703703,1,1,1
17,2.311399999856949,0.849537037037037,1,-1,1
17,1.6979000000953675,0.8726851851851851,1,1,0
17,4.140400000095368,0.7314814814814814,1,-1,0
17,1.9997999999523166,0.7199074074074074,1,1,0
17,2.2983999998569487,0.6666666666666667,1,1,1
17,2.8448999998569486,0.8611111111111112,1,-1,0
17,2.0282999999523166,0.8587962962962963,1,-1,1
17,4.710400000095367,0.5439814814814814,1,1,0
17,1.6965,0.7569444444444444,1,1,1
17,1.8938999998569488,0.7986111111111112,1,-1,1
17,3.291,0.7199074074074074,1,-1,0
17,2.770699999809265,0.712962962962963,1,1,1
17,1.9325999999046328,0.8888888888888888,1,1,0
17,3.361199999809265,0.9050925925925926,1,-1,0
17,2.059900000095367,0.8888888888888888,1,-1,1
17,1.9619000000953672,0.9074074074074074,1,-1,1
17,2.4955,0.8310185185185185,1,-1,0
17,1.6154000000953674,0.7523148148148149,1,1,1
17,2.103,0.787037037037037,1,1,0
38,3.084399999976158,0.8875,1,-1,0
38,3.052699999988079,0.91,1,1,1
38,3.253,0.8775,1,-1,1
38,2.577399999976158,0.835,1,1,0
38,3.117800000011921,0.935,1,1,1
38,3.388800000011921,0.935,1,1,0
38,3.788199999988079,0.83,1,-1,1
38,4.035300000011921,0.8,1,-1,0
38,4.507800000011921,0.745,1,-1,0
38,3.308800000011921,0.9475,1,1,0
38,4.4275999999642375,0.865,1,-1,1
38,3.003600000023842,0.945,1,1,1
38,4.367600000023842,0.81,1,-1,0
38,3.038399999976158,0.7050000000000001,1,1,1
38,4.541,0.9375,1,1,0
38,3.568700000047684,0.89,1,-1,1
38,5.001,0.795,1,-1,0
38,3.784100000023842,0.88,1,-1,1
38,3.115600000023842,0.9475,1,1,1
38,3.3403000000119207,1,1,1,0
38,2.987300000011921,1,1,1,1
38,3.4805,1,1,1,0
38,4.129299999952316,0.7675,1,-1,0
38,3.491300000011921,0.9275,1,-1,1
38,3.0865,0.97,1,1,1
38,4.087,0.975,1,1,0
38,4.310399999976158,0.7875,1,-1,0
38,3.570199999988079,0.8049999999999999,1,-1,1
38,3.745799999952316,0.9625,1,1,0
38,4.985,0.71,1,-1,0
38,3.226,0.95,1,1,1
38,3.882600000023842,0.845,1,-1,1
38,3.1865,0.92,1,-1,0
38,5.8209000000357625,0.5225,0,1,1
38,4.861300000011921,0.7275,1,1,0
38,3.232600000023842,0.935,1,-1,1
38,6.494400000035763,0.6725,1,1,0
38,3.129399999976158,0.88,1,-1,1
38,3.548699999988079,0.8674999999999999,1,-1,0
38,3.070799999952316,0.79,1,1,1
38,2.9765,0.505,1,1,0
38,3.295199999988079,0.845,1,-1,0
38,3.9857999999523157,0.92,1,-1,1
38,4.178099999964237,0.8825000000000001,1,-1,0
38,3.684699999988079,0.8175,1,-1,1
38,3.0885,0.6950000000000001,1,1,0
38,3.563600000023842,0.54,1,1,1
38,3.219,0.89,1,-1,0
38,3.078600000023842,0.85,1,-1,1
38,4.2866999999880795,0.6875,1,1,1
38,3.200300000011921,0.5825,1,1,0
38,2.730800000011921,0.8275,1,-1,1
38,2.660199999988079,0.875,1,1,0
38,2.4785,0.865,1,-1,0
38,2.548699999988079,0.8825000000000001,1,1,1
38,2.373100000023842,0.905,1,-1,1
38,3.964699999988079,0.9025,1,1,1
38,2.7695,0.95,1,-1,0
38,5.046100000023842,0.825,1,1,0
38,2.3950999999642373,0.775,1,-1,1
38,3.1272999999523163,0.76,1,-1,0
38,3.4335,0.69,1,1,0
38,2.211,0.63,1,1,1
1,2.393,1,1,1,1
1,2.996,0.9305555555555556,1,-1,1
1,2.43,0.9282407407407408,1,1,0
1,2.483,0.9814814814814816,1,-1,0
1,2.931,0.9444444444444444,1,-1,0
1,3.55,0.8402777777777778,1,-1,1
1,2.313,1,1,1,0
1,2.428,0.9953703703703703,1,1,1
1,5.393,0.7824074074074074,1,1,0
1,2.332,0.9745370370370372,1,1,1
1,2.911,0.8472222222222222,1,-1,1
1,2.561,0.9675925925925926,1,-1,0
1,2.308,1,1,1,1
1,2.792,0.8680555555555556,1,1,0
1,2.874,0.8032407407407407,1,-1,1
1,2.268,0.9791666666666666,1,-1,0
1,2.642,0.925925925925926,1,-1,1
1,2.989,0.8912037037037037,1,1,0
1,2.565,0.9722222222222222,1,1,1
1,2.908,1,1,-1,0
1,1.994,1,1,1,1
1,3.121,0.9444444444444444,1,-1,0
1,3.544,0.8518518518518519,1,1,0
1,2.62,0.8726851851851851,1,-1,1
1,2.644,0.8287037037037037,1,1,0
1,3.143,0.8981481481481481,1,-1,1
1,2.57,1,1,1,1
1,2.545,0.9814814814814816,1,-1,0
1,3.123,0.8888888888888888,1,1,0
1,2.656,0.9652777777777778,1,-1,0
1,1.905,0.9930555555555556,1,1,1
1,2.81,0.9097222222222222,1,-1,1
1,3.39,0.8865740740740741,1,-1,1
1,2.333,0.949074074074074,1,1,1
1,2.613,0.9837962962962964,1,-1,0
1,1.988,0.9583333333333334,1,1,0
1,3.091,0.9027777777777778,1,1,0
1,2.679,0.9745370370370372,1,1,1
1,2.551,0.9861111111111112,1,-1,0
1,2.33,0.9861111111111112,1,-1,1
1,2.812,0.9421296296296297,1,-1,0
1,2.557,0.9467592592592592,1,1,0
1,3.234,0.9722222222222222,1,-1,1
1,1.901,1,1,1,1
1,3.512,0.9907407407407408,1,-1,1
1,3.447,1,1,-1,0
1,2.792,1,1,1,1
1,2.425,1,1,1,0
1,3.107,0.962962962962963,1,1,0
1,2.418,1,1,-1,1
1,2.306,0.9837962962962964,1,1,1
1,2.515,1,1,-1,0
1,3.51,1,1,1,1
1,2.555,1,1,-1,1
1,2.643,1,1,-1,0
1,2.184,0.960648148148148,1,1,0
1,3.473,0.9907407407407408,1,-1,1
1,1.853,1,1,1,1
1,3.926,0.976851851851852,1,1,0
1,2.688,1,1,-1,0
1,2.095,1,1,1,1
1,2.578,1,1,-1,0
1,3.066,0.9467592592592592,1,1,0
1,3.141,0.9930555555555556,1,-1,1
119,2.7898000000119207,0.8388888888888889,1,1,0
119,4.622800000011921,0.625,1,-1,1
119,1.6755,0.8055555555555556,1,1,1
119,2.662,0.8833333333333333,1,-1,0
119,1.668,0.9555555555555556,1,1,1
119,2.1818999999761584,0.9152777777777776,1,-1,1
119,1.7773999999761578,1,1,-1,0
119,1.6755,1,1,1,0
119,1.6176000000238422,0.9055555555555556,1,1,0
119,1.680899999976158,0.9222222222222224,1,-1,0
119,1.6592999999523166,0.9875,1,1,1
119,2.7773999999761583,0.8916666666666666,1,-1,1
119,1.647699999988079,0.8916666666666666,1,1,1
119,1.974199999988079,0.9166666666666666,1,-1,1
119,2.644599999964237,0.7375,1,-1,0
119,1.632300000011921,0.8694444444444445,1,1,0
119,2.725299999952316,0.8097222222222222,1,-1,1
119,2.711600000023842,0.8430555555555556,1,-1,0
119,1.606699999988079,0.9138888888888888,1,1,0
119,1.6084000000357628,0.7527777777777778,1,1,1
119,1.6478999999761579,0.9083333333333332,1,-1,1
119,1.8590999999642372,0.7763888888888889,1,1,1
119,2.888199999988079,0.9111111111111112,1,-1,0
119,1.6001000000238421,0.9527777777777776,1,1,0
119,1.792399999976158,0.8444444444444444,1,-1,1
119,1.6609000000357628,0.7652777777777777,1,1,1
119,5.3405,0.7916666666666666,0,1,0
119,2.234,0.8972222222222223,1,-1,0
119,1.588399999976158,0.9222222222222224,1,-1,1
119,1.9165,0.9319444444444444,1,1,0
119,5.892699999988079,0.5652777777777778,1,1,1
119,2.1705999999642374,0.8736111111111111,1,-1,0
119,2.459899999976158,0.8166666666666667,1,1,1
119,1.8215,0.9569444444444444,1,1,0
119,1.542199999988079,1,1,-1,0
119,1.6350999999642373,0.95,1,-1,1
119,2.3941000000238417,0.6013888888888889,1,1,1
119,2.0713999999761583,0.7805555555555556,1,-1,0
119,2.808,0.85,1,-1,1
119,2.001199999988079,0.9638888888888888,1,1,0
119,2.3589000000357627,0.7583333333333333,1,-1,0
119,1.7043999999761579,0.8930555555555556,1,1,0
119,1.7204000000357629,0.9013888888888888,1,-1,1
119,2.214800000011921,0.9305555555555556,1,-1,0
119,2.020300000011921,0.7375,1,1,0
119,2.151200000047684,0.7444444444444445,1,1,1
119,1.6852000000476834,0.8347222222222223,1,-1,1
119,4.378899999976158,0.6069444444444445,1,-1,0
119,1.699,0.7347222222222223,1,1,1
119,1.5845,0.8194444444444444,1,-1,1
119,1.7871000000238422,0.9083333333333332,1,1,0
119,1.772699999988079,0.8805555555555555,1,-1,1
119,5.607600000023842,0.5375,1,1,0
119,1.7714000000357628,0.7916666666666666,1,-1,0
119,1.630300000011921,0.9041666666666668,1,1,1
119,1.7396999999880791,0.675,1,1,0
119,2.921300000011921,0.4986111111111111,1,1,1
119,1.8684000000357628,0.8263888888888888,1,-1,0
119,1.6718000000119209,0.8513888888888889,1,-1,1
119,1.649,0.8333333333333334,1,-1,1
119,2.1155,0.6458333333333333,1,1,0
119,1.719699999988079,0.8777777777777778,1,-1,0
119,1.898800000011921,0.9375,1,1,1
128,1.7655,0.9897959183673468,1,1,1
128,2.813600000023842,0.6802721088435374,1,-1,0
128,1.6370999999642373,0.75,1,1,0
128,2.342699999988079,0.8129251700680272,1,-1,1
128,2.307300000011921,0.9251700680272108,1,-1,1
128,5.316399999976158,0.7091836734693877,1,-1,0
128,3.791300000011921,1,1,1,0
128,1.7956000000238421,1,1,1,1
128,2.320399999976158,0.6547619047619048,1,-1,0
128,1.8540999999642371,0.6938775510204082,1,-1,1
128,1.836699999988079,0.8979591836734694,1,1,1
128,2.4428000000119208,0.9965986394557824,1,1,0
128,2.551600000023842,0.814625850340136,1,-1,1
128,2.152,0.8707482993197279,1,-1,0
128,1.9403999999761579,0.9948979591836736,1,1,1
128,1.6120999999642371,1,1,1,0
128,2.637100000023842,0.8401360544217686,1,-1,1
128,1.7795,0.8809523809523809,1,-1,0
128,1.6604000000357628,0.9489795918367347,1,1,1
128,1.7446000000238422,1,1,1,0
128,1.7486000000238422,1,1,1,1
128,1.915199999988079,0.8724489795918368,1,-1,0
128,1.756100000023842,0.9013605442176872,1,-1,1
128,2.0295999999642373,0.29421768707483,0,1,0
128,1.7369000000357628,1,1,1,1
128,1.616,1,1,1,0
128,2.053799999952316,0.7721088435374149,1,-1,0
128,2.3432000000476836,0.8707482993197279,1,-1,1
128,2.008699999988079,0.9710884353741496,1,-1,1
128,1.749,1,1,-1,0
128,1.501899999976158,1,1,1,1
128,1.6895999999642373,1,1,1,0
128,2.414,0.8503401360544218,1,-1,0
128,1.7816999999880792,0.9506802721088436,1,1,0
128,1.765,1,1,1,1
128,1.939100000023842,0.8316326530612245,1,-1,1
128,2.108899999976158,0.7261904761904762,1,-1,0
128,1.826,0.9863945578231292,1,1,0
128,3.690200000047684,1,1,-1,1
128,1.5945,1,1,1,1
128,2.7905,0.9761904761904762,1,-1,1
128,1.3495,0.9846938775510204,1,1,1
128,1.770600000023842,0.9489795918367347,1,-1,0
128,1.834899999976158,0.9829931972789115,1,1,0
128,2.592699999988079,0.9421768707482994,1,-1,1
128,1.6982999999523165,0.9931972789115646,1,1,1
128,1.7204000000357629,0.967687074829932,1,1,0
128,1.850800000011921,1,1,-1,0
128,1.7813999999761578,0.9982993197278912,1,1,1
128,1.769300000011921,0.9727891156462584,1,-1,1
128,1.9784000000357629,1,1,-1,0
128,1.7355,1,1,1,0
128,1.6944000000357629,1,1,1,1
128,2.072299999952316,1,1,-1,1
128,1.987,1,1,-1,0
128,1.989300000011921,1,1,1,0
128,2.2735,0.717687074829932,1,1,0
128,1.9923000000119209,0.8809523809523809,1,-1,1
128,1.7695,0.9982993197278912,1,1,1
128,2.029,0.9336734693877552,1,-1,0
128,1.848,1,1,-1,0
128,1.9025,0.8537414965986394,1,1,0
128,2.149,1,1,-1,1
128,1.5412999999523165,1,1,1,1
135,2.3471999999880793,0.8870370370370371,1,1,0
135,1.7442999999821187,0.6574074074074074,1,1,1
135,2.066,0.8722222222222222,1,-1,1
135,2.7860999999940397,1,1,-1,0
135,3.2557000000178813,0.7185185185185186,1,-1,1
135,2.5837999999821184,1,1,-1,0
135,2.3565999999940397,0.7981481481481482,1,1,0
135,1.9951999999880792,0.9037037037037036,1,1,1
135,2.621,0.7814814814814814,1,-1,0
135,3.181300000011921,0.5648148148148149,1,-1,1
135,3.658099999994039,0.4814814814814815,0,1,0
135,2.6580999999940396,0.7722222222222223,1,1,1
135,2.3429000000059603,0.8296296296296296,1,-1,1
135,3.1276999999880792,0.9444444444444444,1,-1,0
135,4.216700000017881,0.2222222222222222,1,1,0
135,2.4475999999940394,0.3037037037037037,0,1,1
135,2.938,0.29814814814814816,1,-1,1
135,2.5715,0.85,0,1,1
135,1.8467999999821183,1,1,1,0
135,1.911,0.7666666666666666,1,-1,0
135,1.856800000011921,1,1,-1,0
135,3.1455,0.2851851851851852,0,1,0
135,2.366,1,1,-1,1
135,1.825199999988079,1,1,1,1
135,2.4500999999940394,0.6666666666666667,1,-1,0
135,2.0430999999940394,1,1,1,0
135,1.647399999976158,1,1,1,1
135,1.6275999999940396,1,1,-1,1
135,1.680899999976158,0.2962962962962963,1,1,1
135,1.600300000011921,0.9388888888888888,1,1,0
135,2.1660999999940396,0.8018518518518518,1,-1,0
135,2.233699999988079,0.9333333333333332,1,-1,1
135,1.8584000000059604,0.7518518518518519,1,-1,1
135,1.6765,1,1,1,0
135,1.961800000011921,0.9574074074074074,1,-1,0
135,1.5832000000178814,1,1,1,1
135,1.9244000000059605,0.22777777777777777,1,-1,1
135,1.4803000000119209,1,1,1,0
135,1.7417000000178815,1,1,-1,0
135,1.719,1,1,1,1
135,1.679,1,1,-1,1
135,1.5859000000059604,1,1,1,1
135,1.6675,0,0,1,0
135,2.0777999999821186,0.23518518518518516,1,-1,0
135,1.42,1,1,1,1
135,1.5364000000059606,0.8592592592592593,1,1,0
135,3.3435999999940393,0.12037037037037036,1,-1,0
135,1.521199999988079,1,0,-1,1
135,1.6125,0.9944444444444444,1,1,1
135,1.6372999999821185,0.26296296296296295,1,-1,0
135,1.667300000011921,0.7685185185185185,1,1,0
135,1.5487000000178814,0.4111111111111111,0,-1,1
135,1.673699999988079,0.8185185185185185,1,-1,0
135,1.8032000000178816,1,1,1,0
135,1.4980999999940396,1,1,1,1
135,1.9686000000238422,1,1,-1,1
135,2.0598000000119208,0.30000000000000004,1,-1,0
135,1.4135,1,1,1,0
135,1.834,0.975925925925926,1,-1,1
135,1.421199999988079,0.75,1,1,1
135,1.578,1,1,1,1
135,1.571,1,1,1,0
135,1.78,1,1,-1,1
135,1.675699999988079,0.9055555555555556,1,-1,0
13,3.1515999999996276,1,1,-1,1
13,2.4224000000003727,1,1,1,0
13,2.7069000000003727,1,1,-1,0
13,6.905900000000373,1,1,1,1
13,2.3644000000003724,1,1,-1,1
13,2.493700000001118,1,1,-1,0
13,2.022,1,1,1,0
13,2.2800999999996274,1,1,1,1
13,2.481199999999255,1,1,-1,0
13,1.9804000000003723,1,1,-1,1
13,2.74310000000149,1,1,1,0
13,3.0250999999996275,1,1,1,1
13,2.000599999999628,1,1,-1,0
13,1.6875,1,1,1,0
13,2.424,1,1,-1,1
13,1.9544000000003723,1,1,1,1
13,2.3,1,1,-1,1
13,1.6589000000003724,0.9888888888888888,1,1,0
13,1.637800000000745,0.9777777777777776,1,1,1
13,1.6545,0.9694444444444444,1,-1,0
13,2.026800000000745,0.9861111111111112,0,-1,0
13,2.0442999999988825,1,1,-1,1
13,1.6435,1,1,1,1
13,2.389,1,1,1,0
13,3.1747999999988825,1,1,1,1
13,1.671300000000745,1,1,-1,0
13,1.8610999999996276,1,1,1,0
13,1.5805999999996276,1,1,-1,1
13,1.896300000000745,1,1,-1,1
13,1.9635999999996276,1,1,1,1
13,1.731800000000745,1,1,-1,0
13,4.157200000001118,1,1,1,0
13,1.6045999999996277,1,1,1,1
13,2.269,1,1,1,0
13,1.7472999999988823,1,1,-1,1
13,2.322699999999255,1,1,-1,0
13,1.587,1,1,1,0
13,1.7776999999992549,0.9777777777777776,1,-1,0
13,4.503099999999628,1,1,-1,1
13,2.5627999999988824,1,1,1,1
13,1.626800000000745,1,1,1,1
13,1.9338000000007451,1,1,1,0
13,2.689800000000745,1,1,-1,0
13,1.943699999999255,1,0,-1,1
13,3.3082000000011176,1,1,-1,1
13,2.0257000000011174,1,1,-1,0
13,2.5550999999996273,1,1,1,0
13,1.745800000000745,1,1,1,1
13,1.5975999999996278,1,1,1,1
13,3.3267000000011175,1,1,-1,1
13,2.487300000000745,1,1,-1,0
13,1.7324000000003723,1,1,1,0
13,2.6834000000003724,1,1,1,1
13,2.0735999999996273,0.9888888888888888,1,-1,0
13,2.222,1,1,1,0
13,2.4275999999996274,1,1,-1,1
13,1.8767000000011176,1,1,1,0
13,2.2355,1,1,-1,1
13,1.5590999999996278,1,1,1,1
13,2.001699999999255,1,1,-1,0
13,1.6355,1,0,-1,1
13,1.618,1,1,1,0
13,1.6280999999996277,0.9722222222222222,1,1,1
13,1.9872000000011176,1,1,-1,0
69,5.4248000000119205,0.46064814814814814,1,-1,1
69,4.004599999964237,0.5601851851851851,1,-1,0
69,2.066899999976158,1,1,1,1
69,4.4085,0.4351851851851852,1,1,0
69,2.0117000000476835,0.9976851851851852,1,1,1
69,2.693299999952316,0.8333333333333334,1,1,0
69,2.442900000035763,0.7777777777777778,1,-1,0
69,2.8147999999523163,0.5949074074074074,1,-1,1
69,2.346899999976158,0.8032407407407407,1,-1,1
69,1.8545,1,1,1,1
69,2.513199999988079,0.7592592592592593,1,-1,0
69,1.9464000000357629,0.9722222222222222,1,1,0
69,2.283,1,1,1,1
69,4.851100000023842,0.6180555555555556,1,1,0
69,2.216800000011921,0.712962962962963,1,-1,0
69,2.122400000035763,0.9675925925925926,1,-1,1
69,2.130699999988079,0.787037037037037,1,-1,1
69,1.793,0.9444444444444444,1,1,1
69,2.1907999999523162,0.8541666666666666,1,-1,0
69,1.9750999999642371,0.6875,1,1,0
69,1.8878000000119208,0.6851851851851851,1,-1,0
69,1.892199999988079,0.9328703703703703,1,1,1
69,1.895100000023842,0.8587962962962963,1,-1,1
69,2.301300000011921,0.7685185185185185,1,1,0
69,3.2835999999642373,0.7222222222222222,1,-1,1
69,2.415199999988079,0.7314814814814814,1,1,1
69,6.436699999988079,0.5046296296296297,0,1,0
69,2.160199999988079,0.6203703703703703,1,-1,0
69,1.8515,0.7476851851851851,1,1,1
69,2.5618999999761582,0.5092592592592593,1,1,0
69,2.020699999988079,0.7777777777777778,1,-1,0
69,2.271899999976158,0.5486111111111112,1,-1,1
69,2.421200000047684,0.5902777777777778,1,-1,0
69,2.445800000011921,0.8564814814814815,1,1,1
69,1.9115999999642372,0.5578703703703703,1,-1,1
69,3.0895999999642374,0.6458333333333333,1,1,0
69,2.039399999976158,0.537037037037037,1,-1,0
69,1.917,0.9166666666666666,1,1,1
69,2.303,0.4282407407407407,1,-1,1
69,2.528399999976158,0.5439814814814814,1,1,0
69,3.102099999964237,0.6296296296296297,1,1,1
69,1.7777000000476835,0.4375,1,-1,1
69,5.205,0.5277777777777778,1,1,0
69,2.2585,0.4814814814814815,1,-1,0
69,2.381600000023842,0.6342592592592593,1,-1,1
69,2.249899999976158,0.6111111111111112,1,1,0
69,2.145300000011921,0.7592592592592593,1,1,1
69,2.113800000011921,0.6388888888888888,1,-1,0
69,2.815300000011921,0.6041666666666667,1,-1,0
69,2.272800000011921,0.75,1,1,0
69,2.369,0.4814814814814815,1,-1,1
69,2.1946000000238417,0.7685185185185185,1,1,1
69,3.004100000023842,0.6157407407407407,1,-1,0
69,2.0840999999642373,0.6481481481481481,1,-1,1
69,1.8926999999880791,0.8472222222222222,1,1,0
69,3.093699999988079,0.5532407407407407,1,1,1
69,2.760800000011921,0.7037037037037037,1,-1,1
69,1.9911999999880792,0.9675925925925926,1,1,0
69,2.5095,0.712962962962963,1,-1,0
69,2.341800000011921,0.8240740740740741,1,1,1
69,2.6226000000238416,0.787037037037037,1,-1,1
69,1.934,0.8888888888888888,1,1,0
69,2.154899999976158,0.7847222222222222,1,1,1
69,3.559699999988079,0.5833333333333333,1,-1,0
5,2.87710000000149,0.6192087950529875,1,-1,0
5,2.020800000000745,0.9711088251184534,1,1,1
5,1.9325,1,0,-1,1
5,1.8327999999988824,0.9648620464183666,1,1,0
5,2.134,0.7066632023564092,1,-1,0
5,3.0242999999988824,0.6087974972195096,1,-1,1
5,1.8350999999996278,1,1,1,1
5,2.997,0.6504424766257957,1,1,0
5,1.719,0.9971369284170644,1,1,0
5,1.9975999999996277,0.6494014174849898,1,-1,1
5,2.1827999999988825,1,1,1,1
5,1.9775,0.8024466479266131,1,-1,0
5,1.791,0.7587194089536313,1,-1,0
5,1.9846000000014898,0.7732951552779586,1,-1,1
5,1.8525,1,1,1,1
5,1.658300000000745,1,0,1,0
5,1.76410000000149,0.7472670519793475,1,-1,0
5,1.698699999999255,1,1,1,1
5,1.911199999999255,0.8368037188494647,1,-1,1
5,1.6975,1,1,1,0
5,1.8949000000003724,1,1,-1,1
5,2.894,0.5036440248842593,1,1,0
5,1.9587000000011177,0.675429520783601,1,-1,0
5,1.910300000000745,1,1,1,1
5,1.906,1,1,1,0
5,2.000699999999255,0.6421135090015553,1,1,1
5,2.870300000000745,0.6035919189453125,1,-1,0
5,2.3845,0.6546069957591869,1,-1,1
5,2.142,0.7316502465142144,1,1,0
5,2.349199999999255,0.6212910546196831,1,-1,1
5,2.0655,1,1,1,1
5,2.192,1,1,-1,0
5,1.9944000000003723,0.6441957685682509,1,-1,0
5,1.9270999999996277,0.9877667956882052,1,1,1
5,2.1899000000003723,0.6889640666820385,1,-1,1
5,2.237,1,1,1,0
5,2.4135999999996276,0.5286309277569806,1,1,0
5,1.894300000000745,0.7743362850613065,1,1,1
5,2.4390999999996277,0.7764185446280021,1,-1,1
5,2.348800000000745,0.9190525831999602,1,-1,0
5,2.1512000000011176,0.6462779574924045,1,-1,1
5,1.9619000000003723,0.6795939692744501,1,-1,0
5,2.3809000000003726,0.6827172879819516,0,1,0
5,1.7685999999996278,0.8326392703586154,1,1,1
5,3.039699999999255,0.5171785707826968,1,1,1
5,2.121199999999255,0.9856845361215096,1,-1,0
5,2.104,0.940916202686451,1,-1,1
5,2.35689999999851,0.31311826352719907,0,1,0
5,1.934,0.9960957633124458,1,1,1
5,1.9411999999992549,1,1,-1,1
5,1.9259000000003723,1,1,1,0
5,1.842,0.93675168355306,1,-1,0
5,1.8882999999988823,0.760801597877785,1,1,0
5,1.901699999999255,0.5244664792661313,1,-1,1
5,1.759,0.7306089754457827,1,-1,0
5,2.4205999999996273,0.9336283295242874,1,1,1
5,1.7902999999988825,0.952368559660735,1,1,0
5,1.8132999999988824,0.8388859077736184,1,-1,0
5,1.8565,0.8440916273328993,1,-1,1
5,1.7675,0.99921918798376,1,1,1
5,1.629199999999255,1,1,1,1
5,1.718699999999255,0.8149401346842448,1,-1,0
5,3.0870999999996274,0.8159812644675926,0,1,0
5,2.0292000000011177,0.7920354207356771,1,-1,1
89,2.8852999999523163,0.5546875,1,1,0
89,3.0162000000476836,0.3203125,1,1,1
89,2.888099999964237,0.8385416666666666,1,-1,0
89,3.580199999988079,0.9010416666666666,1,-1,1
89,4.123400000035763,0.9036458333333334,1,-1,0
89,2.4613000000119207,0.45833333333333337,1,1,0
89,2.819300000011921,0.8046875,1,1,1
89,2.849,0.8046875,1,-1,1
89,4.0485,0.484375,1,1,0
89,3.199199999988079,0.8932291666666666,1,-1,0
89,2.942,0.8932291666666666,1,-1,1
89,4.012800000011921,0.37760416666666663,1,1,1
89,2.3962999999523165,0.8098958333333334,1,-1,0
89,2.43,0.8229166666666666,1,-1,1
89,2.5006000000238418,0.8229166666666666,1,1,0
89,3.4308000000119208,0.45572916666666663,1,1,1
89,2.397099999964237,0.45572916666666663,1,-1,0
89,2.3726000000238416,0.40625,1,1,1
89,2.0736000000238417,0.6692708333333333,1,1,0
89,2.1560999999642374,0.9010416666666666,1,-1,1
89,2.5969000000357627,0.9010416666666666,1,-1,1
89,1.945300000011921,0.9635416666666666,1,1,0
89,2.3827999999523164,0.5286458333333333,1,1,1
89,1.9494000000357627,0.8203125,1,-1,0
89,1.9315,0.8984375,1,1,0
89,2.079200000047684,0.8984375,1,-1,0
89,2.9623999999761583,0.5598958333333333,1,1,1
89,1.9905,0.8515625,1,-1,1
89,2.0224000000357627,0.8515625,0,1,1
89,2.733699999988079,0.9947916666666666,1,1,0
89,2.772099999964237,0.921875,1,-1,0
89,2.555899999976158,0.8776041666666666,1,-1,1
89,3.7004000000357626,0.33333333333333337,0,-1,1
89,2.551199999988079,0.8541666666666666,1,1,0
89,2.2855,0.890625,1,1,1
89,3.951699999988079,0.6041666666666667,1,-1,0
89,1.9683999999761579,0.8229166666666666,1,1,1
89,2.553300000011921,0.7447916666666667,1,-1,0
89,5.569100000023842,0.27083333333333337,0,1,0
89,2.687399999976158,0.5625,1,-1,1
89,3.498,0.18229166666666663,1,-1,0
89,2.989899999976158,0.6432291666666667,1,1,0
89,1.906800000011921,0.6588541666666667,1,1,1
89,3.036300000011921,0.43489583333333337,1,-1,1
89,2.0447999999523163,0.75,1,1,0
89,2.38,0.4609375,1,-1,1
89,2.801899999976158,0.5,1,-1,0
89,2.7535,0.6979166666666667,1,1,1
89,2.151300000011921,0.7369791666666667,1,1,1
89,2.424800000011921,0.5364583333333333,1,-1,1
89,2.227899999976158,0.625,1,1,0
89,3.875399999976158,0.6614583333333333,1,-1,0
89,2.041300000011921,0.7552083333333334,1,1,1
89,2.753600000023842,0.7369791666666667,1,1,0
89,3.8503999999761582,0.7291666666666667,1,-1,0
89,2.9485,0.5625,1,-1,1
89,1.8005,0.8098958333333334,1,1,0
89,1.909300000011921,0.6901041666666667,0,-1,1
89,2.020100000023842,0.6171875,0,-1,0
89,2.963399999976158,0.34114583333333337,1,1,1
89,3.308199999988079,0.6015625,0,1,1
89,2.513699999988079,0.578125,1,-1,0
89,2.225300000011921,0.609375,1,-1,1
89,2.4919000000357627,0.640625,1,1,0
29,2.1056000000238417,0.5509259259259259,1,1,0
29,2.3458000000715256,0.39814814814814814,1,-1,1
29,2.836899999976158,0.24537037037037035,1,-1,0
29,2.775899999976158,0.33564814814814814,1,1,1
29,3.163399999976158,0.25,1,-1,1
29,2.107,0.4930555555555556,1,1,0
29,2.4575,0.3194444444444444,1,-1,0
29,3.1096000000238417,0.25231481481481477,0,1,1
29,2.616899999976158,0.5,0,1,1
29,2.4412999999523164,0.41666666666666663,1,1,0
29,2.343400000095367,0.775462962962963,1,-1,0
29,2.1498000000715254,0.7106481481481481,1,-1,1
29,2.485600000023842,0.3842592592592593,1,-1,0
29,2.501100000023842,0.5902777777777778,0,1,0
29,2.2618000000715255,0.39814814814814814,1,-1,1
29,2.848900000095367,0.6875,1,1,1
29,2.9725,0.537037037037037,0,1,1
29,1.9548000000715255,0.8472222222222222,1,-1,0
29,2.147,0.4027777777777778,1,-1,1
29,2.084,0.30092592592592593,1,1,0
29,3.273099999904633,0.4398148148148148,0,1,0
29,3.981299999952316,0.6782407407407407,0,1,1
29,3.299400000095367,0.537037037037037,1,-1,0
29,2.935600000023842,0.2962962962962963,1,-1,1
29,2.2095,0.6134259259259259,1,-1,0
29,2.3377000000476835,0.3611111111111112,0,1,1
29,2.2732999999523162,0.6967592592592593,1,-1,1
29,2.219899999976158,0.8865740740740741,1,1,0
29,2.3818000000715256,0.4375,0,1,0
29,2.6482999999523162,0.25462962962962965,0,-1,1
29,2.1715,0.4652777777777778,1,-1,0
29,2.344099999904633,0.6944444444444444,0,1,1
29,2.176,0.5810185185185186,1,-1,1
29,2.7815,0.28935185185185186,0,1,1
29,2.382,0.7592592592592593,1,-1,0
29,1.8577999999523165,0.7060185185185186,1,1,0
29,2.1478000000715256,0.3819444444444444,1,-1,0
29,1.841,0.6921296296296297,1,-1,1
29,2.305600000023842,0.6597222222222222,1,1,0
29,2.300100000023842,0.33333333333333337,0,1,1
29,1.8998000000715256,0.6712962962962963,1,1,1
29,2.3935,0.3564814814814815,1,-1,0
29,1.935,0.5833333333333333,1,-1,1
29,2.043100000023842,0.7939814814814815,1,1,0
29,1.9675,0.31712962962962965,0,1,1
29,2.4256999999284745,0.6296296296296297,1,-1,0
29,2.3396000000238417,0.3055555555555556,1,-1,1
29,2.542600000023842,0.46990740740740744,1,1,0
29,2.0866999999284745,0.3194444444444444,1,-1,0
29,2.1912999999523164,0.5115740740740741,0,1,1
29,2.0297000000476837,0.6944444444444444,1,-1,1
29,2.1136000000238417,0.8333333333333334,1,1,0
29,2.0671000000238418,0.23379629629629628,1,-1,0
29,2.4156999999284743,0.5648148148148149,1,1,0
29,2.1242000000476837,0.2962962962962963,1,1,1
29,1.832399999976158,0.5833333333333333,1,-1,1
29,2.2027000000476837,0.7986111111111112,1,-1,0
29,1.904600000023842,0.2685185185185185,1,-1,1
29,2.245600000023842,0.7476851851851851,0,1,1
29,2.122,0.8726851851851851,1,1,0
29,2.3598999999761583,0.5277777777777778,1,1,1
29,1.985899999976158,0.6273148148148149,1,-1,0
29,2.4055,0.3912037037037037,0,1,0
29,1.9519000000953672,0.6782407407407407,1,-1,1
33,2.3435,0.6673151750972763,1,1,0
33,2.2135999999996274,0.8404669260700389,1,1,1
33,2.943,0.5817120622568093,1,-1,0
33,3.345199999999255,0.5350194552529183,1,-1,1
33,3.0209000000003727,0.6498054474708171,1,-1,1
33,3.3467999999988822,0.7237354085603113,1,1,0
33,2.903,0.7490272373540856,1,-1,0
33,2.047199999999255,0.8229571984435797,1,1,1
33,2.7524000000003723,0.8015564202334631,1,-1,1
33,1.953,0.8501945525291829,1,1,0
33,2.7390999999996275,0.8190661478599222,1,-1,0
33,1.9884000000003723,0.8365758754863813,1,1,1
33,1.9836999999992548,0.8385214007782101,1,1,0
33,2.552800000000745,0.7665369649805447,1,-1,0
33,1.9227000000011176,0.7898832684824902,1,1,1
33,2.7220999999996276,0.811284046692607,1,-1,1
33,2.0782000000011176,0.8424124513618677,1,-1,0
33,1.881199999999255,0.8696498054474708,1,1,1
33,2.1201000000014902,0.8190661478599222,1,-1,1
33,2.7680999999996274,0.7178988326848249,1,1,0
33,2.2100999999996276,0.7665369649805447,1,1,1
33,3.08810000000149,0.6926070038910506,1,1,0
33,2.34489999999851,0.7957198443579767,1,-1,1
33,2.45760000000149,0.8424124513618677,1,-1,0
33,2.3012000000011175,0.8171206225680934,1,-1,1
33,2.216,0.7684824902723735,1,-1,0
33,2.096,0.6556420233463035,1,1,1
33,3.13689999999851,0.5544747081712063,1,1,0
33,2.0920999999996273,0.7490272373540856,1,1,1
33,2.3920999999996275,0.7587548638132295,1,-1,0
33,2.592800000000745,0.791828793774319,1,-1,1
33,2.423300000000745,0.7587548638132295,1,1,0
33,3.2215,0.4980544747081712,1,-1,1
33,2.597800000000745,0.7373540856031129,1,-1,0
33,1.7560999999996276,0.8715953307392996,1,1,0
33,2.218699999999255,0.6420233463035019,1,1,1
33,2.0435,0.7762645914396887,1,1,1
33,3.2675999999996277,0.6614785992217899,1,1,0
33,2.8543999999985097,0.6789883268482491,1,-1,1
33,2.742199999999255,0.7081712062256809,1,-1,0
33,2.254699999999255,0.7334630350194553,1,1,0
33,2.7560999999996274,0.745136186770428,1,-1,0
33,1.8307999999988824,0.8268482490272373,1,1,1
33,3.8116000000014902,0.7120622568093385,1,-1,1
33,2.1245,0.7373540856031129,1,1,0
33,2.4584000000003727,0.7490272373540856,1,-1,0
33,2.7685,0.72568093385214,1,-1,1
33,2.3405,0.7996108949416343,1,1,1
33,2.339699999999255,0.8326848249027238,1,-1,0
33,2.2970999999996273,0.7665369649805447,1,1,0
33,2.1121000000014902,0.8638132295719845,1,1,1
33,2.355699999999255,0.8287937743190661,1,-1,1
33,2.543,0.8210116731517509,1,-1,1
33,2.6790999999996274,0.8482490272373541,1,-1,0
33,2.3127000000011178,0.8638132295719845,1,1,0
33,2.275,0.8929961089494164,1,1,1
33,1.9229000000003722,0.8813229571984436,1,1,1
33,2.5444000000003726,0.7062256809338521,1,-1,1
33,2.246699999999255,0.8151750972762646,1,1,0
33,2.361,0.8249027237354085,1,-1,0
33,3.1919000000003726,0.8618677042801557,1,-1,0
33,2.1555,0.867704280155642,1,1,0
33,3.5605999999996274,0.6614785992217899,1,-1,1
33,2.303300000000745,0.7821011673151751,1,1,1
199,2.582699999809265,0.4388888888888889,0,1,0
199,2.4153000001907348,0.5625,1,-1,1
199,1.8905999999046328,0.4902777777777778,1,-1,0
199,1.9217000002861022,0.6236111111111111,1,1,1
199,1.9596999998092652,0.5875,1,-1,1
199,1.7,0.7680555555555555,1,1,1
199,1.5415,0.44027777777777777,1,1,0
199,1.774,0.49583333333333335,1,-1,0
199,1.8195999999046328,0.6694444444444445,1,-1,0
199,2.042799999713898,0.6805555555555556,1,1,0
199,2.049,0.4472222222222222,1,-1,1
199,1.6640999999046326,0.6805555555555556,1,1,1
199,2.159699999809265,0.4708333333333333,1,1,0
199,2.627099999904633,0.55,1,-1,1
199,1.704,0.7694444444444444,1,1,1
199,1.8534000000953672,0.6402777777777777,1,-1,0
199,2.3361999998092653,0.5888888888888889,1,-1,1
199,1.7665999999046327,0.6486111111111111,0,1,1
199,1.9593999996185305,0.6847222222222222,1,1,0
199,1.826,0.3916666666666667,1,-1,0
199,1.7544000000953675,0.6569444444444444,1,-1,0
199,1.631,0.7916666666666666,1,-1,1
199,2.139599999904633,0.21666666666666667,1,1,1
199,2.10339999961853,0.6125,1,1,0
199,1.7306000003814694,0.7152777777777778,1,1,0
199,2.329800000190735,0.5055555555555555,0,1,1
199,1.7259000000953675,0.6319444444444444,1,-1,0
199,2.0111000003814694,0.8611111111111112,1,-1,1
199,1.8936999998092652,0.6027777777777779,1,1,0
199,1.7206999998092651,0.7333333333333334,1,1,1
199,1.7898999996185305,0.7097222222222221,1,-1,0
199,1.859,0.6611111111111111,1,-1,1
199,1.709800000190735,0.7569444444444444,1,-1,1
199,1.7102999997138977,0.3916666666666667,1,-1,0
199,2.455800000190735,0.8180555555555555,1,1,1
199,1.8246999998092652,0.7333333333333334,1,1,0
199,1.831,0.8027777777777778,1,1,1
199,1.4905999999046327,0.7486111111111111,1,-1,1
199,2.397099999904633,0.8194444444444444,1,1,0
199,1.762,0.7097222222222221,1,-1,0
199,1.7126999998092651,0.9458333333333332,1,1,1
199,2.127699999809265,0.32499999999999996,1,-1,1
199,1.508,0.8527777777777777,1,1,0
199,1.8812999997138977,0.5194444444444444,1,-1,0
199,1.643,0.32499999999999996,1,-1,0
199,1.854699999809265,0.75,1,1,0
199,1.745,0.3652777777777778,1,-1,1
199,1.5755999999046326,0.7972222222222223,1,1,1
199,1.5594000000953674,0.7986111111111112,1,1,1
199,1.6294000000953675,0.8388888888888889,1,-1,0
199,1.8205999999046327,0.8444444444444444,0,1,0
199,1.650699999809265,0.85,1,-1,1
199,1.7208999996185306,0.7944444444444445,1,-1,1
199,1.913,0.43333333333333335,0,1,0
199,1.6996999998092652,0.8305555555555555,1,-1,0
199,2.39289999961853,0.2861111111111111,0,1,1
199,2.1225,0.9430555555555556,1,-1,1
199,2.142099999904633,0.20972222222222223,0,1,1
199,1.913,0.7458333333333333,1,1,0
199,2.372599999904633,0.4055555555555555,1,-1,0
199,1.903800000190735,0.31805555555555554,1,-1,0
199,1.8244000000953673,0.9916666666666668,1,-1,1
199,1.708,0.5861111111111111,1,1,1
199,2.0895,0.775,1,1,0
27,2.2274000000003724,0.8619791666666666,1,1,1
27,2.5932000000011177,0.6770833333333333,1,-1,0
27,2.769,0.6796875,1,1,0
27,2.5944000000003724,0.8385416666666666,1,-1,1
27,2.6160999999996273,0.8046875,1,-1,1
27,2.4355999999996274,0.7239583333333333,1,1,0
27,2.3939000000003725,0.9114583333333334,1,1,1
27,2.393199999999255,0.8671875,1,-1,0
27,2.1685999999996275,0.9635416666666666,1,-1,0
27,2.1139000000003727,0.8463541666666666,1,1,1
27,2.649,0.8411458333333334,1,1,0
27,2.327699999999255,0.890625,1,-1,1
27,2.6327999999988823,0.8776041666666666,1,1,1
27,2.3515,0.8489583333333334,1,-1,0
27,2.4565999999996273,0.890625,1,-1,1
27,2.2320999999996274,0.6822916666666667,1,1,0
27,1.874800000000745,0.8802083333333334,1,1,0
27,2.1504000000003725,0.96875,1,-1,0
27,1.9720999999996276,0.8776041666666666,1,1,1
27,2.3775999999996276,0.8776041666666666,1,-1,1
27,2.064,0.8880208333333334,1,-1,0
27,2.722,0.6875,1,1,1
27,2.6069000000003726,0.8229166666666666,1,1,0
27,2.302,0.9375,1,-1,1
27,2.484800000000745,0.90625,1,-1,0
27,2.360699999999255,0.8828125,1,-1,1
27,2.855199999999255,0.6875,1,1,1
27,2.2850999999996273,0.875,1,1,0
27,2.873,0.6927083333333333,1,1,0
27,2.427,0.7838541666666666,1,1,1
27,2.554300000000745,0.9166666666666666,1,-1,0
27,2.108,0.96875,1,-1,1
27,2.6584000000003725,0.7942708333333334,0,1,0
27,2.1600999999996273,0.8411458333333334,1,1,1
27,2.365,0.9140625,1,-1,1
27,2.3355999999996273,0.9140625,1,-1,0
27,3.0419000000003726,0.6354166666666667,1,1,0
27,2.496199999999255,0.9322916666666666,1,-1,1
27,2.358300000000745,0.7760416666666666,1,1,1
27,2.3819000000003725,0.9166666666666666,1,-1,0
27,2.9389000000003724,0.9088541666666666,0,1,0
27,2.2595,0.8255208333333334,1,1,1
27,1.8912000000011175,0.9010416666666666,1,-1,1
27,2.692199999999255,0.9010416666666666,1,-1,0
27,3.4289000000003726,0.5859375,1,1,0
27,2.4208999999985097,0.9453125,1,-1,0
27,3.1465,0.8541666666666666,1,1,1
27,2.3895,0.8723958333333334,1,-1,1
27,2.2875,0.9114583333333334,1,-1,1
27,2.1804000000003727,0.8854166666666666,1,1,0
27,2.0589000000003725,0.9296875,1,-1,0
27,2.2839000000003726,0.7994791666666666,1,1,1
27,1.8913000000007452,0.9296875,1,-1,1
27,1.9175999999996276,0.9635416666666666,1,-1,0
27,1.913199999999255,0.8932291666666666,1,1,0
27,2.408300000000745,0.6901041666666667,1,1,1
27,2.724199999999255,0.6458333333333333,1,1,1
27,2.1505999999996273,0.8958333333333334,1,-1,0
27,1.9575,0.9661458333333334,1,-1,1
27,1.9895999999996277,0.8307291666666666,1,1,0
27,2.5269000000003725,0.7578125,1,1,1
27,2.1905999999996273,0.9583333333333334,1,-1,0
27,2.0804000000003726,0.9036458333333334,1,-1,1
27,2.42,0.8385416666666666,1,1,0
65,2.9276999999284743,0.9111111111111112,1,-1,0
65,4.286600000023842,0.6759258694118924,1,1,1
65,2.294299999952316,0.9055555555555556,1,-1,1
65,3.6871999999284744,0.6092592027452257,1,1,0
65,2.135799999952316,0.8462962680392795,1,-1,0
65,2.360100000023842,0.6370369805230034,1,1,0
65,2.1818999999761584,0.8666666666666667,1,1,1
65,2.228899999976158,0.8314814673529731,1,-1,1
65,2.356100000023842,0.7611111111111111,1,-1,1
65,2.582400000095367,0.8351851569281684,1,-1,0
65,4.169399999976158,0.49814809163411455,1,1,0
65,3.503600000023842,0.4240740458170573,1,1,1
65,3.1415,0.5777777777777777,1,1,0
65,2.679600000023842,0.7296296013726129,1,1,1
65,2.8253999999761583,0.7870369805230035,1,-1,1
65,2.695900000095367,0.8074073791503906,1,-1,0
65,3.6896999999284743,0.6981480916341145,1,-1,1
65,3.3707999999523164,0.4759258694118924,1,1,1
65,2.6885,0.7037036471896702,1,1,0
65,3.041799999952316,0.7092592027452257,1,-1,0
65,2.283400000095367,0.8277777777777777,1,-1,0
65,2.463,0.6740740458170573,1,1,1
65,2.438600000023842,0.8166666666666667,1,-1,1
65,3.0168999999761583,0.692592536078559,1,1,0
65,3.272399999976158,0.890740712483724,1,-1,1
65,3.0692999999523165,0.8425925784640842,1,-1,0
65,4.533699999928475,0.42962960137261286,1,1,1
65,5.862899999976158,0.23148142496744795,1,1,0
65,2.3143000000715257,0.8555555555555556,1,-1,0
65,3.3285,0.2833333333333333,1,1,0
65,2.661,0.8555555555555556,1,-1,1
65,2.2985,0.8814814673529731,1,-1,0
65,2.382099999904633,0.9037036895751952,1,-1,1
65,2.467899999976158,0.6685184902615018,1,1,0
65,6.127199999928474,0.7555555555555555,1,1,1
65,2.2483999999761584,0.4481480916341146,1,1,0
65,3.0536000000238417,0.4666666666666667,1,1,1
65,3.198100000023842,0.8277777777777777,1,-1,0
65,2.5528000000715254,0.8722222222222222,1,-1,1
65,3.8043000000715255,0.8685184902615017,1,-1,0
65,2.148,0.7296296013726129,1,1,0
65,2.137,0.6185184902615017,1,1,1
65,2.364900000095367,0.8203703562418619,1,-1,1
65,2.177599999904633,0.6574073791503906,1,1,1
65,3.181299999952316,0.870370356241862,1,-1,0
65,2.1477000000476836,0.6518518235948351,1,1,0
65,2.4871000000238417,0.9240740458170572,1,-1,1
65,2.418,0.5444444444444445,1,1,1
65,2.133700000047684,0.5944444444444444,1,1,0
65,2.963700000047684,0.9018518235948352,1,-1,1
65,2.4782999999523163,0.920370356241862,1,-1,0
65,2.0907000000476836,0.6574073791503906,1,1,0
65,1.9335,0.8555555555555556,1,1,1
65,2.818700000047684,0.7592592027452256,1,-1,1
65,2.0476999999284744,0.8796296013726128,1,-1,0
65,2.5111000000238417,0.5777777777777777,1,1,1
65,2.2483999999761584,0.8333333333333334,1,-1,0
65,2.1508000000715257,0.5740740458170572,1,1,0
65,2.622,0.8314814673529731,1,-1,1
65,2.4192000000476837,0.4851851569281685,1,1,0
65,2.7125,0.8814814673529731,1,-1,0
65,2.494,0.8351851569281684,1,-1,1
65,3.558599999904633,0.4203703138563368,1,1,1
96,3.6696000001430513,1,0,-1,1
96,3.368400000095367,1,1,1,1
96,3.1745,1,1,-1,0
96,2.889600000143051,1,1,1,0
96,4.538200000047683,1,1,-1,1
96,2.0445,1,1,1,1
96,2.376100000143051,1,1,1,0
96,3.350700000047684,1,1,-1,0
96,4.229300000190735,1,1,-1,0
96,2.2085,1,1,1,0
96,1.918900000095367,1,1,1,1
96,2.5363999998569486,1,1,-1,1
96,2.904399999856949,1,1,1,0
96,1.9461999998092652,1,1,1,1
96,3.019,1,1,-1,1
96,3.292400000095367,1,1,-1,0
96,2.0717999999523165,1,1,1,1
96,3.045599999904633,1,1,1,0
96,5.166,1,1,-1,1
96,3.1442999999523162,1,1,-1,0
96,1.7448999998569488,1,1,1,1
96,2.0966000001430514,1,1,1,0
96,2.9087000000476837,1,1,-1,0
96,4.473400000095367,1,1,-1,1
96,3.1831999998092653,1,1,-1,1
96,2.0365,1,1,1,0
96,3.187699999809265,1,1,-1,0
96,1.9985999999046329,1,1,1,1
96,4.16,1,1,1,0
96,2.883099999904633,1,1,-1,1
96,2.2647000000476836,1,1,1,1
96,2.9355,1,1,-1,0
96,3.544599999904633,1,1,-1,0
96,2.0045,1,1,1,0
96,3.8345,1,1,-1,1
96,1.7487000000476836,1,1,1,1
96,1.7437000000476834,1,1,1,1
96,1.9,1,1,1,0
96,3.155099999904633,1,1,-1,0
96,3.0735,1,1,-1,1
96,3.556699999809265,1,1,-1,1
96,3.805799999952316,1,1,-1,0
96,2.706199999809265,1,1,1,0
96,1.6449000000953675,1,1,1,1
96,3.2477000000476837,1,1,-1,1
96,2.0875,1,1,1,0
96,2.830299999952316,1,1,-1,0
96,1.7814000000953674,1,1,1,1
96,4.044,1,1,-1,1
96,1.8195,1,1,1,0
96,1.6232000000476834,1,1,1,1
96,2.673599999904633,1,1,-1,0
96,1.997699999809265,1,1,1,0
96,3.096299999952316,1,1,-1,0
96,2.4162999999523165,1,1,-1,1
96,1.8053000001907349,1,1,1,1
96,3.2315,1,1,1,1
96,1.9262000000476835,1,1,1,0
96,2.2533999998569487,1,1,-1,0
96,2.3762000000476835,1,1,-1,1
96,1.6752000000476834,1,1,1,1
96,1.675600000143051,1,1,1,0
96,3.3863999998569487,1,1,-1,0
96,2.829599999904633,1,1,-1,1
136,2.70139999999851,1,1,1,1
136,2.482199999999255,1,0,1,0
136,2.5595,1,0,-1,1
136,3.342800000000745,1,1,-1,0
136,1.8677999999988824,1,1,1,1
136,1.934300000000745,1,1,1,0
136,1.9267999999988825,1,1,-1,0
136,3.8643000000007452,1,0,-1,1
136,1.9318000000007451,1,1,1,0
136,2.897800000000745,0.924074074074074,1,-1,1
136,2.161300000000745,0.8907407407407407,1,-1,0
136,1.7614000000003722,1,1,1,1
136,2.03589999999851,0.9777777777777776,1,-1,0
136,1.7427999999988824,1,1,1,1
136,1.7824000000003724,1,1,1,0
136,2.2695,1,1,-1,1
136,2.6517000000011177,0.9888888888888888,1,-1,1
136,1.5892000000011175,0.95,1,1,0
136,1.599699999999255,1,1,1,1
136,1.7642999999988824,1,1,-1,0
136,1.6969000000003722,1,1,-1,0
136,2.2712000000011177,0.9962962962962963,1,1,0
136,1.7386000000014898,0.9722222222222222,1,-1,1
136,1.7442000000011175,1,1,1,1
136,1.6955,1,1,1,0
136,1.9585999999996277,1,1,-1,1
136,2.1439000000003725,0.9685185185185186,1,-1,0
136,1.7032999999988825,0.9407407407407408,1,1,1
136,1.797300000000745,0.901851851851852,1,-1,0
136,2.1143000000007452,0.8944444444444445,1,-1,1
136,1.8484000000003724,0.9148148148148147,1,1,1
136,1.6186999999992548,0.9574074074074074,1,1,0
136,1.6125999999996277,0.9925925925925926,1,1,0
136,1.6264000000003722,0.9777777777777776,1,1,1
136,1.778,0.9611111111111112,1,-1,0
136,1.8095999999996277,0.9537037037037036,1,-1,1
136,1.6829000000003722,0.9333333333333332,1,-1,0
136,2.6112000000011175,0.901851851851852,1,-1,1
136,1.6065999999996277,0.8870370370370371,1,1,0
136,1.6290999999996276,0.962962962962963,1,1,1
136,3.1194000000003723,0.9388888888888888,1,-1,0
136,1.9277000000011175,0.925925925925926,1,1,0
136,3.6648000000007452,0.925925925925926,1,1,1
136,1.7222000000011175,0.8870370370370371,1,-1,1
136,2.1827999999988825,0.9592592592592591,1,1,1
136,1.8341999999992549,0.9462962962962964,1,-1,0
136,2.0375999999996277,0.9148148148148147,1,-1,1
136,5.501400000000372,0.9796296296296296,1,1,0
136,2.178800000000745,1,1,-1,0
136,1.7735999999996277,1,1,-1,1
136,2.53010000000149,1,1,1,1
136,2.0699000000003727,0.9648148148148148,0,1,0
136,2.0809000000003723,0.9333333333333332,1,-1,1
136,1.9888999999985102,0.8962962962962963,1,-1,0
136,2.13110000000149,0.8925925925925926,1,1,1
136,1.8553000000007451,0.9277777777777778,1,1,0
136,2.232,1,1,-1,0
136,1.7914000000003723,1,1,1,1
136,1.796699999999255,1,1,-1,1
136,2.103199999999255,1,1,1,0
136,1.6935,1,1,-1,1
136,1.7990999999996278,1,1,-1,0
136,2.295699999999255,1,1,1,1
136,2.142,0.9925925925925926,0,1,0
173,1.56,1,1,1,1
173,1.688,1,1,1,0
173,1.679,0.9925,0,-1,1
173,2.005,1,1,-1,0
173,1.77,1,1,1,1
173,1.778,1,1,-1,0
173,2.059,1,1,-1,1
173,2.286,1,1,1,0
173,2.191,1,1,1,0
173,1.726,1,1,1,1
173,1.919,1,1,-1,1
173,1.717,0.9975,1,-1,0
173,2.034,1,1,-1,1
173,1.602,1,1,1,1
173,1.854,1,1,-1,0
173,1.825,1,1,1,0
173,1.665,1,1,-1,1
173,1.778,1,1,1,0
173,1.64,1,1,-1,0
173,1.518,1,1,1,1
173,3.643,1,1,-1,1
173,1.691,1,1,1,0
173,1.654,1,1,1,1
173,1.837,1,1,-1,0
173,1.652,1,1,1,1
173,1.848,1,1,1,0
173,2.192,1,1,-1,0
173,2.175,1,1,-1,1
173,1.831,1,1,1,1
173,2.148,1,1,1,0
173,1.639,1,1,-1,0
173,1.636,1,1,-1,1
173,1.986,1,1,-1,0
173,1.565,1,1,1,1
173,1.622,1,1,-1,1
173,1.485,1,1,1,0
173,1.887,1,1,1,1
173,1.548,1,1,1,0
173,2.14,1,1,-1,1
173,1.934,1,1,-1,0
173,1.655,1,1,1,1
173,1.735,1,1,-1,0
173,2.498,1,1,1,0
173,1.743,1,1,-1,0
173,1.492,1,1,1,1
173,1.745,1,1,-1,1
173,1.684,1,1,1,0
173,1.596,1,1,-1,0
173,1.559,1,1,1,0
173,2.102,0.9325,1,-1,1
173,1.56,1,1,1,1
173,1.68,0.8225,1,1,0
173,1.73,1,1,-1,1
173,1.562,1,1,1,1
173,1.921,1,1,-1,0
173,1.618,1,1,1,0
173,2.007,1,1,-1,0
173,1.69,1,1,1,1
173,1.808,1,1,-1,1
173,1.573,1,1,1,0
173,1.785,1,1,-1,1
173,1.86,1,1,-1,0
173,1.704,1,1,1,1
99,5.065,0.26822916666666663,1,-1,1
99,3.013,0.515625,1,1,0
99,2.507,0.6223958333333333,1,-1,0
99,2.341,0.796875,1,1,1
99,2.267,0.6276041666666667,1,-1,0
99,2.678,0.6119791666666667,1,1,1
99,3.026,0.5729166666666667,1,1,0
99,3.15,0.53125,1,-1,1
99,4.121,0.43229166666666663,1,1,0
99,2.629,0.4453125,1,-1,1
99,2.588,0.6901041666666667,1,1,1
99,2.371,0.7786458333333334,1,-1,0
99,2.247,0.6432291666666667,1,1,1
99,3.284,0.7005208333333333,1,1,0
99,2.127,0.7213541666666667,1,-1,0
99,5.461,0.41145833333333337,1,-1,1
99,3.282,0.4453125,1,-1,1
99,1.987,0.8723958333333334,1,-1,0
99,3.439,0.42447916666666663,0,1,0
99,2.234,0.7161458333333333,1,1,1
99,3.713,0.46354166666666663,1,-1,1
99,4.873,0.6640625,1,-1,0
99,2.331,0.6380208333333333,1,1,1
99,1.969,0.7083333333333333,1,1,0
99,2.43,0.6145833333333333,1,-1,0
99,2.76,0.6432291666666667,1,1,1
99,2.999,0.47916666666666663,1,-1,1
99,4.647,0.3984375,1,1,0
99,1.918,0.6354166666666667,1,1,1
99,3.19,0.46875,1,1,0
99,4.067,0.5520833333333333,1,-1,1
99,3.845,0.578125,1,-1,0
99,2.785,0.47916666666666663,1,-1,1
99,3.11,0.5885416666666667,1,-1,0
99,1.7,0.6875,1,1,0
99,1.739,0.6979166666666667,1,1,1
99,1.682,0.7578125,1,1,1
99,1.837,0.5390625,1,1,0
99,3.386,0.5286458333333333,1,-1,0
99,2.76,0.5833333333333333,1,-1,1
99,2.884,0.5182291666666667,1,1,0
99,2.169,0.6692708333333333,1,-1,0
99,2.435,0.5416666666666667,1,-1,1
99,1.987,0.5651041666666667,1,1,1
99,2.897,0.5729166666666667,1,-1,0
99,2.92,0.375,1,1,0
99,1.966,0.49739583333333337,1,1,1
99,2.241,0.5885416666666667,1,-1,1
99,1.921,0.6432291666666667,1,1,1
99,2.337,0.46614583333333337,1,-1,1
99,2.232,0.5286458333333333,1,1,0
99,3.228,0.49479166666666663,1,-1,0
99,3.01,0.5755208333333333,1,-1,1
99,2.092,0.5833333333333333,1,-1,0
99,2.205,0.6067708333333333,1,1,1
99,2.034,0.6822916666666667,1,1,0
99,1.897,0.65625,1,1,1
99,3.196,0.5390625,1,-1,1
99,1.856,0.6640625,1,-1,0
99,2.012,0.5859375,1,1,0
99,2.61,0.6458333333333333,1,-1,1
99,1.962,0.5546875,1,1,1
99,2.254,0.5807291666666667,1,-1,0
99,3.149,0.5208333333333333,1,1,0
183,1.857,0.9351851851851852,1,-1,1
183,2.408,0.8851851851851852,1,-1,0
183,2.977,0.5888888888888889,1,1,1
183,3.401,0.712962962962963,1,1,0
183,2.28,0.8055555555555556,1,-1,0
183,2.987,0.8018518518518518,1,-1,1
183,2.057,0.8796296296296297,1,1,0
183,2.121,0.787037037037037,1,1,1
183,2.109,0.7462962962962962,1,1,1
183,2.702,0.6074074074074074,1,1,0
183,1.929,0.8518518518518519,1,-1,1
183,2.342,1,1,-1,0
183,2.285,0.7740740740740741,1,-1,0
183,3.462,0.6814814814814815,1,1,0
183,2.333,0.7185185185185186,1,1,1
183,2.218,1,1,-1,1
183,2.16,1,1,-1,1
183,2.678,0.6574074074074074,1,1,0
183,1.85,1,1,-1,0
183,1.751,0.8759259259259259,1,1,1
183,1.664,0.8203703703703704,1,1,0
183,1.802,1,1,-1,0
183,2.256,1,1,-1,1
183,2.722,0.5611111111111111,1,1,1
183,4.003,0.5833333333333333,1,1,1
183,1.749,0.5740740740740741,1,1,0
183,2.611,0.8333333333333334,1,-1,0
183,2.758,0.7777777777777778,1,-1,1
183,2.081,0.7185185185185186,1,1,0
183,1.776,0.787037037037037,1,1,1
183,2.301,1,1,-1,0
183,2.192,1,1,-1,1
183,1.816,1,1,-1,0
183,1.869,0.8481481481481481,1,1,1
183,3.413,1,1,-1,1
183,1.904,0.8055555555555556,1,1,0
183,1.469,1,1,1,1
183,2.169,1,1,-1,1
183,1.641,1,1,1,0
183,3.992,1,1,-1,0
183,1.666,1,1,1,0
183,2.163,1,1,-1,1
183,6.725,0.6666666666666667,0,1,1
183,4.069,0.8148148148148149,1,-1,0
183,2.647,1,1,1,0
183,1.955,1,1,-1,1
183,1.636,1,1,1,1
183,1.968,1,1,-1,0
183,1.527,1,1,1,1
183,1.404,1,1,1,0
183,2.287,0.8333333333333334,1,-1,0
183,3.884,0.7277777777777779,1,-1,1
183,3.166,0.7277777777777779,1,-1,1
183,2.033,0.8481481481481481,1,1,1
183,1.528,1,1,1,0
183,1.722,0.7592592592592593,1,-1,0
183,1.809,1,1,-1,0
183,1.963,0.7962962962962963,1,1,0
183,2.311,0.9685185185185186,1,1,1
183,1.817,0.6351851851851852,1,-1,1
183,1.456,1,1,1,0
183,2.153,0.8759259259259259,1,-1,1
183,1.48,1,1,1,1
183,2.171,1,1,-1,0
53,6.0465,0.6145833333333333,1,-1,1
53,3.01189999999851,0.7833333333333333,1,1,0
53,1.6474000000003723,0.9166666666666666,1,1,1
53,3.659099999999627,0.6104166666666666,1,-1,0
53,1.6105999999996277,0.7916666666666666,1,1,0
53,3.841400000000373,0.525,1,-1,1
53,1.7815,0.9416666666666668,1,1,1
53,4.360200000001117,0.6916666666666667,1,-1,0
53,4.357800000000745,0.5916666666666667,1,-1,0
53,2.3439000000003727,0.76875,1,1,0
53,2.2764000000003723,0.9083333333333332,1,1,1
53,3.1704000000003725,0.5145833333333334,1,-1,1
53,2.9030999999996276,0.6645833333333333,1,-1,1
53,1.6529000000003724,1,1,1,1
53,3.4675,0.9041666666666668,1,-1,0
53,2.439,0.6666666666666667,1,1,0
53,2.0718000000007453,0.66875,1,1,1
53,1.9645,0.7875,1,1,0
53,2.0505999999996276,0.9020833333333332,1,-1,1
53,2.2286999999992547,0.8791666666666667,1,-1,0
53,1.68110000000149,0.9604166666666668,1,1,1
53,2.038900000000372,0.8395833333333333,1,-1,0
53,1.7769000000003723,1,1,1,0
53,1.8649000000003724,0.95,1,-1,1
53,2.356699999999255,1,1,-1,0
53,2.6219000000003727,1,1,-1,1
53,1.7169000000003722,0.975,1,1,1
53,1.7184000000003723,0.6520833333333333,1,1,0
53,2.662,0.9541666666666668,1,-1,0
53,1.6923999999985102,0.8333333333333334,1,1,1
53,2.3312000000011177,1,1,-1,1
53,1.6054000000003723,1,1,1,0
53,3.6005,0.44375,1,1,1
53,3.052199999999255,0.8770833333333333,1,1,0
53,2.6076999999992547,0.5895833333333333,1,-1,1
53,2.6740999999996276,0.7729166666666667,1,-1,0
53,2.021199999999255,0.6770833333333333,1,1,0
53,3.219800000000745,0.8416666666666667,1,-1,1
53,2.881,0.5854166666666667,1,1,1
53,3.2225999999996273,0.5833333333333333,1,-1,0
53,2.588699999999255,0.6916666666666667,1,1,0
53,2.5907999999988824,0.9229166666666666,1,-1,1
53,2.5975999999996273,0.7833333333333333,1,-1,0
53,1.6730999999996277,0.5333333333333333,1,1,1
53,1.7412999999988825,0.89375,1,1,0
53,1.7477999999988825,0.9666666666666668,1,1,1
53,2.4850999999996275,0.9083333333333332,1,-1,0
53,2.497,0.93125,1,-1,1
53,3.054300000000745,0.8270833333333334,1,-1,1
53,1.81289999999851,0.8666666666666667,1,1,0
53,2.547,0.7958333333333334,1,-1,0
53,2.0767000000011175,1,1,1,1
53,3.021699999999255,0.5104166666666667,1,1,0
53,2.427699999999255,0.6166666666666667,1,-1,1
53,2.278,0.91875,1,-1,0
53,2.9390999999996277,0.53125,1,1,1
53,2.1435,0.9229166666666666,1,-1,1
53,2.636300000000745,0.65,1,1,0
53,1.6707000000011176,0.8666666666666667,1,1,1
53,2.0335,0.7416666666666667,1,-1,0
53,1.6173000000007451,0.9416666666666668,1,1,0
53,2.1965,0.95625,1,-1,0
53,1.6247999999988825,0.90625,1,1,1
53,2.0795999999996275,0.9104166666666668,1,-1,1
209,4.5955,0.4100271002629262,1,-1,1
209,2.2325999999940396,0.8246612466043897,1,1,1
209,2.311300000011921,0.33143631435506715,1,-1,0
209,1.613699999988079,0.9520325203171268,1,1,0
209,1.6829000000059604,0.3043360433523571,1,1,0
209,2.732,0.13089430893501297,1,-1,1
209,1.5422999999821185,0.0848238482304059,0,-1,0
209,6.512800000011921,0.8246612466043897,1,1,1
209,2.0512000000178814,0.3856368563604872,1,1,0
209,2.0045999999940394,0.26097560974802103,1,-1,0
209,1.761600000023842,0.3964769647615712,1,-1,1
209,1.567,0.9520325203171268,1,1,1
209,2.104300000011921,0.22574525744449803,1,1,1
209,1.8195999999940395,0.22574525744449803,1,-1,1
209,1.615800000011921,0.7162601625935495,1,1,0
209,1.850300000011921,0.8219512195041186,1,-1,0
209,4.425600000023842,0.3747967479594032,1,-1,1
209,1.7605,0.4533875338672622,1,-1,0
209,1.7192999999821186,0.8571815718076417,1,1,1
209,1.6277999999821187,0.7840108401003245,1,1,0
209,1.4975999999940395,1,1,1,0
209,1.7950999999940396,0.8355013550054736,1,-1,1
209,1.778,0.9439024390163138,1,1,1
209,1.495300000011921,0.11192411923311583,0,-1,0
209,2.048300000011921,0.7135501354932785,1,-1,0
209,1.8644000000059604,0.8653116531084546,1,1,1
209,1.6899000000059605,0.9737127371192948,1,-1,1
209,1.4964000000059605,0.9032520325122488,1,1,0
209,1.5337999999821186,0.9222222222141456,1,1,1
209,1.4205999999940395,0.9574525745176689,1,1,0
209,1.4004000000059604,0.07669376692959284,0,-1,1
209,1.8034000000059605,0.7813008130000536,1,-1,0
209,1.9751999999880792,0.07398373982932183,0,1,0
209,3.1475,0.8138211382033056,1,-1,0
209,1.9015999999940396,0.9032520325122488,1,1,1
209,1.7810999999940396,0.9140921409133328,1,-1,1
209,1.6985,0.9330623306152296,1,1,0
209,1.9651999999880791,0.9005420054119777,1,-1,1
209,1.8595,0.8598915989079127,1,1,1
209,2.4247000000178813,0.5238482384743084,1,-1,0
209,1.8464000000059604,0.8869918699106227,1,-1,1
209,2.0237000000178815,0.5373983739756634,1,-1,0
209,1.4331999999880791,0.9330623306152296,1,1,1
209,1.4897000000178815,0.9493224932168556,1,1,0
209,1.822399999976158,0.8409214092060157,1,-1,0
209,1.706699999988079,0.9140921409133328,1,-1,1
209,1.517,0.9303523035149588,1,1,0
209,1.9582999999821185,0.9357723577155008,1,1,1
209,2.7125,0.8382113821057446,1,1,0
209,2.136199999988079,0.8544715447073706,1,-1,1
209,1.700699999988079,1,1,1,1
209,1.8028000000119209,0.9005420054119777,1,-1,0
209,1.5985,0.9168021680136036,1,1,1
209,1.724,0.8138211382033056,1,-1,1
209,1.628199999988079,0.8978319783117067,1,-1,0
209,1.5688000000119209,0.9384823848157716,1,1,0
209,1.7094000000059604,0.9520325203171268,1,-1,0
209,1.408,0.8165311653035766,1,1,0
209,1.642800000011921,0.9764227642195658,1,-1,1
209,1.5328000000119208,0.9032520325122488,1,1,1
209,1.6425,0.9628726287182108,1,-1,0
209,1.711699999988079,0.9249322493144168,1,-1,1
209,1.4039000000059605,0.9520325203171268,1,1,0
209,1.4615,0.9439024390163138,1,1,1
165,4.757099999964237,0.6597222222222222,1,-1,1
165,2.4188000000119207,0.8287037037037037,1,1,1
165,3.902199999988079,0.7314814814814814,1,-1,0
165,2.286600000023842,0.7685185185185185,1,1,0
165,1.8829000000357627,0.7685185185185185,1,1,1
165,2.951699999988079,0.599537037037037,1,-1,0
165,2.147900000035763,0.6990740740740741,1,-1,1
165,3.19,0.7777777777777778,1,1,0
165,2.0226999999880793,0.7546296296296297,1,-1,1
165,2.271099999964237,0.7523148148148149,1,-1,0
165,2.1456000000238418,0.7916666666666666,1,1,1
165,1.9425,0.7893518518518519,1,1,0
165,2.069100000023842,0.8263888888888888,1,1,1
165,2.057099999964237,0.7384259259259259,1,-1,1
165,4.6296999999880795,0.7175925925925926,1,-1,0
165,4.270199999988079,0.5185185185185186,1,1,0
165,2.087899999976158,0.6111111111111112,1,1,0
165,1.9464000000357629,0.7199074074074074,1,-1,1
165,1.972199999988079,0.8217592592592593,1,-1,0
165,2.1018999999761583,0.8425925925925926,1,1,1
165,2.8215,0.8518518518518519,1,-1,0
165,1.887100000023842,0.8773148148148148,1,-1,1
165,1.9305,0.8680555555555556,1,1,1
165,6.1071999999880795,0.8425925925925926,1,1,0
165,2.0767999999523163,0.8703703703703703,1,1,1
165,1.8685999999642373,0.8333333333333334,1,-1,1
165,1.919,0.837962962962963,1,1,0
165,2.319,0.8703703703703703,1,-1,0
165,1.8379000000357628,0.8564814814814815,1,-1,1
165,6.292900000035763,0.8518518518518519,1,1,0
165,2.2403999999761584,0.8240740740740741,1,-1,0
165,2.396099999964237,0.8240740740740741,1,1,1
165,3.025199999988079,0.6990740740740741,1,1,1
165,1.6463999999761578,0.7384259259259259,1,-1,1
165,1.912300000011921,0.7615740740740741,1,-1,0
165,1.600800000011921,0.837962962962963,0,1,0
165,1.967899999976158,0.8333333333333334,1,-1,0
165,2.1981999999880792,0.8518518518518519,1,1,1
165,2.075300000011921,0.8217592592592593,1,1,0
165,1.734,0.7824074074074074,1,-1,1
165,2.0535,0.8055555555555556,1,1,0
165,1.865,0.7939814814814815,1,-1,0
165,3.637,0.8055555555555556,1,1,1
165,1.7725,0.8194444444444444,1,-1,1
165,1.756399999976158,0.8194444444444444,1,-1,1
165,1.739300000011921,0.8333333333333334,1,-1,0
165,1.943600000023842,0.8518518518518519,1,1,1
165,2.9325,0.8356481481481481,1,1,0
165,1.797,0.8796296296296297,1,1,0
165,1.841699999988079,0.8449074074074074,1,-1,1
165,3.9606000000238417,0.8587962962962963,1,-1,0
165,2.04,0.8587962962962963,1,1,1
165,2.128,0.8796296296296297,1,1,1
165,1.806699999988079,0.8657407407407407,1,-1,1
165,1.7653999999761578,0.8657407407407407,1,1,0
165,1.922800000011921,0.8634259259259259,1,-1,0
165,1.8481999999880792,0.8680555555555556,1,1,1
165,1.9115,0.8634259259259259,1,-1,1
165,2.624600000023842,0.8564814814814815,1,1,0
165,1.750399999976158,0.8703703703703703,1,-1,0
165,1.7018000000119209,0.8703703703703703,1,-1,0
165,1.5451000000238422,0.8958333333333334,1,1,1
165,1.5775,0.9074074074074074,1,-1,1
165,1.7145999999642372,0.9189814814814816,1,1,0
123,2.728699999988079,0.5277777777777778,1,-1,0
123,3.6825,0.5592592592592592,1,-1,1
123,2.948399999976158,0.6481481481481481,1,1,0
123,2.994300000011921,0.55,1,1,1
123,3.178400000035763,0.5962962962962963,1,1,0
123,2.4067999999523164,0.6574074074074074,1,-1,1
123,1.928300000011921,0.8481481481481481,1,1,1
123,4.272199999988079,0.488888888888889,1,-1,0
123,2.4892999999523164,0.6962962962962963,1,1,1
123,2.5027000000476836,0.6388888888888888,1,-1,1
123,3.761699999988079,0.5907407407407408,1,-1,0
123,2.5535,0.6981481481481482,1,1,0
123,2.099699999988079,0.6166666666666667,1,1,0
123,2.0261000000238423,0.5388888888888889,1,-1,1
123,2.032800000011921,0.6444444444444444,1,1,1
123,2.9405,0.6888888888888889,1,-1,0
123,2.544400000035763,0.5425925925925925,1,-1,0
123,2.457899999976158,0.5,1,-1,1
123,1.982800000011921,0.7648148148148148,1,1,1
123,1.812399999976158,0.6796296296296296,1,1,0
123,2.062900000035763,0.5574074074074074,1,-1,1
123,3.4835,0.5740740740740741,1,-1,0
123,3.5567999999523163,0.6703703703703704,1,1,0
123,1.965,0.7481481481481482,1,1,1
123,2.902600000023842,0.5925925925925926,1,-1,1
123,3.6756999999880793,0.625925925925926,1,1,0
123,6.5075,0.4407407407407408,1,1,1
123,2.011,0.7759259259259259,1,-1,0
123,2.3052999999523163,0.7259259259259259,1,-1,1
123,2.7101999999880793,0.7074074074074075,1,1,0
123,2.3975,0.6962962962962963,1,-1,0
123,1.728199999988079,0.7685185185185185,1,1,1
123,2.147899999976158,0.624074074074074,1,1,0
123,2.0195,0.7833333333333333,1,-1,0
123,1.983699999988079,0.8296296296296296,1,1,1
123,2.117800000011921,0.674074074074074,1,-1,1
123,2.8725,0.8592592592592593,1,-1,0
123,2.550300000011921,0.9462962962962964,1,1,0
123,2.127100000023842,0.6648148148148147,1,1,1
123,2.106100000023842,0.7611111111111111,1,-1,1
123,2.5335,0.6685185185185185,1,-1,0
123,1.985800000011921,0.7092592592592593,1,1,1
123,1.792899999976158,0.7666666666666666,1,1,0
123,2.3005,0.7574074074074074,1,-1,1
123,3.4946999999880792,0.5037037037037038,1,-1,1
123,3.076,0.7777777777777778,1,-1,0
123,2.2393000000119208,0.8944444444444445,1,1,0
123,1.8513000000119209,0.8444444444444444,1,1,1
123,3.158300000011921,0.4462962962962963,1,-1,0
123,6.563400000035763,0.5611111111111111,1,-1,1
123,1.594699999988079,0.8166666666666667,1,1,0
123,1.7436999999880791,0.7814814814814814,1,1,1
123,2.272899999976158,0.625925925925926,1,-1,1
123,3.0351000000238417,0.7796296296296297,1,1,0
123,2.751,0.674074074074074,1,-1,0
123,1.933899999976158,0.7740740740740741,1,1,1
123,2.8623999999761582,0.6962962962962963,1,-1,1
123,3.689800000011921,0.8074074074074074,1,1,1
123,3.921199999988079,0.5351851851851852,0,1,0
123,2.280900000035763,0.6,1,-1,0
123,1.649300000011921,0.8444444444444444,1,1,1
123,2.0305,0.6925925925925926,1,-1,1
123,2.683800000011921,0.6611111111111111,1,-1,0
123,2.026899999976158,0.8148148148148149,1,1,0
189,2.7835,0.6481481481481481,1,1,0
189,3.174,0.5902777777777778,1,1,1
189,2.6062000000029797,0.41666666666666663,1,-1,1
189,3.45789999999851,0.45833333333333337,1,-1,0
189,2.6951999999955296,0.3055555555555556,1,1,1
189,2.2854000000059607,0.6412037037037037,1,-1,0
189,2.6521999999955295,0.5347222222222222,1,1,0
189,3.84810000000149,0.6180555555555556,1,-1,1
189,2.2350999999940395,0.712962962962963,1,1,1
189,2.92839999999851,0.8240740740740741,0,1,0
189,3.18770000000298,0.6018518518518519,1,-1,1
189,2.8955,0.6574074074074074,0,-1,0
189,4.52060000000149,0.6921296296296297,1,-1,1
189,4.3,0.6875,1,-1,0
189,3.08810000000149,0.7407407407407407,1,1,1
189,3.25910000000149,0.6296296296296297,0,1,0
189,2.12730000000447,0.6018518518518519,1,-1,0
189,2.0065,0.650462962962963,1,1,1
189,2.4409000000059606,0.6828703703703703,0,1,0
189,2.03679999999702,0.6018518518518519,1,-1,1
189,2.6425999999940397,0.46759259259259256,1,-1,1
189,4.35570000000298,0.5462962962962963,0,1,0
189,3.0732999999970203,0.6018518518518519,1,-1,0
189,5.77629999999702,0.5902777777777778,1,1,1
189,5.554,0.537037037037037,0,1,0
189,1.8696000000014898,0.6064814814814814,1,1,1
189,2.5445,0.5902777777777778,0,-1,1
189,2.6575,0.6041666666666667,1,-1,0
189,3.94,0.650462962962963,1,1,0
189,2.1275,0.6759259259259259,1,1,1
189,2.45329999999702,0.587962962962963,1,-1,0
189,3.7438000000044704,0.5462962962962963,1,-1,1
189,2.2015,0.7152777777777778,1,1,0
189,1.637,0.7708333333333334,1,1,1
189,2.65810000000149,0.5138888888888888,1,-1,1
189,2.50010000000149,0.537037037037037,1,-1,0
189,2.5872000000029796,0.6296296296296297,1,-1,0
189,1.80879999999702,0.7037037037037037,1,1,0
189,3.55839999999851,0.5648148148148149,1,-1,1
189,1.7046999999955297,0.6666666666666667,1,1,1
189,1.625,0.75,0,-1,1
189,4.3303000000044705,0.6111111111111112,0,-1,0
189,1.58089999999851,0.6759259259259259,1,1,0
189,1.8305,0.724537037037037,1,1,1
189,1.7705,0.5925925925925926,0,-1,0
189,1.503,0.6597222222222222,1,1,1
189,1.886,0.6574074074074074,1,1,0
189,2.5275,0.5069444444444444,1,-1,1
189,1.7616999999955296,0.5532407407407407,1,1,1
189,2.6256000000014903,0.5046296296296297,1,-1,0
189,1.7041999999955297,0.6296296296296297,0,-1,1
189,1.7891000000014898,0.599537037037037,1,1,0
189,3.0517999999970202,0.5185185185185186,1,-1,0
189,2.32220000000298,0.6157407407407407,1,1,1
189,2.02479999999702,0.5,1,-1,1
189,1.871,0.6018518518518519,1,1,0
189,1.57860000000149,0.6203703703703703,1,1,0
189,1.535,0.6666666666666667,1,1,1
189,1.90120000000298,0.5393518518518519,1,-1,0
189,1.725,0.6273148148148149,0,-1,1
189,1.8581000000014898,0.5717592592592593,0,-1,1
189,1.6768999999985101,0.6759259259259259,1,1,0
189,1.997,0.5439814814814814,1,-1,0
189,1.7,0.6782407407407407,1,1,1
194,1.9656000001430511,0.7574074074074074,1,1,0
194,2.318700000047684,0.8888888888888888,0,1,1
194,2.0195,0.6703703703703704,1,-1,1
194,1.9507999999523165,1,1,-1,0
194,1.718,0.8462962962962963,1,1,1
194,2.4182000000476838,0.7574074074074074,1,-1,1
194,1.773,1,1,-1,0
194,2.643599999904633,0.9537037037037036,0,1,0
194,2.144700000047684,0.65,1,-1,1
194,1.751399999856949,0.7148148148148148,1,-1,0
194,1.7643999998569488,0.8574074074074074,1,1,1
194,2.2972999999523163,0.8018518518518518,0,1,0
194,2.3915,0.674074074074074,1,-1,1
194,2.251399999856949,0.7351851851851852,1,1,0
194,2.304200000047684,0.7574074074074074,1,1,1
194,1.8209000000953672,0.9425925925925926,1,-1,0
194,1.7442999999523165,0.8203703703703704,1,1,0
194,2.718,0.7574074074074074,1,-1,1
194,2.175,0.7907407407407407,1,-1,0
194,2.377099999904633,0.5481481481481482,1,1,1
194,2.1787000000476837,0.8,1,-1,1
194,1.7104000000953674,0.8888888888888888,1,-1,0
194,3.3082999999523164,0.27037037037037037,1,1,0
194,1.8357999999523165,0.5092592592592593,1,1,1
194,1.684,0.7,1,1,0
194,1.8202000000476835,0.9407407407407408,1,1,1
194,2.796100000143051,0.6907407407407408,1,-1,0
194,2.202,0.8925925925925926,1,-1,1
194,1.6587999999523164,0.8962962962962963,1,-1,0
194,2.406899999856949,0.5,1,1,0
194,2.065599999904633,0.8944444444444445,1,-1,1
194,2.128,0.40740740740740744,0,1,1
194,2.3049000000953668,0.6481481481481481,1,1,1
194,2.097399999856949,1,1,-1,0
194,1.7965,0.5481481481481482,1,1,0
194,2.067400000095367,0.7555555555555555,1,-1,1
194,1.8469000000953673,0.8055555555555556,1,-1,1
194,1.9147999999523164,0.8074074074074074,1,-1,0
194,1.8302000000476835,0.9462962962962964,1,1,1
194,1.8712000000476834,0.6925925925925926,1,1,0
194,2.325400000095367,0.5314814814814814,0,-1,1
194,1.6240999999046326,0.9777777777777776,1,1,1
194,1.602699999809265,0.987037037037037,1,1,0
194,2.288599999904633,0.6407407407407407,1,-1,0
194,1.5995999999046326,0.9185185185185184,1,1,0
194,1.507,1,1,1,1
194,2.155,0.7648148148148148,1,-1,0
194,2.0232999999523167,0.8351851851851853,1,-1,1
194,1.7504000000953674,1,1,-1,0
194,1.8377999999523165,0.7074074074074075,1,1,0
194,1.577,1,1,1,1
194,1.996,0.8925925925925926,1,-1,1
194,1.8020999999046328,0.7666666666666666,1,-1,1
194,1.888399999856949,0.7037037037037037,1,1,1
194,1.5777999999523165,1,1,-1,0
194,2.1627000000476837,0.6203703703703703,1,1,0
194,2.0403999998569486,0.8555555555555556,1,-1,1
194,1.8267000000476834,1,1,-1,0
194,1.6175,1,1,1,1
194,1.8567000000476834,0.825925925925926,1,1,0
194,1.9936000001430512,0.9481481481481482,1,-1,1
194,1.920900000095367,0.6851851851851851,1,1,0
194,1.7102000000476836,1,1,1,1
194,2.0495,0.8277777777777777,1,-1,0
28,2.1473000000000466,0.9311111111111112,1,1,0
28,2.7733000000000465,1,1,-1,1
28,3.6211999999999533,0.9022222222222224,1,-1,0
28,1.6274000000001396,1,1,1,1
28,5.8861999999999535,0.5155555555555555,0,1,0
28,2.1951000000000933,0.8466666666666667,1,1,1
28,3.2325,0.9644444444444444,1,-1,1
28,1.9259000000001396,0.76,1,-1,0
28,1.8243999999999068,0.74,1,-1,0
28,1.9632999999998135,0.6955555555555555,1,-1,1
28,1.5358000000000465,1,1,1,0
28,1.9433000000000464,1,1,1,1
28,1.7992000000001864,1,1,1,1
28,1.8959000000001398,1,1,-1,0
28,2.1526000000000933,1,1,1,0
28,1.8093000000000463,1,1,-1,1
28,3.7186999999999535,0.9866666666666668,1,1,1
28,1.7067999999998136,1,1,-1,1
28,1.793,1,1,-1,0
28,5.648100000000093,0.6288888888888888,1,1,0
28,1.697899999999907,1,1,-1,1
28,2.868,1,1,1,1
28,1.8202999999998135,1,1,-1,0
28,4.235600000000093,0.6822222222222223,1,1,0
28,1.6808000000000465,0.2066666666666667,0,1,0
28,2.3088999999999067,1,1,-1,1
28,2.7588000000000465,1,1,-1,0
28,1.8351000000000932,1,1,1,1
28,0.8711999999999535,1,0,-1,1
28,1.678,1,1,1,1
28,2.3888000000000464,1,1,-1,0
28,5.252899999999907,0.5688888888888889,1,1,0
28,2.8143000000000464,1,1,-1,1
28,1.7502999999998134,1,1,1,1
28,2.0753000000000466,0.7444444444444445,1,-1,0
28,1.681399999999907,0.9777777777777776,1,1,0
28,4.482399999999907,1,1,1,0
28,3.3391999999999533,0.8066666666666666,1,1,1
28,2.7193000000000467,0.7133333333333334,1,-1,0
28,3.1083000000000465,0.4866666666666667,1,-1,1
28,1.6841999999999535,0.8866666666666667,1,1,1
28,2.499899999999907,0.5622222222222222,1,-1,1
28,1.798,0.3866666666666667,1,-1,0
28,1.6147999999998135,1,1,1,0
28,2.653899999999907,0.9755555555555556,1,1,1
28,2.7177000000001863,0.9533333333333334,1,-1,1
28,2.2121999999999535,1,1,1,0
28,1.8328000000000464,0.6111111111111112,1,-1,0
28,1.9715,0.5711111111111111,1,-1,0
28,1.8451000000000932,1,1,1,0
28,2.29,1,1,1,1
28,3.0693000000000468,0.5777777777777777,1,-1,1
28,2.726,0.4155555555555556,1,-1,1
28,2.5412999999998136,0.19333333333333336,0,-1,0
28,2.5516999999999532,1,1,1,0
28,2.3223000000000464,1,1,1,1
28,2.6472000000001863,0.9666666666666668,1,-1,0
28,2.951899999999907,0.44666666666666666,1,-1,1
28,1.7000999999998603,0.98,1,1,0
28,1.7386999999999535,1,1,1,1
28,1.8558999999999068,1,1,1,1
28,2.2815,0.6444444444444444,1,-1,1
28,4.671299999999814,0.9977777777777778,1,1,0
28,2.974299999999814,0.5533333333333333,1,-1,0
141,2.829100000008941,1,1,-1,1
141,1.8829000000059604,1,1,1,1
141,3.7873999999910595,1,1,-1,0
141,3.797900000005961,1,1,1,0
141,3.102,1,1,1,0
141,2.5875,1,1,-1,1
141,1.8624000000059604,1,1,1,1
141,1.92779999999702,1,0,-1,0
141,3.551,1,0,-1,0
141,2.00479999999702,1,1,1,1
141,2.2292999999970204,1,1,-1,1
141,1.7492000000029801,1,1,1,0
141,2.4435,1,0,1,0
141,3.13229999999702,1,1,-1,1
141,1.7906000000089406,1,1,1,1
141,3.4675999999940395,1,1,-1,0
141,3.1512000000029796,1,1,-1,1
141,2.27970000000298,1,1,1,1
141,3.2729000000059605,1,1,1,0
141,2.0787999999970204,1,1,-1,0
141,2.8300999999940397,1,1,-1,0
141,2.544,1,1,-1,1
141,2.0845,1,1,1,0
141,1.96170000000298,1,1,1,1
141,2.0955,1,1,-1,1
141,2.2605999999940396,1,1,1,0
141,2.98570000000298,1,1,-1,0
141,2.86379999999702,1,1,1,1
141,2.2744000000059605,0.984375,1,-1,0
141,3.4000999999940396,0.9661458333333334,1,1,1
141,2.5478000000119208,0.9583333333333334,1,1,0
141,1.95070000000298,0.9505208333333334,1,-1,1
141,2.21720000000298,0.9661458333333334,1,-1,0
141,1.983,0.9635416666666666,1,1,0
141,2.5207000000029796,0.9583333333333334,1,1,1
141,1.811,0.9505208333333334,1,-1,1
141,1.9195,0.9479166666666666,1,-1,0
141,2.47179999999702,0.9453125,1,-1,1
141,2.408300000011921,0.9322916666666666,0,1,0
141,3.2377000000029796,0.9322916666666666,1,1,1
141,3.4205,0.9296875,1,1,1
141,1.90279999999702,0.9244791666666666,1,-1,0
141,1.7668000000119208,0.9244791666666666,1,1,0
141,2.23779999999702,0.921875,1,-1,1
141,2.2524000000059603,0.9114583333333334,1,-1,0
141,2.417100000008941,0.8958333333333334,1,-1,1
141,1.9355,0.8828125,1,1,1
141,2.2893999999910593,0.8802083333333334,0,1,0
141,3.302399999991059,0.8802083333333334,1,-1,0
141,2.29570000000298,0.875,1,-1,1
141,1.9089000000059604,0.8645833333333334,1,1,1
141,2.3391000000089406,0.8411458333333334,1,1,0
141,2.182300000011921,0.8385416666666666,1,-1,0
141,2.052,0.8359375,1,-1,1
141,2.0845999999940394,0.8333333333333334,1,1,0
141,3.015,0.828125,1,1,1
141,1.8825999999940395,0.8255208333333334,1,-1,1
141,1.8318999999910592,0.8151041666666666,1,1,0
141,2.2220999999940396,0.8125,1,1,1
141,2.2487000000029798,0.8125,1,-1,0
141,2.821300000011921,0.8072916666666666,1,-1,0
141,3.41120000000298,0.7890625,1,-1,1
141,3.2695999999940395,0.765625,1,1,1
141,2.6156000000089406,0.7526041666666666,0,1,0
23,2.0259000000001395,1,1,-1,0
23,2.053100000000093,0.9777777777777776,1,-1,1
23,2.0033000000000465,0.9833333333333332,1,1,0
23,2.5001999999999533,0.9611111111111112,1,1,1
23,2.0221999999999536,1,1,1,0
23,1.872,1,1,1,1
23,1.9683000000000463,1,1,-1,0
23,1.9976999999999536,0.9527777777777776,1,-1,1
23,3.3775,0.3555555555555555,1,-1,1
23,2.2296000000000933,0.9388888888888888,1,-1,0
23,1.875100000000093,1,1,1,0
23,1.8638000000000463,1,1,1,1
23,1.7632000000001864,1,1,1,0
23,1.9795,1,1,-1,0
23,1.9421999999999537,0.8833333333333333,1,-1,1
23,1.7613999999999068,0.8166666666666667,1,1,1
23,6.1974000000001395,1,1,1,0
23,3.2583999999999067,0.9833333333333332,1,-1,0
23,3.1967000000001864,0.5388888888888889,1,-1,1
23,1.8640999999998602,0.9277777777777778,1,1,1
23,1.8416000000000932,0.9611111111111112,1,-1,0
23,1.988,1,1,1,0
23,1.7505,0.425,1,-1,1
23,1.7615,0.9638888888888888,1,1,1
23,1.6042999999998135,0.9694444444444444,1,1,1
23,1.7568999999999069,0.9777777777777776,1,1,0
23,1.7518000000000467,0.9027777777777778,1,-1,0
23,1.889,0.25277777777777777,1,-1,1
23,1.7175,0.2861111111111111,1,-1,1
23,1.815,1,1,-1,0
23,1.840600000000093,1,1,1,1
23,1.8068000000000464,0.9333333333333332,1,1,0
23,2.14859999999986,0.9888888888888888,1,1,1
23,1.9888000000000463,1,1,-1,0
23,2.350799999999814,0.375,1,-1,1
23,1.9868999999999069,1,1,1,0
23,1.9675,0.35,1,1,0
23,2.325299999999814,1,1,-1,0
23,1.7503000000000466,0.8722222222222222,1,1,1
23,1.7451000000000931,0.4861111111111112,1,-1,1
23,1.737600000000093,0.07222222222222219,1,-1,1
23,1.705600000000093,0.9694444444444444,1,1,0
23,1.8488000000000464,1,1,1,1
23,2.005,1,1,-1,0
23,1.8263000000000464,1,1,-1,0
23,1.687100000000093,0.3416666666666667,1,-1,1
23,1.7658000000000467,1,1,1,0
23,1.7411999999999535,0.7944444444444445,1,1,1
23,2.1368000000000467,0.9611111111111112,1,1,1
23,2.7995,0.2138888888888889,1,-1,1
23,1.794100000000093,0.9333333333333332,1,-1,0
23,1.7720999999998603,0.8,1,1,0
23,1.6124000000001397,1,1,1,1
23,1.7803000000000466,1,1,-1,1
23,1.6733000000000466,1,1,-1,0
23,2.7078999999999067,0.1777777777777778,0,1,0
23,1.981600000000093,0.7,1,-1,0
23,1.7775,0.1611111111111111,1,-1,1
23,1.7955,1,1,1,0
23,2.2885,1,1,1,1
23,1.7956000000000931,0.9638888888888888,1,1,1
23,2.38659999999986,0.26111111111111107,1,-1,0
23,1.7866000000000932,0.8694444444444445,1,-1,1
23,2.008600000000093,1,1,1,0
6,1.736,0.6666666666666667,1,1,1
6,3.8331000000014903,0.8083333333333333,1,-1,1
6,2.9394000000003726,0.7388888888888889,1,1,0
6,2.2975999999996275,0.8194444444444444,1,-1,0
6,2.0667000000011178,0.9833333333333332,1,1,1
6,1.79239999999851,0.6944444444444444,1,-1,1
6,1.6912999999988825,0.8277777777777777,1,1,0
6,1.6985,0.9083333333333332,1,-1,0
6,1.5840999999996277,1,1,1,0
6,2.047699999999255,0.8111111111111111,1,-1,1
6,1.6724000000003723,0.6694444444444445,1,1,1
6,3.048300000000745,0.4444444444444444,1,-1,0
6,1.50160000000149,0.3388888888888889,1,-1,1
6,1.4762000000011175,0.6944444444444444,1,1,1
6,2.8282999999988823,0.7638888888888888,1,-1,0
6,2.0285,0.8527777777777777,1,1,0
6,1.6123999999985101,1,1,1,1
6,1.5087000000011175,0.7222222222222222,1,-1,1
6,1.4909000000003723,0.85,1,1,0
6,1.681699999999255,0.7777777777777778,1,-1,0
6,1.951,0.8388888888888889,1,1,1
6,1.841199999999255,0.5583333333333333,1,1,0
6,1.5490999999996278,0.25555555555555554,1,-1,1
6,1.713,0.4666666666666667,1,-1,0
6,2.92939999999851,0.5027777777777778,1,-1,0
6,1.421699999999255,0.7611111111111111,1,1,1
6,1.6209000000003724,0.7361111111111112,1,-1,1
6,2.873199999999255,0.39722222222222225,1,1,0
6,1.4737000000011176,0.775,1,-1,0
6,1.5217000000011176,1,1,1,0
6,1.48410000000149,0.8111111111111111,1,-1,1
6,1.586800000000745,1,1,1,1
6,1.8630999999996276,0.6055555555555556,1,-1,0
6,1.4614000000003724,0.9,1,1,0
6,1.7855999999996277,1,1,1,1
6,1.697,0.8055555555555556,1,-1,1
6,1.6052999999988824,0.8222222222222222,1,1,0
6,2.0090999999996275,0.4666666666666667,1,-1,0
6,1.5560999999996277,0.7527777777777778,1,1,1
6,1.5156999999992549,0.7888888888888889,1,-1,1
6,1.555699999999255,1,1,1,0
6,1.8926999999992549,0.5777777777777777,1,-1,0
6,2.060199999999255,0.7111111111111111,1,-1,1
6,1.5842999999988825,1,1,1,1
6,1.9154000000003724,0.6055555555555556,1,-1,1
6,2.034199999999255,0.49722222222222223,1,1,1
6,1.4049000000003724,0.9,1,1,0
6,1.456,1,1,-1,0
6,1.545,1,1,-1,0
6,2.106,0.5694444444444444,1,1,1
6,1.56660000000149,0.3277777777777777,1,1,0
6,2.56639999999851,0.7583333333333333,1,-1,1
6,1.596699999999255,0.6555555555555556,1,1,0
6,1.6977999999988824,0.7277777777777779,1,1,1
6,1.8890999999996276,0.8027777777777778,1,-1,1
6,1.7514000000003722,0.6833333333333333,1,-1,0
6,1.774300000000745,0.49444444444444446,1,1,1
6,1.6215999999996278,0.8027777777777778,1,-1,1
6,1.8662999999988825,0.36944444444444446,1,-1,0
6,1.4989000000003723,0.7055555555555555,1,1,0
6,1.799,0.5555555555555556,1,1,0
6,1.6260999999996277,0.5527777777777778,1,-1,1
6,2.14,0.3222222222222222,1,-1,0
6,1.9095999999996276,0.4833333333333333,1,1,1
106,2.655600000023842,0.9791666666666666,1,-1,0
106,4.87140000000596,0.4282407407407407,0,-1,1
106,2.026800000011921,1,1,1,1
106,2.2125,0.8518518518518519,1,1,0
106,2.847300000011921,0.9861111111111112,1,-1,0
106,1.930300000011921,1,1,1,1
106,2.9339000000059605,0.7962962962962963,1,1,0
106,3.2205999999940396,0.7800925925925926,1,-1,1
106,2.496,0.9953703703703703,1,1,1
106,3.7989000000059607,0.7592592592592593,1,-1,1
106,2.4995999999940395,0.9953703703703703,1,-1,0
106,2.3295,1,1,1,0
106,5.063300000011921,1,1,-1,0
106,3.3060999999940397,0.7361111111111112,1,-1,1
106,1.7882000000178815,0.9351851851851852,1,1,1
106,2.4405,1,1,1,0
106,1.7896999999880792,1,1,1,1
106,2.5442000000178813,0.9814814814814816,1,-1,0
106,3.661599999994039,0.7638888888888888,0,1,0
106,2.516800000011921,0.9421296296296297,1,-1,1
106,2.475800000011921,0.9675925925925926,1,-1,0
106,1.9689000000059604,1,1,-1,1
106,3.5562000000178813,0.7337962962962963,0,1,0
106,1.6878000000119209,0.976851851851852,1,1,1
106,6.4537999999821185,0.5462962962962963,1,1,0
106,2.457699999988079,0.8148148148148149,1,-1,1
106,2.0479000000059604,0.9907407407407408,1,1,1
106,2.291199999988079,0.9675925925925926,1,-1,0
106,3.0485999999940394,1,1,-1,0
106,2.9545,1,1,-1,1
106,3.8427999999821187,0.6736111111111112,1,1,0
106,3.9268000000119208,0.5902777777777778,1,1,1
106,2.4406000000238417,1,1,1,0
106,3.089800000011921,1,1,1,1
106,3.4862000000178814,0.8055555555555556,1,-1,0
106,2.0943000000119207,1,1,-1,1
106,3.2435999999940397,0.9074074074074074,1,-1,0
106,2.2504000000059605,1,1,1,1
106,2.988300000011921,0.8449074074074074,1,1,0
106,3.2075999999940397,1,1,-1,1
106,3.747900000005961,1,1,1,0
106,2.6080999999940397,1,1,-1,0
106,2.199199999988079,1,1,-1,1
106,2.225800000011921,1,1,1,1
106,2.6229000000059606,1,1,1,1
106,3.2435999999940397,0.9976851851851852,1,-1,0
106,4.21740000000596,0.587962962962963,1,-1,1
106,1.9046999999880792,0.8634259259259259,1,1,0
106,2.7259000000059603,1,1,1,0
106,2.6039000000059604,1,1,1,1
106,2.403800000011921,0.9837962962962964,1,-1,1
106,2.6640999999940393,1,1,-1,0
106,2.3323000000119207,1,1,-1,0
106,2.0197000000178815,1,1,1,1
106,2.946699999988079,0.8194444444444444,1,-1,1
106,2.070199999988079,0.8356481481481481,1,1,0
106,2.3045999999940396,1,1,-1,0
106,3.424300000011921,0.8217592592592593,1,1,0
106,2.37,1,1,1,1
106,3.360800000011921,1,1,-1,1
106,2.1020999999940395,1,1,1,1
106,2.3025999999940394,0.7453703703703703,1,1,0
106,2.732199999988079,1,1,-1,1
106,4.570199999988079,1,1,-1,0
64,2.0239000000357628,1,1,1,1
64,2.9969000000357626,0.48703703703703705,1,-1,1
64,2.082100000023842,0.5,1,-1,0
64,2.140300000011921,0.5333333333333333,0,1,0
64,2.0474000000357626,0.5444444444444445,0,1,0
64,2.5226999999880793,0.5222222222222221,1,-1,0
64,2.036300000011921,1,1,1,1
64,3.017099999964237,0.5222222222222221,0,-1,1
64,2.268100000023842,0.5833333333333333,1,-1,0
64,2.082100000023842,1,1,1,1
64,2.6196999999880792,0.5388888888888889,0,-1,1
64,2.0753999999761583,1,1,1,0
64,2.2665,0.7851851851851852,0,-1,1
64,1.8855,1,1,1,0
64,1.865,1,1,1,1
64,2.209199999988079,1,0,-1,0
64,2.0993999999761583,1,0,-1,1
64,2.361099999964237,0.5462962962962963,1,-1,0
64,2.0487999999523163,1,1,1,0
64,1.881600000023842,1,1,1,1
64,1.9311999999880791,1,1,1,1
64,1.8535,1,0,-1,0
64,1.929600000023842,1,1,1,0
64,1.8764000000357628,1,0,-1,1
64,1.9611999999880791,0.9925925925925926,0,-1,1
64,2.2335,1,0,1,0
64,2.076800000011921,1,1,1,1
64,2.143100000023842,0.6944444444444444,1,-1,0
64,1.999800000011921,1,1,1,0
64,2.0664000000357627,0.7648148148148148,1,-1,1
64,1.904199999988079,0.6962962962962963,1,-1,0
64,2.023600000023842,1,1,1,1
64,1.658300000011921,1,1,1,0
64,2.160199999988079,0.7,0,-1,1
64,1.8148000000119209,1,1,1,1
64,1.8733000000119209,1,0,-1,0
64,1.925399999976158,1,1,1,0
64,1.961300000011921,0.9907407407407408,1,1,1
64,1.8214000000357629,0.987037037037037,0,-1,0
64,1.856800000011921,1,0,-1,1
64,1.7399000000357627,1,1,1,0
64,2.946899999976158,1,1,1,1
64,1.794100000023842,1,0,-1,0
64,2.002,0.5925925925925926,1,-1,1
64,2.1868999999761582,1,1,1,0
64,1.8576000000238422,1,1,1,1
64,2.41,0.6148148148148148,1,-1,1
64,1.9408999999761578,1,0,-1,0
64,1.697600000023842,1,1,1,0
64,2.034,0.5925925925925926,0,1,1
64,1.822699999988079,1,0,-1,0
64,2.3878999999761583,0.5740740740740741,1,-1,1
64,2.2686999999880793,0.7407407407407407,1,-1,1
64,1.717,1,0,-1,0
64,1.9038999999761579,0.45925925925925926,0,1,1
64,1.9407999999523164,1,1,1,0
64,1.850300000011921,1,1,1,0
64,2.566899999976158,1,1,1,1
64,2.605699999988079,0.5740740740740741,1,-1,0
64,2.838800000011921,0.6444444444444444,0,-1,1
64,1.9955,0.998148148148148,1,-1,1
64,2.2707999999523163,1,1,1,1
64,1.8830999999642373,1,1,1,0
64,2.149,1,0,-1,0
72,3.560600000023842,0.7314814814814814,1,-1,0
72,1.7455,0.8796296296296297,1,1,1
72,2.7526999999880792,0.7546296296296297,1,-1,1
72,2.584,0.8125,1,1,0
72,1.713300000011921,0.8773148148148148,1,1,1
72,3.453,0.7314814814814814,1,-1,1
72,2.6440999999940393,0.8541666666666666,1,1,0
72,2.745800000011921,0.7476851851851851,1,-1,0
72,2.5274000000059607,0.8148148148148149,1,-1,1
72,2.7119000000059605,0.8564814814814815,1,1,0
72,2.1637999999821185,0.8796296296296297,1,1,1
72,2.876899999976158,0.9189814814814816,1,-1,0
72,2.387,0.8310185185185185,1,-1,0
72,3.882300000011921,0.8819444444444444,1,-1,1
72,1.759800000011921,0.9375,1,1,1
72,1.6962999999821187,0.9166666666666666,1,1,0
72,2.6116999999880792,0.949074074074074,1,1,0
72,2.306300000011921,0.7546296296296297,1,-1,1
72,2.7315,0.7175925925925926,1,-1,0
72,1.804399999976158,0.8518518518518519,1,1,1
72,2.2450999999940398,0.849537037037037,1,-1,1
72,2.031199999988079,0.837962962962963,1,-1,0
72,1.8096999999880792,0.8726851851851851,1,1,1
72,1.7875999999940395,0.9282407407407408,1,1,0
72,2.1875999999940396,0.9513888888888888,1,1,0
72,1.9812000000178815,0.787037037037037,1,1,1
72,2.204300000011921,0.8703703703703703,1,-1,0
72,2.0747999999821185,0.9236111111111112,1,-1,1
72,2.493699999988079,0.8703703703703703,1,-1,1
72,2.0817999999821186,0.9421296296296297,1,-1,0
72,1.7836999999880792,0.9166666666666666,1,1,0
72,3.569300000011921,0.8796296296296297,1,1,1
72,2.8582999999821186,0.8935185185185185,1,-1,1
72,2.2992000000178816,0.7384259259259259,1,-1,0
72,1.7465,0.8541666666666666,1,1,1
72,2.2882999999821187,0.8726851851851851,0,1,0
72,2.0189000000059605,0.7291666666666667,1,-1,1
72,2.281300000011921,0.7800925925925926,1,-1,0
72,2.222399999976158,0.8263888888888888,1,1,1
72,4.3761000000238415,0.6712962962962963,1,1,0
72,1.9315,0.8472222222222222,1,-1,0
72,1.7489000000059605,0.8819444444444444,1,-1,1
72,1.8646999999880791,0.8171296296296297,1,1,1
72,2.563899999976158,0.8055555555555556,1,1,0
72,2.0935,0.7222222222222222,1,-1,1
72,2.937199999988079,0.712962962962963,1,-1,0
72,2.2864000000059606,0.7777777777777778,1,1,0
72,3.655599999994039,0.6712962962962963,1,1,1
72,1.8774000000059605,0.775462962962963,1,1,1
72,3.9165999999940393,0.6180555555555556,1,-1,0
72,2.7477000000178813,0.7453703703703703,1,1,0
72,1.8635,0.8541666666666666,1,-1,1
72,1.9725999999940396,0.8842592592592593,1,1,0
72,2.576199999988079,0.8009259259259259,1,1,1
72,3.723099999994039,0.7037037037037037,1,-1,0
72,2.006600000023842,0.837962962962963,1,-1,1
72,3.836900000005961,0.8171296296296297,1,1,1
72,1.9789000000059604,0.8773148148148148,1,-1,1
72,2.098299999982119,0.8402777777777778,1,1,0
72,3.633800000011921,0.8078703703703703,1,-1,0
72,3.95,0.5648148148148149,1,-1,0
72,2.0775,0.8425925925925926,1,1,0
72,2.414300000011921,0.8773148148148148,1,1,1
72,1.881199999988079,0.8194444444444444,1,-1,1
113,3.536199999809265,0.4925000000000001,1,-1,0
113,2.3637999999523163,1,1,1,0
113,2.217700000047684,1,1,1,1
113,2.7467999999523163,1,1,-1,1
113,3.9762999999523156,1,1,1,0
113,3.2127000000476835,0.6925,1,-1,0
113,3.233400000095367,1,1,-1,1
113,2.207599999904633,1,1,1,1
113,2.6267000000476837,1,1,-1,0
113,3.3049000000953668,0.825,1,1,0
113,2.160099999904633,1,1,1,1
113,2.428399999856949,1,1,-1,1
113,3.095199999809265,0.765,0,-1,1
113,2.0717000000476835,1,1,1,1
113,2.153700000047684,0.9725,1,-1,0
113,2.123600000143051,1,1,1,0
113,1.8455999999046329,1,1,1,1
113,2.178900000095367,1,1,1,0
113,2.529100000143051,1,1,-1,0
113,2.483600000143051,1,1,-1,1
113,2.319400000095367,1,1,1,0
113,2.346099999904633,1,1,-1,0
113,1.9235,1,1,1,1
113,2.129100000143051,1,1,-1,1
113,2.1937999999523163,1,1,1,1
113,1.3419000000953674,1,1,-1,0
113,2.0341000001430514,1,1,-1,1
113,2.397400000095367,1,1,1,0
113,2.915599999904633,0.6,1,1,0
113,1.947,0.9875,1,-1,1
113,2.6765,1,1,1,1
113,1.9988999998569488,1,1,-1,0
113,2.057400000095367,1,1,1,1
113,3.3277999999523162,0.505,1,1,0
113,1.9137999999523165,1,1,-1,0
113,1.947,1,1,-1,1
113,2.344799999952316,1,1,-1,0
113,2.680900000095367,1,1,1,0
113,2.380400000095367,1,1,-1,1
113,2.757899999856949,1,1,1,1
113,2.1722999999523163,1,1,-1,0
113,1.8135999999046328,1,1,1,1
113,2.5222999999523164,1,1,1,0
113,3.0655,1,1,-1,1
113,2.881699999809265,1,1,1,0
113,4.754900000095367,0.7575000000000001,1,-1,0
113,3.0097000000476837,0.5775,1,-1,1
113,2.663600000143051,1,1,1,1
113,1.6847999999523164,1,1,1,1
113,1.853300000190735,1,1,1,0
113,3.304899999856949,0.7625,1,-1,0
113,2.498400000095367,1,1,-1,1
113,2.9615,1,1,1,0
113,2.7865,1,1,1,1
113,3.018099999904633,1,1,-1,1
113,2.777,1,1,-1,0
113,2.7732000000476837,1,1,-1,1
113,3.2417999999523164,1,1,1,1
113,2.7622000000476836,1,1,-1,0
113,6.352700000047684,0.675,0,1,0
113,2.524,1,1,-1,1
113,6.192699999809265,0.6174999999999999,0,1,0
113,6.206400000095368,0.9525,1,-1,0
113,2.2472000000476835,1,1,1,1
56,3.592,0.2314814814814815,1,-1,1
56,2.518,0.9652777777777778,1,1,1
56,3.29,0.6481481481481481,1,-1,0
56,2.747,0.9398148148148148,1,1,0
56,3.889,0.3495370370370371,1,-1,0
56,2.496,0.8842592592592593,1,1,1
56,2.692,0.7268518518518519,1,1,0
56,2.751,0.5601851851851851,1,-1,1
56,2.214,0.8564814814814815,1,1,1
56,3.074,0.1527777777777778,1,-1,1
56,4.396,0.4212962962962963,1,-1,0
56,6.404,0,1,1,0
56,2.595,0.9328703703703703,1,1,1
56,2.881,0.7847222222222222,1,-1,1
56,3.491,0.5717592592592593,1,1,0
56,4.25,0.5763888888888888,1,-1,0
56,2.316,0.5601851851851851,1,1,1
56,3.341,0.6666666666666667,1,1,0
56,2.781,0.9074074074074074,1,-1,0
56,3.901,0.08564814814814814,1,-1,1
56,3.312,0.8611111111111112,1,-1,0
56,3.7,0.07870370370370372,1,-1,1
56,2.788,0.6944444444444444,1,1,1
56,2.524,0.8981481481481481,1,1,0
56,3.083,0.8240740740740741,1,1,0
56,3.06,0.662037037037037,1,1,1
56,3.208,0.9212962962962964,1,-1,1
56,3.117,0.9212962962962964,1,-1,0
56,3.07,0.8541666666666666,1,1,0
56,3.509,0.5023148148148149,1,1,1
56,2.736,0.912037037037037,1,-1,1
56,3.126,0.7083333333333333,1,-1,0
56,3.741,0.2152777777777778,1,1,0
56,2.828,0.5833333333333333,1,1,1
56,3.167,0.31018518518518523,1,-1,0
56,2.643,0.6805555555555556,1,-1,1
56,3.36,0.02777777777777779,0,-1,1
56,3.722,0.33564814814814814,1,-1,0
56,4.012,0.5694444444444444,1,1,0
56,2.619,0.9583333333333334,1,1,1
56,2.683,0.8865740740740741,1,1,0
56,3.245,0.9652777777777778,1,-1,0
56,2.73,0.9282407407407408,1,1,1
56,3.746,0.04861111111111116,0,-1,1
56,5.288,0,0,-1,1
56,3.465,0.2407407407407407,1,1,1
56,2.889,0.5972222222222222,1,-1,0
56,3.621,0.41435185185185186,1,1,0
56,2.82,0.5694444444444444,1,-1,0
56,4.126,0.7291666666666667,1,1,1
56,2.863,0.5625,1,-1,1
56,3.104,0.7175925925925926,1,1,0
56,5.07,0,1,-1,1
56,2.221,1,1,1,1
56,3.008,0.8425925925925926,1,-1,0
56,2.907,0.6388888888888888,1,1,0
56,4.662,0.03703703703703709,1,-1,1
56,3.396,0.599537037037037,1,-1,0
56,3.251,0.6759259259259259,1,1,0
56,2.42,1,1,1,1
56,2.3,0.9305555555555556,1,1,1
56,3.55,0.5046296296296297,1,-1,0
56,2.003,1,1,1,0
56,4.056,0.8842592592592593,1,-1,1
75,2.679200000000012,0.7604166666666666,1,-1,1
75,2.0198999999999945,1,1,1,1
75,3.5362000000000116,0.625,1,-1,0
75,1.9838999999999944,0.8125,1,1,0
75,2.4085,0.6302083333333333,1,-1,1
75,1.8878000000000463,0.8776041666666666,1,1,1
75,2.4951999999999535,0.9973958333333334,1,-1,0
75,4.344799999999989,0.5338541666666667,1,1,0
75,1.9339000000000233,0.8984375,0,-1,0
75,3.5567000000000117,0.71875,1,1,0
75,4.481400000000023,0.6197916666666667,0,1,1
75,2.727200000000012,0.7395833333333333,1,-1,1
75,1.9673999999999652,0.8072916666666666,1,1,1
75,2.7219000000000233,0.78125,1,-1,0
75,1.945,0.7682291666666666,1,1,0
75,2.5347000000000115,0.7239583333333333,1,-1,1
75,2.0797000000000114,0.6614583333333333,1,1,0
75,2.0091999999999537,0.9348958333333334,1,1,1
75,3.188100000000035,0.8072916666666666,1,-1,0
75,4.467900000000023,0.9947916666666666,1,-1,1
75,2.6017000000000117,0.8333333333333334,1,-1,1
75,2.7365999999999766,0.8098958333333334,1,-1,0
75,2.7769000000000235,0.7942708333333334,1,1,1
75,4.6577000000000695,0.6901041666666667,1,1,0
75,2.85620000000007,0.6067708333333333,1,1,0
75,2.6713000000000466,0.9088541666666666,1,-1,1
75,2.79970000000007,0.8854166666666666,1,-1,0
75,4.896699999999954,0.6588541666666667,1,1,1
75,2.876600000000093,0.8072916666666666,1,-1,0
75,2.2598000000000464,0.8411458333333334,1,-1,1
75,2.0427999999999304,0.9348958333333334,1,1,1
75,2.315,0.6197916666666667,1,1,0
75,2.2428000000000465,0.9635416666666666,1,-1,0
75,2.390400000000023,1,1,1,0
75,2.2204000000000232,0.8671875,1,1,1
75,2.2924000000000233,0.9661458333333334,1,-1,1
75,3.3586000000000933,0.6536458333333333,0,1,1
75,1.9875999999999767,1,1,-1,0
75,4.546400000000023,0.6666666666666667,1,1,0
75,2.4193000000000464,0.7838541666666666,1,-1,1
75,2.073,0.9791666666666666,1,-1,0
75,2.10320000000007,0.9635416666666666,1,1,0
75,2.173400000000023,0.96875,1,1,1
75,2.0654000000000234,0.984375,1,-1,1
75,1.868,0.9739583333333334,1,-1,0
75,1.9424000000000232,1,1,-1,1
75,2.611,0.7239583333333333,1,1,1
75,2.11220000000007,0.9453125,1,1,0
75,2.7590999999999766,1,1,-1,1
75,1.8230999999999766,1,1,1,1
75,1.8732000000000697,1,1,1,0
75,2.2820999999999767,1,1,-1,0
75,2.0609000000000233,0.859375,1,1,0
75,2.056,0.984375,1,-1,0
75,2.9684000000000235,0.6744791666666667,1,1,1
75,2.08470000000007,1,1,-1,1
75,1.9718000000000464,1,1,1,1
75,2.160099999999977,1,1,-1,0
75,1.8631999999999536,1,1,1,0
75,2.2151999999999537,1,1,-1,1
75,2.3235,1,1,-1,0
75,2.1896999999999536,1,1,-1,1
75,1.922,1,1,1,0
75,2.0586999999999533,1,1,1,1
10,2.416300000000745,1,1,1,0
10,3.1603999999985097,0.8863423760523854,1,-1,1
10,3.213300000000745,0.8900841908325537,1,-1,0
10,2.898199999999255,0.989242282507016,1,1,1
10,3.3937000000011177,0.8620205799812909,1,-1,1
10,2.600699999999255,0.9855004677268476,1,1,1
10,3.3350999999996276,0.9256314312441534,1,-1,0
10,2.7339000000003724,0.9855004677268476,1,1,0
10,3.0960999999996273,0.8900841908325537,1,-1,1
10,2.429300000000745,1,1,1,1
10,2.987699999999255,0.8040224508886811,1,-1,0
10,2.632300000000745,0.9761459307764264,1,1,0
10,2.8089000000003725,0.951824134705332,1,-1,0
10,2.6740999999996276,1,1,1,0
10,3.1462000000011177,0.9686623012160898,1,-1,1
10,2.2015,0.9985968194574368,1,1,1
10,3.1110999999996274,0.9275023386342376,1,-1,0
10,2.2144000000003725,0.9985968194574368,1,1,0
10,2.25110000000149,1,1,1,1
10,4.590800000000745,0.8788587464920486,1,-1,1
10,2.9924000000003725,0.9349859681945744,1,-1,0
10,2.5625999999996276,0.9911131898971,1,1,1
10,2.5250999999996275,0.9536950420954162,1,-1,1
10,2.2325999999996275,1,1,1,0
10,1.978,1,1,1,1
10,2.477,0.9630495790458372,1,-1,1
10,2.291300000000745,0.949953227315248,1,-1,0
10,2.5614000000003725,0.989242282507016,1,1,0
10,6.3078000000007455,1,1,1,0
10,2.6954000000003724,0.9555659494855004,1,-1,1
10,2.4235,0.9948550046772684,1,1,1
10,2.6076999999992547,0.9761459307764264,1,-1,0
10,2.4065,1,1,-1,0
10,2.0832999999988826,1,1,1,0
10,3.4689000000003727,0.8807296538821329,1,-1,1
10,1.9239000000003723,0.9836295603367632,1,1,1
10,3.334799999998882,0.9593077642656688,1,-1,0
10,1.6830999999996277,1,1,1,0
10,1.920300000000745,1,1,1,1
10,2.1234000000003723,0.970533208606174,1,-1,1
10,2.4669000000003725,0.9967259120673526,1,1,1
10,2.0159000000003724,1,1,1,0
10,3.723099999999627,0.9536950420954162,1,-1,1
10,2.40160000000149,0.9929840972871844,1,-1,0
10,2.7015,0.9686623012160898,1,-1,1
10,2.9077000000011175,0.9873713751169316,1,1,1
10,2.5775,0.9630495790458372,1,-1,0
10,3.351699999999255,0.9836295603367632,1,1,0
10,2.7439000000003726,1,1,1,0
10,2.931199999999255,0.951824134705332,1,-1,1
10,3.885,0.9724041159962582,1,-1,0
10,3.6632000000011176,0.970533208606174,1,1,1
10,3.3539000000003725,0.9555659494855004,1,-1,1
10,2.661,0.9649204864359214,1,1,0
10,3.558,0.9873713751169316,1,1,1
10,2.2954000000003725,0.9630495790458372,1,-1,0
10,2.1987999999988825,0.9667913938260057,1,-1,1
10,3.329199999999255,0.979887745556595,1,-1,0
10,2.1343000000007453,0.979887745556595,1,1,0
10,2.2635,0.979887745556595,1,1,1
10,2.1815,0.949953227315248,1,-1,0
10,2.0702000000011176,0.9630495790458372,1,1,1
10,3.368,0.970533208606174,1,-1,1
10,2.3685,0.979887745556595,1,1,0
66,4.081,0.5301587301587302,1,-1,1
66,2.486,0.9412698412698411,1,1,1
66,4.611,0.719047619047619,1,-1,0
66,2.221,0.7476190476190476,1,1,0
66,3.252,0.8269841269841269,1,-1,0
66,3.678,0.6968253968253968,1,1,1
66,5.197,0.46825396825396826,1,1,0
66,3.55,0.5126984126984127,1,-1,1
66,3.824,0.46984126984126984,1,-1,1
66,6.466,0.48730158730158735,1,1,0
66,2.217,0.7904761904761904,1,1,1
66,4.519,0.5555555555555556,1,-1,0
66,4.291,0.7095238095238094,1,1,0
66,4.578,0.46190476190476193,1,-1,1
66,6.826,0.3761904761904762,1,-1,0
66,2.175,0.6365079365079365,1,1,1
66,3.364,0.553968253968254,1,-1,0
66,1.973,0.7587301587301587,1,1,1
66,4.6,0.4222222222222223,1,-1,1
66,3.386,0.9492063492063492,1,1,1
66,5.578,0.5111111111111111,1,-1,0
66,5.969,0.5301587301587302,1,-1,1
66,2.144,0.8031746031746032,1,1,0
66,2.626,0.7142857142857143,1,1,0
66,2.292,0.873015873015873,1,1,1
66,3.712,0.8507936507936508,1,-1,0
66,5.014,0.5158730158730158,1,-1,1
66,4.725,0.446031746031746,1,-1,0
66,1.804,0.9349206349206348,1,1,1
66,2.614,0.6984126984126984,1,1,0
66,5.1,0.5809523809523809,1,-1,1
66,4.346,0.4984126984126984,1,-1,0
66,1.7,1,1,1,0
66,3.95,0.5888888888888889,1,-1,1
66,1.915,1,1,1,1
66,2.307,1,0,-1,0
66,5.577,0.41587301587301584,1,-1,1
66,2.369,0.773015873015873,1,1,1
66,2.208,1,1,1,0
66,4.499,0.553968253968254,1,-1,1
66,1.849,1,1,1,0
66,1.98,1,1,1,1
66,2.316,1,0,-1,0
66,2.019,0.8158730158730159,1,1,1
66,3.138,0.4301587301587302,1,-1,0
66,3.559,0.8396825396825397,1,1,0
66,5.067,0.446031746031746,1,-1,1
66,2.12,1,1,1,0
66,1.879,0.7380952380952381,1,1,1
66,2.742,0.5206349206349206,1,-1,1
66,2.388,0.5238095238095238,1,-1,0
66,2.775,0.4809523809523809,0,1,0
66,2.524,0.6317460317460317,1,1,1
66,2.582,0.3841269841269841,1,-1,0
66,3.42,0.4587301587301588,1,-1,1
66,3.548,0.3888888888888888,0,1,0
66,3.033,0.5206349206349206,1,1,1
66,2.451,0.4984126984126984,1,-1,1
66,4.189,0.6555555555555556,1,-1,0
66,2.314,0.4206349206349206,1,1,1
66,3.401,0.6476190476190475,1,-1,1
66,4.491,0.6761904761904762,0,1,0
66,2.759,0.5555555555555556,1,-1,0
30,3.228100000023842,0.5537037037037037,1,1,0
30,2.328200000047684,0.6870370370370371,1,-1,0
30,2.6562000000476838,0.812962962962963,1,1,1
30,1.8687000000476834,0.825925925925926,1,-1,1
30,2.1016000000238417,0.9,1,1,0
30,2.455600000023842,0.3388888888888889,1,1,1
30,1.9905999999642372,0.6037037037037036,1,-1,1
30,2.7101999999880793,0.762962962962963,1,-1,0
30,2.8637999999523163,0.2962962962962963,1,-1,0
30,2.1788999999761582,0.2944444444444444,1,-1,1
30,2.6561000000238417,0.3314814814814815,1,1,1
30,2.213800000011921,0.6370370370370371,1,1,0
30,2.6352999999523163,0.6037037037037036,1,-1,0
30,2.074800000011921,0.7018518518518518,1,1,1
30,2.5795,0.6166666666666667,1,1,0
30,2.146699999988079,0.8092592592592592,1,-1,1
30,1.9702999999523165,0.8,1,-1,1
30,2.511,0.7796296296296297,1,1,0
30,2.080300000011921,0.09444444444444444,1,1,1
30,1.894800000011921,0.6555555555555556,1,-1,0
30,1.9142000000476835,0.7518518518518519,1,-1,0
30,3.089399999976158,0.8555555555555556,1,-1,1
30,2.427800000011921,0.5962962962962963,1,1,1
30,3.729,0.19259259259259257,0,1,0
30,2.2146000000238417,0.2925925925925926,0,1,1
30,3.7337000000476843,0.5462962962962963,1,1,0
30,2.4285,0.7148148148148148,1,-1,1
30,3.3955,0.7314814814814814,1,-1,0
30,3.06,0.7259259259259259,1,-1,0
30,2.8285,0.23333333333333328,1,1,0
30,3.057,0.274074074074074,1,1,1
30,2.6885,0.4185185185185185,1,-1,1
30,3.553,0.5925925925925926,1,1,1
30,2.071600000023842,0.7518518518518519,1,-1,1
30,2.6418999999761583,0.337037037037037,1,-1,0
30,1.8350999999642372,0.5351851851851852,1,1,0
30,2.6175,0.20185185185185184,1,1,0
30,2.031199999988079,0.6555555555555556,1,-1,0
30,1.911,0.8055555555555556,1,1,1
30,2.2524000000357627,0.7574074074074074,1,-1,1
30,1.978699999988079,0.7703703703703704,1,1,1
30,2.268799999952316,0.85,1,-1,0
30,1.9707000000476835,0.8055555555555556,1,-1,1
30,5.4235,0.8574074074074074,1,1,0
30,2.220900000035763,0.5555555555555556,1,-1,1
30,2.7105999999642374,0.7111111111111111,1,1,0
30,1.8921000000238422,0.8703703703703703,1,-1,0
30,2.6765,0.4296296296296296,1,1,1
30,1.974699999988079,0.7296296296296296,1,1,1
30,1.881199999988079,0.7962962962962963,1,-1,1
30,1.8798999999761579,0.7574074074074074,1,-1,0
30,2.087900000035763,0.8629629629629629,1,1,0
30,1.842,0.9722222222222222,1,-1,0
30,1.912199999988079,0.8481481481481481,1,-1,1
30,3.0195,0.24259259259259255,1,1,0
30,2.897,0.23333333333333328,0,1,1
30,2.362300000011921,0.7981481481481482,1,-1,1
30,1.8721999999880792,0.4833333333333333,1,1,0
30,1.7015999999642373,0.8222222222222222,1,-1,0
30,1.854800000011921,0.6777777777777778,0,1,1
30,2.558300000011921,0.5685185185185185,1,1,0
30,2.317,0.6148148148148148,1,-1,0
30,1.7768999999761579,0.7462962962962962,1,-1,1
30,2.1462000000476835,0.6407407407407407,1,1,1
51,3.2354000000059604,0.8880208333333334,1,1,1
51,3.568199999988079,0.44791666666666663,1,-1,1
51,4.174599999994039,0.9270833333333334,1,1,0
51,4.256699999988079,0.8463541666666666,1,1,0
51,3.0393999999761583,0.8697916666666666,1,1,1
51,3.1040999999940397,0.609375,1,-1,1
51,3.1015,0.6328125,1,-1,0
51,4.307400000005961,0.6614583333333333,1,-1,0
51,5.488900000005961,0.8515625,1,1,1
51,4.430800000011921,0.765625,1,-1,1
51,2.830699999988079,0.9114583333333334,1,1,0
51,2.633199999988079,0.6380208333333333,1,-1,0
51,4.0782000000178815,0.6015625,1,-1,1
51,3.7862000000178813,0.8489583333333334,1,1,1
51,2.934199999988079,0.8802083333333334,1,1,0
51,2.874,0.6276041666666667,1,-1,1
51,3.0772999999821185,0.875,1,1,0
51,2.4209000000059606,0.8697916666666666,1,1,1
51,2.6789000000059606,0.7682291666666666,1,-1,0
51,3.656600000023842,0.8880208333333334,1,1,0
51,3.3424000000059606,0.9114583333333334,1,1,1
51,2.8535999999940396,0.7265625,1,-1,1
51,2.1054000000059605,0.8125,1,-1,0
51,2.4709000000059604,0.8411458333333334,1,-1,0
51,2.8497000000178816,0.9244791666666666,1,1,1
51,3.024300000011921,0.8958333333333334,1,1,0
51,2.448300000011921,0.765625,1,-1,1
51,3.021199999988079,0.6614583333333333,1,1,0
51,2.959,0.8619791666666666,1,1,1
51,3.1177999999821187,0.6796875,1,-1,0
51,2.641300000011921,0.8463541666666666,1,-1,1
51,4.369700000017882,0.8776041666666666,1,1,1
51,2.3459000000059604,0.8802083333333334,1,-1,0
51,2.809,0.8880208333333334,1,1,0
51,2.3119000000059606,0.8515625,1,-1,1
51,3.978900000005961,0.8411458333333334,1,-1,0
51,2.359100000023842,0.8776041666666666,1,1,1
51,3.007,0.8229166666666666,1,-1,1
51,5.604400000005961,0.828125,1,1,0
51,2.7043999999761583,0.8072916666666666,1,-1,1
51,2.3200999999940395,0.9114583333333334,1,1,1
51,4.1425,0.8802083333333334,1,1,0
51,3.0599000000059604,0.8020833333333334,1,-1,0
51,3.604400000005961,0.7708333333333334,1,1,0
51,4.1332999999821185,0.7630208333333334,1,-1,0
51,4.327200000017881,0.7760416666666666,1,-1,1
51,2.8959000000059603,0.8203125,1,1,1
51,3.5734000000059605,0.7994791666666666,1,-1,0
51,3.2073000000119207,0.8098958333333334,1,1,0
51,2.6585,0.8645833333333334,1,1,1
51,2.781600000023842,0.8203125,1,-1,1
51,2.9634000000059606,0.8567708333333334,1,1,0
51,2.8690999999940394,0.8125,1,-1,1
51,2.4045,0.875,1,1,1
51,2.8905999999940395,0.7578125,1,-1,0
51,2.377,0.8515625,1,1,0
51,2.645300000011921,0.7682291666666666,1,-1,0
51,2.4625,0.90625,1,1,1
51,4.9845,0.765625,1,-1,1
51,2.963899999976158,0.8984375,1,1,1
51,2.696,0.9140625,1,1,0
51,3.3382000000178813,0.7317708333333333,1,-1,1
51,2.6604000000059607,0.7421875,1,-1,0
125,5.1174000000022355,0.8625,1,-1,1
125,4.59370000000298,0.9225,1,-1,0
125,2.29889999999851,1,1,1,1
125,2.0496000000014902,1,1,1,0
125,4.594,0.9025,1,-1,1
125,1.89310000000149,1,1,1,1
125,3.25110000000149,1,1,-1,0
125,1.9538000000007452,0.96,1,1,0
125,1.7751000000014898,0.9875,1,1,1
125,3.7869000000022353,0.8825000000000001,1,-1,0
125,2.875,1,1,-1,1
125,1.710199999999255,1,1,1,0
125,2.0055,1,1,1,1
125,1.7466000000014898,1,1,1,0
125,2.23960000000149,0.98,1,-1,0
125,2.920099999997765,0.9625,1,-1,1
125,3.999300000000745,1,1,1,0
125,3.0491999999992547,1,1,-1,1
125,4.00570000000298,0.8674999999999999,0,-1,0
125,3.3749000000022353,0.9075,1,-1,1
125,1.912,1,1,1,1
125,3.03489999999851,1,1,-1,0
125,4.311199999999255,1,1,1,0
125,3.1055,0.9225,1,-1,1
125,2.2188999999985097,1,1,1,1
125,3.6702999999970203,0.995,1,-1,0
125,4.5395999999977645,0.845,1,1,0
125,3.3229000000022353,1,1,-1,1
125,3.238300000000745,0.895,1,1,1
125,2.54270000000298,0.9,1,-1,1
125,3.0542000000029796,0.9075,1,-1,0
125,2.2275,0.93,1,1,0
125,3.00760000000149,1,1,-1,0
125,2.536199999999255,1,1,1,1
125,2.694,1,1,1,0
125,2.8214000000022352,0.965,1,-1,1
125,2.32779999999702,0.97,1,1,1
125,2.804,0.9525,1,-1,1
125,3.7713000000007453,0.955,1,-1,0
125,1.7941999999992548,1,1,1,0
125,3.204,1,1,-1,0
125,3.412,1,1,1,0
125,3.559300000000745,1,1,1,1
125,2.675199999999255,1,1,-1,1
125,6.071400000002235,1,1,1,0
125,1.749199999999255,1,1,1,1
125,2.539699999999255,1,1,-1,0
125,5.119099999997765,0.72,1,1,0
125,5.041099999997765,1,1,1,1
125,2.81039999999851,1,1,1,0
125,2.15,1,1,1,1
125,6.207199999999255,1,1,-1,0
125,5.06610000000149,0.9,1,-1,1
125,3.9950999999977648,1,1,-1,0
125,2.5744000000022353,1,1,1,0
125,1.8455,1,1,1,1
74,2.1941999999992547,1,1,-1,0
74,2.066699999999255,0.9911111111111112,1,1,1
74,1.5515,1,1,1,0
74,2.3065999999996274,1,1,-1,1
74,1.5600999999996277,1,1,1,0
74,1.4782000000011175,1,1,1,1
74,1.8373000000007451,1,1,-1,0
74,2.19310000000149,1,1,-1,1
74,1.530699999999255,1,1,1,1
74,2.262,1,1,-1,1
74,1.5793999999985102,1,1,1,0
74,2.1507999999988825,1,1,-1,0
74,1.706,1,1,-1,1
74,2.885199999999255,1,1,1,0
74,1.7439000000003724,1,1,-1,0
74,1.626800000000745,1,1,1,1
74,1.6612000000011176,1,1,1,0
74,1.5076999999992549,1,1,-1,1
74,1.52,1,1,-1,0
74,1.4332000000011176,1,1,1,1
74,2.7807000000011177,1,1,1,1
74,1.6672999999988825,1,1,-1,1
74,1.6186999999992548,1,1,-1,0
74,1.545699999999255,1,1,1,0
74,1.6834000000003724,1,1,1,1
74,1.8584000000003722,1,1,1,0
74,3.1232000000011175,1,1,-1,0
74,1.9629000000003722,1,1,-1,0
74,1.8777999999988824,1,1,1,0
74,1.4823000000007451,1,1,-1,1
74,1.467300000000745,1,1,1,1
74,2.1071000000014903,1,1,1,0
74,1.5797999999988823,1,1,-1,1
74,2.98560000000149,1,1,-1,0
74,1.6214000000003723,1,1,1,1
74,1.6799000000003723,1,1,1,0
74,1.87460000000149,1,1,-1,1
74,1.525,1,1,1,1
74,2.052699999999255,1,1,-1,0
74,1.4118000000007451,1,1,1,0
74,3.1570999999996276,1,1,1,1
74,1.6509000000003724,1,1,-1,0
74,4.095700000001117,1,1,-1,1
74,1.519300000000745,1,1,-1,0
74,1.6545999999996277,0.9911111111111112,1,-1,1
74,1.848,1,1,1,0
74,1.5248000000007451,1,1,1,1
74,1.53760000000149,1,1,1,0
74,2.3997000000011175,1,1,-1,1
74,4.6685999999996275,1,1,1,1
74,1.876300000000745,1,1,1,0
74,3.057300000000745,1,1,-1,0
74,1.425300000000745,1,1,-1,1
74,2.0627999999988824,1,1,1,1
74,1.5039000000003724,1,1,-1,0
74,1.6901000000014899,1,1,1,0
74,1.8892000000011175,1,1,-1,1
74,1.8806999999992549,1,1,1,1
74,1.5941999999992549,1,1,-1,0
74,2.7157000000011178,1,0,1,0
74,2.139,1,1,-1,1
74,1.4270999999996277,1,1,1,1
83,3.025400000035763,1,1,-1,0
83,1.910199999988079,1,1,1,1
83,3.2575,1,1,-1,1
83,3.780399999976158,1,1,-1,1
83,2.1498999999761583,1,1,1,1
83,3.8283000000119207,1,1,-1,0
83,3.696199999988079,0.49479166666666663,1,1,0
83,3.528,0.7838541666666666,1,-1,0
83,2.0385,1,1,1,0
83,2.6376000000238418,1,1,-1,1
83,3.179199999988079,1,1,1,1
83,2.166300000011921,1,1,1,0
83,3.3405999999642373,1,1,-1,0
83,2.697600000023842,1,1,-1,1
83,3.095600000023842,1,0,1,1
83,1.9623000000119208,1,1,-1,0
83,1.982199999988079,1,1,1,0
83,1.9005,0.6015625,1,1,1
83,1.9835,1,1,-1,1
83,2.155,0.6510416666666667,1,1,0
83,1.977899999976158,1,1,-1,1
83,1.785899999976158,0.7005208333333333,1,1,1
83,1.775199999988079,1,1,-1,0
83,2.2226000000238417,0.5,0,1,1
83,2.642199999988079,1,1,-1,1
83,1.8514000000357629,1,1,-1,0
83,4.885199999988079,1,0,1,0
83,1.8307000000476834,1,1,-1,0
83,2.071600000023842,1,1,-1,1
83,3.600600000023842,1,0,1,1
83,2.1484000000357626,1,0,1,0
83,3.979,0.4609375,0,1,0
83,2.556199999988079,1,1,-1,0
83,1.8945999999642371,1,1,1,1
83,2.154,1,1,-1,1
83,2.4614000000357628,1,1,1,0
83,2.7273000000119207,1,1,-1,0
83,2.277199999988079,1,1,-1,1
83,2.316600000023842,1,0,1,1
83,1.795300000011921,1,1,-1,1
83,2.122100000023842,1,1,1,1
83,1.829800000011921,1,1,-1,0
83,1.972699999988079,1,1,1,0
83,1.8778000000119208,1,1,-1,1
83,2.029699999988079,1,1,-1,0
83,1.9227000000476835,1,1,1,0
83,1.643199999988079,0.6614583333333333,1,1,1
83,1.8255,0.9895833333333334,1,1,0
83,1.7085999999642372,0.5651041666666667,1,1,1
83,1.731,1,1,-1,0
83,1.791,1,1,-1,1
83,1.9223999999761578,1,1,-1,0
83,3.2005,1,0,1,1
83,1.8926999999880791,1,1,1,0
83,1.5952000000476836,1,1,-1,1
83,1.691,1,1,-1,1
83,1.6133000000119209,1,1,-1,0
83,1.7085,1,0,1,0
83,1.984800000011921,1,1,1,1
83,2.444699999988079,1,1,1,0
83,1.6512000000476834,1,1,-1,0
83,1.841,1,1,-1,1
83,1.846699999988079,1,1,1,1
14,2.1885,0.7685185185185185,1,-1,1
14,2.358,0.2152777777777778,0,-1,0
14,2.349199999988079,0.4421296296296297,1,1,0
14,2.361,0.8912037037037037,1,1,1
14,2.232,0.13888888888888884,1,-1,1
14,2.271100000023842,0,1,-1,0
14,2.128600000023842,1,1,1,1
14,2.424699999988079,0.7175925925925926,0,1,0
14,2.0550999999642374,0.2222222222222222,1,-1,0
14,2.8453999999761583,0.15509259259259256,1,-1,1
14,2.102,0.6388888888888888,1,1,0
14,2.1488000000119207,0.712962962962963,1,1,1
14,2.5165,0.5300925925925926,0,-1,0
14,1.879199999988079,0.2569444444444444,1,1,1
14,2.224,0.5046296296296297,1,-1,1
14,2.259699999988079,0.6643518518518519,1,1,0
14,2.207699999988079,0.5787037037037037,1,-1,1
14,2.2451000000238417,0.2407407407407407,1,-1,0
14,1.8104000000357627,1,1,1,0
14,1.7496999999880791,1,1,1,1
14,2.097800000011921,0.9074074074074074,1,1,1
14,2.072800000011921,0.4513888888888888,1,1,0
14,1.9646000000238422,0.5509259259259259,1,-1,0
14,2.210100000023842,0.4328703703703703,1,-1,1
14,2.195199999988079,0.4328703703703703,1,-1,0
14,1.867399999976158,0.7777777777777778,1,1,1
14,2.944400000035763,0.8611111111111112,1,-1,1
14,2.055,0.32407407407407407,1,1,0
14,2.2107999999523162,0,1,1,0
14,2.238400000035763,1,1,-1,1
14,1.890800000011921,1,1,1,1
14,2.137199999988079,1,1,-1,0
14,1.912800000011921,1,1,-1,1
14,2.134400000035763,1,1,-1,0
14,1.907899999976158,1,1,1,0
14,1.7857000000476835,1,1,1,1
14,1.899399999976158,1,1,1,1
14,2.436400000035763,0.46990740740740744,0,1,0
14,2.049800000011921,0.41666666666666663,1,-1,1
14,2.258199999988079,0.5509259259259259,1,-1,0
14,1.9235999999642373,0.3726851851851852,1,-1,0
14,1.8761000000238421,0.962962962962963,1,1,1
14,1.743800000011921,0.6921296296296297,1,-1,1
14,1.791800000011921,1,1,1,0
14,1.908800000011921,0.3796296296296297,1,1,0
14,1.833699999988079,1,1,1,1
14,2.37,0.4722222222222222,1,-1,1
14,2.1200999999642374,0.08333333333333337,1,-1,0
14,1.8485,0.9583333333333334,1,1,1
14,2.501800000011921,0.29166666666666663,1,1,0
14,2.1075,0.7638888888888888,1,-1,0
14,1.9997999999523166,0.9236111111111112,1,-1,1
14,2.136899999976158,0.8125,1,-1,1
14,1.907199999988079,0.6851851851851851,1,1,0
14,2.0245,0.4953703703703703,1,-1,0
14,2.100800000011921,0.9861111111111112,1,1,1
14,1.932300000011921,1,1,-1,0
14,2.706399999976158,1,1,1,0
14,2.303900000035763,0.5740740740740741,1,1,1
14,2.022,0.9837962962962964,1,-1,1
14,1.875399999976158,1,1,1,0
14,2.1233999999761584,1,1,-1,0
14,2.0975,1,1,-1,1
14,1.7907999999523165,1,1,1,1
157,2.2640999999940394,0.2533333333333333,1,1,1
157,3.086899999976158,0.9977777777777778,1,-1,0
157,4.52509999999404,0.5488888888888889,1,1,0
157,2.5447999999821187,0.7622222222222222,1,-1,1
157,3.2005999999940395,0.8644444444444445,1,-1,0
157,4.171399999976158,0.45333333333333337,0,1,0
157,2.5459000000059606,0.6266666666666667,1,-1,1
157,2.2547000000178814,0.7777777777777778,1,1,1
157,1.6857000000178815,0.9933333333333332,1,1,1
157,2.6157999999821184,0.7355555555555555,0,1,0
157,1.772199999988079,0.5577777777777777,1,-1,0
157,2.1162000000178813,0.7333333333333334,1,-1,1
157,1.738800000011921,0.8933333333333333,1,-1,0
157,2.3757000000178814,0.45333333333333337,0,1,0
157,2.6030999999940394,0.8511111111111112,1,-1,1
157,3.4675,0.33999999999999997,1,1,1
157,1.7137999999821185,0.6155555555555556,1,-1,0
157,1.5365,1,1,1,1
157,1.628800000011921,1,1,-1,1
157,2.221,0.4066666666666666,1,1,0
157,2.1285999999940395,0.5377777777777778,0,1,1
157,2.1778999999761584,0.9711111111111111,1,-1,1
157,1.957300000011921,1,1,-1,0
157,1.755899999976158,1,0,1,0
157,2.630399999976158,0.6066666666666667,1,-1,1
157,1.7679000000059604,0.36444444444444446,0,1,0
157,2.034,0.508888888888889,1,-1,0
157,2.3107999999821187,0.22888888888888892,1,1,1
157,3.911699999988079,0.3555555555555555,0,1,1
157,1.6838000000119209,0.6844444444444444,1,1,0
157,2.602,0.4622222222222222,1,-1,0
157,2.934300000011921,0.2444444444444445,1,-1,1
157,1.8020999999940395,0.7088888888888889,1,1,0
157,1.776,1,1,1,1
157,1.9805999999940396,0.8933333333333333,1,-1,0
157,1.9470999999940395,0.7022222222222223,1,-1,1
157,1.8692999999821185,0.4577777777777778,1,-1,1
157,1.4594000000059604,1,1,1,0
157,1.7415,0.5488888888888889,1,-1,0
157,1.962,0.9711111111111111,1,1,1
157,1.8610999999940396,0.9,1,1,0
157,2.8254000000059603,1,1,1,1
157,1.843800000011921,0.6733333333333333,1,-1,1
157,1.6605,0.33999999999999997,1,-1,0
157,1.7720999999940394,0.42666666666666664,1,-1,0
157,1.5890999999940396,0.6755555555555556,1,1,0
157,1.4085,1,1,1,1
157,1.682300000011921,1,1,-1,1
157,1.3986999999880791,0.9422222222222222,1,1,1
157,1.461699999988079,1,1,1,0
157,1.5715999999940395,0.9822222222222222,1,-1,0
157,1.6972000000178813,0.7555555555555555,1,-1,1
157,1.7002999999821187,0.54,1,-1,1
157,1.5239000000059604,0.7755555555555556,1,1,1
157,1.9714000000059604,0.5133333333333333,0,1,0
157,1.6246999999880791,0.9044444444444444,1,-1,0
157,1.7337000000178815,0.6666666666666667,1,-1,0
157,1.490199999988079,0.4666666666666667,1,-1,1
157,1.5964000000059604,0.6555555555555556,1,1,0
157,1.5114000000059604,0.9422222222222222,1,1,1
157,1.809,0.8444444444444444,0,1,0
157,1.5525,1,1,-1,0
157,1.623199999988079,0.7422222222222222,1,-1,1
157,1.5305999999940396,1,1,1,1
111,1.786,0.8592592592592593,1,1,0
111,1.7187000000001864,0.8703703703703703,1,1,1
111,2.1539000000003727,0.8481481481481481,1,-1,1
111,1.6263000000002794,0.6666666666666667,0,-1,0
111,1.7808000000002795,0.7388888888888889,1,1,0
111,1.6977000000001865,0.7740740740740741,1,1,1
111,2.5385999999996276,0.7759259259259259,1,-1,1
111,1.505600000000093,0.6888888888888889,0,-1,0
111,2.0147999999998136,0.8203703703703704,1,-1,1
111,2.512100000000093,0.7388888888888889,1,-1,0
111,1.5077000000001866,0.7388888888888889,1,1,0
111,1.6381000000000931,0.6185185185185185,1,1,1
111,2.1398000000002795,0.7759259259259259,1,-1,1
111,2.1742999999998136,0.5592592592592592,1,1,1
111,1.9615,0.4703703703703703,1,1,0
111,1.9567000000001864,0.7981481481481482,1,-1,0
111,2.2195,0.3574074074074074,1,1,0
111,2.0110999999996277,0.8074074074074074,1,-1,0
111,2.2826000000000932,0.7444444444444445,1,-1,1
111,2.5435,0.3111111111111111,1,1,1
111,1.975899999999907,0.8444444444444444,0,1,1
111,2.0047999999998134,0.8629629629629629,1,-1,0
111,2.765300000000279,0.7962962962962963,0,1,0
111,1.8331000000000932,0.8574074074074074,1,-1,1
111,1.820800000000279,0.8611111111111112,1,-1,0
111,3.0442999999998137,0.7333333333333334,0,1,1
111,1.970399999999907,0.8240740740740741,1,-1,1
111,3.8506000000000933,0.7,0,1,0
111,1.9790999999996277,0.7944444444444445,1,-1,0
111,1.8335999999996277,0.5222222222222221,1,1,0
111,1.7093999999999068,0.8185185185185185,1,-1,1
111,2.4708000000002794,0.7296296296296296,0,1,1
111,1.8501000000000931,0.9,1,1,0
111,1.9257000000001865,0.35,0,-1,1
111,1.6141000000000931,0.9462962962962964,1,1,1
111,1.6567000000001866,0.7314814814814814,0,-1,0
111,1.6078999999999068,0.8407407407407408,1,1,1
111,1.604899999999907,0.8518518518518519,1,1,0
111,1.8472999999998134,0.4407407407407408,0,-1,0
111,2.6062000000001864,0.7074074074074075,1,-1,1
111,2.334799999999814,0.7203703703703703,1,-1,1
111,1.4972999999998136,0.6222222222222222,0,-1,0
111,1.9068000000002792,0.6685185185185185,1,1,0
111,1.4923000000002793,0.587037037037037,1,1,1
111,4.627,0.5962962962962963,1,-1,0
111,1.497600000000093,0.6870370370370371,1,1,0
111,1.5645,0.762962962962963,1,1,1
111,1.7936000000000931,0.7722222222222223,1,-1,1
111,1.564600000000093,0.8,1,1,0
111,1.6557000000001865,0.8629629629629629,1,-1,0
111,1.7984000000003724,0.6759259259259259,1,-1,1
111,1.517,0.7925925925925926,1,1,1
111,1.6546999999997205,0.8685185185185185,1,-1,0
111,2.156,0.5185185185185186,1,1,1
111,2.409399999999907,0.587037037037037,1,1,0
111,1.7029000000003722,0.7185185185185186,1,-1,1
111,1.8638999999999069,0.7777777777777778,1,-1,0
111,1.4991999999997205,0.6296296296296297,1,1,0
111,1.8351999999997208,0.7888888888888889,1,-1,1
111,2.0487000000001863,0.3481481481481481,1,1,1
111,1.8182999999998135,0.8055555555555556,1,-1,1
111,1.8979000000003723,0.7018518518518518,1,1,1
111,1.7654000000003722,0.5222222222222221,1,1,0
111,1.765,0.8055555555555556,1,-1,0
162,2.1426000000238417,0.9203703703703704,1,-1,0
162,1.8407999999523166,1,1,1,1
162,1.872600000023842,1,1,1,0
162,2.710699999988079,0.8333333333333334,1,-1,1
162,1.737800000011921,1,1,1,0
162,1.689600000023842,1,1,-1,1
162,1.6425999999642371,1,1,1,1
162,2.572,0.8666666666666667,1,-1,0
162,1.4406000000238421,1,1,1,1
162,2.5035,0.8555555555555556,1,-1,0
162,1.8159000000357628,1,1,-1,1
162,1.619699999988079,1,1,1,0
162,2.059899999976158,0.8925925925925926,1,-1,0
162,1.595199999988079,1,1,1,0
162,1.7543000000119209,1,1,-1,1
162,1.4791000000238421,1,1,1,1
162,1.450199999988079,1,1,1,0
162,1.5918999999761578,1,1,1,1
162,1.688199999988079,1,1,-1,1
162,1.9503000000119208,1,1,-1,0
162,1.661199999988079,1,1,-1,1
162,2.7812000000476838,1,1,-1,0
162,1.5000999999642373,1,1,1,1
162,1.6635999999642372,1,1,1,0
162,1.603699999988079,1,1,-1,1
162,1.6909000000357628,1,1,-1,0
162,1.444800000011921,1,1,1,1
162,1.484399999976158,1,1,1,0
162,1.427300000011921,1,1,1,1
162,1.665399999976158,1,1,-1,1
162,1.934300000011921,1,1,-1,0
162,2.596,1,1,1,0
162,1.6056000000238422,1,1,-1,0
162,1.7255,1,1,1,1
162,1.711,1,1,1,0
162,1.8794000000357627,1,1,-1,1
162,2.590899999976158,1,1,-1,0
162,1.806300000011921,1,1,-1,1
162,1.534600000023842,0.9777777777777776,1,1,1
162,1.671699999988079,1,1,1,0
162,1.708199999988079,1,1,-1,1
162,1.538300000011921,1,1,1,0
162,1.4585999999642372,1,1,1,1
162,1.796699999988079,1,1,-1,0
162,1.359699999988079,0.987037037037037,1,1,1
162,1.950100000023842,1,1,-1,1
162,1.728800000011921,1,1,-1,0
162,1.587199999988079,1,1,1,0
162,1.7808999999761579,1,1,-1,1
162,1.672300000011921,1,1,-1,0
162,1.4375,1,1,1,1
162,1.432,1,1,1,0
162,1.559800000011921,1,1,-1,1
162,1.641,1,1,1,1
162,1.9825,1,1,-1,0
162,1.4914000000357628,1,1,1,0
162,1.5036999999880791,1,1,1,1
162,1.5245999999642372,1,1,-1,0
162,1.4245,1,1,1,0
162,1.515300000011921,1,1,-1,1
162,1.8779000000357629,1,1,-1,0
162,1.3995,1,1,1,1
162,1.546300000011921,1,1,1,0
162,1.533899999976158,1,1,-1,1
153,1.854,1,1,1,1
153,4.358,0.3125,1,-1,0
153,2.051,1,1,1,0
153,5.417,0.359375,1,-1,1
153,3.236,0.6458333333333333,1,-1,1
153,1.989,1,1,1,1
153,1.705,1,1,1,0
153,3.352,0.31770833333333337,1,-1,0
153,4.945,0.34375,1,-1,0
153,1.861,1,1,1,1
153,1.504,1,1,1,0
153,2.915,0.7213541666666667,1,-1,1
153,3.908,0.75,1,1,0
153,1.931,1,1,1,1
153,4.123,0.640625,1,-1,0
153,4.42,0.8567708333333334,1,-1,1
153,3.487,0.5052083333333333,1,-1,1
153,2.349,0.828125,1,-1,0
153,2.635,0.7838541666666666,1,1,0
153,1.909,1,1,1,1
153,4.816,0.5364583333333333,1,1,0
153,4.403,1,1,-1,1
153,3.808,0.7838541666666666,1,-1,0
153,2.08,1,1,1,1
153,1.561,1,1,1,1
153,3.16,0.8723958333333334,1,1,0
153,3.171,0.7864583333333334,1,-1,0
153,2.362,1,1,-1,1
153,2.85,0.6953125,1,1,0
153,2.796,0.6328125,1,-1,0
153,1.855,1,1,1,1
153,3.063,1,1,-1,1
153,2.761,1,1,1,0
153,3.491,0.6927083333333333,1,-1,0
153,3.46,0.765625,1,-1,1
153,1.663,1,1,1,1
153,4.326,0.578125,1,-1,0
153,2.871,0.5651041666666667,1,1,1
153,3.347,0.6354166666666667,0,-1,1
153,4.483,0.33072916666666663,1,1,1
153,6.218,0.29947916666666663,1,-1,0
153,5.891,0.21875,1,-1,1
153,3.998,0.28385416666666663,1,-1,1
153,6.308,0.29427083333333337,1,-1,0
153,6.443,0.140625,1,1,1
153,6.689,0.04427083333333337,1,1,0
153,2.725,0.40364583333333337,1,1,1
153,5.814,0.42447916666666663,1,1,0
153,3.186,0.47135416666666663,1,-1,0
153,2.283,0.2890625,1,1,0
153,3.407,0.41145833333333337,1,-1,1
153,5.431,0.36197916666666663,1,-1,0
153,5.032,0.4296875,1,1,1
153,3.337,0.26302083333333337,1,-1,1
153,2.829,0.640625,1,1,0
153,2.383,0.6953125,1,1,1
153,3.208,0.45833333333333337,1,-1,0
153,3.883,0.5234375,1,1,0
153,2.737,0.5546875,1,1,1
153,2.784,0.4296875,1,-1,0
153,3.223,0.7109375,1,-1,1
63,2.4263999999761583,0.7481481481481482,1,-1,0
63,3.1732000000476837,0.5259259259259259,1,-1,1
63,3.405100000023842,0.5407407407407407,1,1,1
63,2.2115,0.5907407407407408,1,1,0
63,1.635699999988079,0.9314814814814816,1,1,1
63,1.837699999988079,0.7111111111111111,1,1,0
63,1.705600000023842,0.4222222222222223,0,-1,1
63,1.751899999976158,1,1,-1,0
63,2.818800000011921,0.4981481481481481,1,-1,1
63,2.0446000000238422,0.5722222222222222,0,1,0
63,1.9827000000476835,1,1,-1,0
63,2.054199999988079,0.4981481481481481,1,1,1
63,1.8295,1,1,-1,0
63,3.052699999988079,0.5629629629629629,0,1,1
63,3.5725,0.8574074074074074,0,1,0
63,2.2295,1,1,-1,1
63,1.863199999988079,1,0,1,1
63,2.3780999999642374,1,1,-1,1
63,2.680900000035763,1,0,1,0
63,1.808,1,1,-1,0
63,3.121800000011921,0.4981481481481481,1,-1,0
63,2.4255,0.3759259259259259,1,1,0
63,2.054300000011921,0.4481481481481482,1,1,1
63,1.7583000000119209,1,1,-1,1
63,2.344099999964237,0.6703703703703704,1,-1,1
63,3.396199999988079,0.962962962962963,0,1,0
63,2.3051000000238417,1,1,-1,0
63,2.411,0.5018518518518518,1,1,1
63,1.720100000023842,1,1,-1,0
63,2.1913000000119207,0.5888888888888889,1,1,0
63,1.955100000023842,0.5185185185185186,1,1,1
63,2.2940999999642373,0.7814814814814814,1,-1,1
63,1.8465999999642373,1,1,-1,0
63,3.025099999964237,0.7333333333333334,1,-1,1
63,1.718,0.737037037037037,1,1,0
63,1.693100000023842,0.8,1,1,1
63,3.508800000011921,0.4629629629629629,1,1,1
63,1.989800000011921,0.7,1,-1,1
63,1.739300000011921,0.7925925925925926,1,-1,0
63,3.138800000011921,0.45,0,1,0
63,2.701,0.6222222222222222,1,1,1
63,1.7417999999523166,0.8851851851851852,1,-1,1
63,1.8647999999523166,0.5981481481481481,1,1,0
63,1.953,0.8351851851851853,1,-1,0
63,2.8696999999880792,0.5592592592592592,1,-1,1
63,3.0515,0.6166666666666667,1,1,1
63,1.7856999999880792,0.5740740740740741,1,-1,0
63,3.9755,0.3481481481481481,1,1,0
63,1.765600000023842,0.9388888888888888,1,-1,0
63,1.6662000000476835,1,1,-1,1
63,2.187,0.5166666666666666,1,1,0
63,1.7956000000238421,0.5351851851851852,1,1,1
63,1.673399999976158,0.8518518518518519,1,-1,1
63,1.786300000011921,0.8462962962962963,1,1,0
63,1.5844000000357628,0.9222222222222224,1,1,1
63,2.5274000000357626,0.5277777777777778,1,-1,0
63,1.753300000011921,0.6370370370370371,1,-1,0
63,4.023900000035763,0.7351851851851852,1,1,0
63,2.071599999964237,0.5222222222222221,1,1,1
63,1.8744000000357628,0.9166666666666666,1,-1,1
63,1.9477999999523166,0.9166666666666666,1,1,0
63,1.5365,1,1,1,1
63,2.025300000011921,0.901851851851852,1,-1,0
63,2.1666000000238417,0.9833333333333332,1,-1,1
214,4.747300000011921,0.5895238095238096,1,1,1
214,3.2506000000238418,0.7342857142857142,1,1,0
214,2.842,0.7,1,-1,0
214,3.106,0.7571428571428571,1,-1,1
214,2.349,0.7761904761904762,1,1,0
214,2.989800000011921,0.7419047619047618,1,-1,0
214,2.372699999988079,0.7114285714285714,1,1,1
214,4.088599999964237,0.680952380952381,1,-1,1
214,2.2501999999880793,0.8428571428571429,1,1,1
214,3.186300000011921,0.6961904761904762,1,-1,1
214,2.798699999988079,0.7780952380952381,1,-1,0
214,1.8056999999880792,0.8961904761904762,1,1,0
214,3.616699999988079,0.8409523809523809,1,1,0
214,1.6958000000119209,1,1,1,1
214,2.474,0.7914285714285714,1,-1,0
214,2.858699999988079,0.7704761904761905,1,-1,1
214,2.289,0.8161904761904761,1,-1,0
214,2.548,0.6276190476190476,1,1,0
214,3.2875999999642374,0.5533333333333333,1,1,1
214,2.737899999976158,0.7228571428571429,1,-1,1
214,3.9463999999761583,0.8104761904761905,1,-1,1
214,2.077699999988079,0.8485714285714285,1,-1,0
214,2.392399999976158,0.9152380952380952,1,1,0
214,2.662,0.6923809523809523,1,1,1
214,1.982100000023842,0.861904761904762,1,1,1
214,2.410199999988079,0.7438095238095238,1,-1,1
214,2.6594000000357627,0.9152380952380952,1,1,0
214,2.788800000011921,0.9076190476190475,1,-1,0
214,3.0827000000476836,0.8980952380952381,1,-1,0
214,2.578399999976158,0.938095238095238,1,-1,1
214,1.84,1,1,1,0
214,2.538899999976158,0.8866666666666667,1,1,1
214,2.282399999976158,0.9171428571428571,1,1,0
214,1.6036000000238422,1,1,1,1
214,2.487300000011921,0.8771428571428571,1,-1,1
214,2.8825,0.6276190476190476,1,-1,0
214,3.633699999988079,0.6257142857142857,1,-1,0
214,3.3109000000357627,0.6085714285714285,1,-1,1
214,1.902,0.98,1,1,0
214,2.220199999988079,0.9876190476190476,1,1,1
214,4.206399999976158,0.5895238095238096,1,-1,0
214,3.432300000011921,0.37428571428571433,1,1,1
214,2.1263000000119208,0.7438095238095238,1,-1,1
214,1.7103999999761579,0.8904761904761904,1,1,0
214,1.6193000000119209,0.9228571428571428,1,1,0
214,1.9685,0.6466666666666667,1,1,1
214,2.078699999988079,0.6733333333333333,1,-1,1
214,3.1368000000119207,0.6980952380952381,1,-1,0
214,1.905300000011921,0.978095238095238,1,1,0
214,5.637300000011921,0.4828571428571429,0,1,1
214,3.032699999988079,0.78,1,-1,1
214,2.553699999988079,0.8257142857142857,1,-1,0
214,3.167899999976158,0.8428571428571429,1,-1,1
214,2.774300000011921,0.8085714285714286,1,1,0
214,3.015300000011921,0.7876190476190477,1,1,1
214,2.944800000011921,0.8409523809523809,1,-1,0
214,3.326800000011921,0.9152380952380952,1,-1,1
214,2.404099999964237,0.9438095238095238,1,1,0
214,2.6303000000119208,0.7723809523809524,1,-1,0
214,4.318699999988079,0.3666666666666667,1,1,1
214,2.442600000023842,0.941904761904762,1,-1,1
214,2.764199999988079,0.8352380952380952,1,1,1
214,1.9174000000357627,0.7266666666666667,1,1,0
214,3.255899999976158,0.7095238095238094,1,-1,0
185,2.628199999988079,0.3155555555555556,1,-1,0
185,1.6739000000059605,0.6688888888888889,1,1,1
185,1.8875,0.8311111111111111,1,1,0
185,2.3184000000059606,0.23555555555555552,1,-1,1
185,2.0155999999940395,0.508888888888889,1,1,0
185,1.8741000000089407,0.33999999999999997,1,-1,1
185,1.6707999999970198,0.7066666666666667,1,1,1
185,2.4685,0.62,1,-1,0
185,2.2184000000059605,0.44666666666666666,1,-1,1
185,2.6724000000059607,0.48444444444444446,1,-1,0
185,1.9079000000059605,0.6755555555555556,1,1,1
185,2.0521000000089407,0.5066666666666666,1,1,0
185,2.9135,0.22444444444444445,1,-1,1
185,1.9108999999910592,0.5555555555555556,1,1,0
185,1.84720000000298,0.7066666666666667,1,-1,0
185,1.85079999999702,0.6844444444444444,1,1,1
185,2.0485,0.6377777777777778,1,-1,1
185,1.8795999999940396,0.8755555555555555,1,1,0
185,1.900199999988079,0.7377777777777778,1,1,1
185,2.26829999999702,0.38,1,-1,0
185,1.786699999988079,0.6888888888888889,1,1,1
185,1.6955999999940394,0.7822222222222223,1,1,0
185,2.7040999999940394,0.2577777777777778,1,-1,1
185,3.7301000000089406,0.5555555555555556,1,-1,0
185,2.7755,0.7377777777777778,1,-1,0
185,2.2534000000059606,0.4955555555555555,1,1,1
185,2.4670999999940397,0.6333333333333333,1,-1,1
185,3.03870000000298,0.2844444444444445,1,1,0
185,2.7274000000059604,0.4755555555555555,1,1,0
185,2.575,0.7422222222222222,1,1,1
185,3.4195,0.7022222222222223,1,-1,0
185,2.50329999999702,0.78,1,-1,1
185,2.56970000000298,0.23777777777777775,1,-1,1
185,1.9494000000059604,0.7444444444444445,1,1,0
185,2.61379999999702,0.7066666666666667,1,-1,0
185,1.937,0.9088888888888887,1,1,1
185,1.6515,0.9,1,1,1
185,2.31079999999702,0.7666666666666666,1,-1,1
185,2.643100000008941,0.7133333333333334,1,-1,0
185,1.6605,0.8200000000000001,1,1,0
185,2.4025999999940395,0.528888888888889,1,-1,1
185,2.1052999999970203,0.8444444444444444,1,1,0
185,1.90470000000298,0.84,1,1,1
185,2.1349000000059606,0.6866666666666666,1,-1,0
185,1.6812000000029803,0.94,1,1,0
185,1.83079999999702,0.9355555555555556,1,1,1
185,2.9087999999970204,0.7866666666666666,1,-1,1
185,2.37970000000298,0.8533333333333333,1,-1,0
185,1.9999000000059604,0.8666666666666667,1,1,0
185,2.5802999999970204,0.7333333333333334,1,-1,0
185,2.52570000000298,0.6355555555555555,1,1,1
185,2.2835,0.7755555555555556,1,-1,1
185,1.88470000000298,0.8866666666666667,1,1,1
185,2.4355,0.8777777777777778,1,-1,1
185,2.228,0.7444444444444445,1,1,0
185,2.4006000000089407,0.8288888888888889,1,-1,0
185,2.4625999999940396,0.8200000000000001,1,-1,0
185,2.0241000000089406,0.8511111111111112,1,-1,1
185,2.2219000000059603,0.8933333333333333,1,1,1
185,1.82479999999702,0.9266666666666666,1,1,0
185,1.87,0.6111111111111112,1,1,0
185,2.345800000011921,0.8044444444444444,1,-1,0
185,2.4107000000029797,0.8200000000000001,1,-1,1
185,2.0133000000119208,0.8777777777777778,1,1,1
145,3.0694000000059605,0.8592592592592593,1,1,1
145,2.655,0.8537037037037037,1,-1,1
145,2.311399999976158,0.8888888888888888,1,-1,0
145,2.4345999999940395,0.8055555555555556,1,1,0
145,2.945800000011921,0.9092592592592592,1,-1,1
145,2.0402000000178817,0.8481481481481481,1,1,0
145,1.9402999999821184,0.8222222222222222,1,-1,0
145,2.5937999999821186,1,1,1,1
145,4.1870999999940395,0.6370370370370371,1,1,0
145,2.0562000000178813,0.8222222222222222,1,-1,1
145,2.1679000000059605,0.8092592592592592,1,-1,0
145,2.142,1,1,1,1
145,2.1052999999821185,0.9185185185185184,1,1,0
145,1.904800000011921,0.975925925925926,1,-1,0
145,2.023300000011921,0.9685185185185186,1,-1,1
145,1.7509000000059605,1,1,1,1
145,2.2293999999761582,1,1,1,0
145,4.053099999994039,0.8944444444444445,1,1,1
145,1.8690999999940396,1,1,-1,0
145,2.1839000000059605,1,1,-1,1
145,3.457600000023842,0.8481481481481481,1,1,0
145,2.0645999999940394,0.925925925925926,1,-1,0
145,2.2492000000178813,0.9685185185185186,1,-1,1
145,1.8565,0.9907407407407408,1,1,1
145,2.0855999999940393,1,1,-1,1
145,1.9805,0.987037037037037,0,1,0
145,2.039299999982118,0.9592592592592591,1,1,1
145,1.874,1,1,-1,0
145,2.0880999999940397,0.9203703703703704,1,1,0
145,2.8585999999940395,0.9722222222222222,1,-1,1
145,1.9452999999821183,0.9277777777777778,1,-1,0
145,2.7965999999940396,0.7018518518518518,1,1,1
145,5.4225,1,1,-1,0
145,4.64540000000596,0.5351851851851852,1,-1,1
145,1.9975999999940395,1,1,1,1
145,2.7605999999940396,0.5333333333333333,1,1,0
145,3.015,0.6851851851851851,1,1,0
145,2.1859000000059603,1,1,1,1
145,2.313699999988079,0.8611111111111112,1,-1,1
145,2.0925999999940395,0.9203703703703704,1,-1,0
145,3.1865,0.6037037037037036,0,1,1
145,2.0975,1,1,-1,1
145,2.6975,1,1,-1,0
145,2.3828000000119207,0.9925925925925926,1,1,0
145,2.2386000000238417,0.9703703703703704,1,-1,1
145,2.0834000000059603,0.9444444444444444,1,1,0
145,2.548100000023842,0.9648148148148148,1,-1,0
145,2.6435,0.6185185185185185,1,1,1
145,1.8882000000178816,0.8629629629629629,1,-1,1
145,1.8264000000059604,1,1,-1,0
145,1.871800000011921,0.9537037037037036,1,1,1
145,4.359600000023842,0.6833333333333333,1,1,0
145,1.8700999999940395,1,1,-1,0
145,2.158,0.9425925925925926,1,1,1
145,1.6845,1,1,-1,1
145,3.0289000000059603,0.7018518518518518,1,1,0
145,2.3904000000059606,1,1,-1,1
145,1.990699999988079,0.9277777777777778,1,-1,0
145,3.264700000017881,1,1,1,1
145,2.6705999999940397,0.587037037037037,1,1,0
145,1.7854000000059604,1,1,-1,1
145,2.0065999999940396,1,1,1,0
145,2.0925,1,1,-1,0
145,2.013699999988079,0.9518518518518518,1,1,1
195,2.91760000000149,0.6866666666666666,1,-1,0
195,2.33489999999851,0.6955555555555555,1,1,1
195,2.59089999999851,0.6155555555555556,1,-1,1
195,2.80610000000149,0.22444444444444445,1,1,0
195,2.5715,0.6511111111111111,1,-1,0
195,2.124199999999255,0.8422222222222222,1,1,0
195,1.80170000000298,0.6711111111111111,1,1,1
195,2.56289999999851,0.6311111111111112,1,-1,1
195,2.086,0.48444444444444446,0,-1,0
195,1.6869000000022352,0.731111111111111,1,1,1
195,2.14510000000149,0.8888888888888888,1,-1,1
195,1.628199999999255,0.7844444444444445,1,1,0
195,2.853199999999255,0.7422222222222222,1,-1,0
195,2.0118999999985103,0.7844444444444445,1,-1,1
195,1.704199999999255,0.7711111111111111,1,1,1
195,1.584,0.7955555555555556,1,1,0
195,2.1250999999977647,0.7977777777777778,1,-1,1
195,1.7668999999985102,0.6844444444444444,1,1,1
195,2.06089999999851,0.7111111111111111,1,-1,0
195,1.5579000000022352,0.8511111111111112,1,1,0
195,2.29910000000149,0.6377777777777778,1,-1,1
195,2.2061999999992548,0.7933333333333333,1,-1,0
195,1.7603000000007452,0.8733333333333333,1,1,1
195,2.661199999999255,0.29333333333333333,1,1,0
195,2.02079999999702,0.7644444444444445,1,-1,1
195,1.744199999999255,0.8533333333333333,1,1,0
195,1.6186999999992548,0.8555555555555556,1,1,1
195,1.8069000000022353,0.6555555555555556,1,-1,0
195,1.6012000000029802,0.9733333333333334,1,1,0
195,1.6727000000029801,0.8155555555555556,1,1,1
195,1.746699999999255,0.74,1,-1,1
195,1.76439999999851,0.84,1,-1,0
195,1.7509000000022352,0.7555555555555555,1,-1,0
195,2.256300000000745,0.7111111111111111,1,-1,1
195,1.5788000000007452,0.7666666666666666,1,1,0
195,1.758800000000745,0.731111111111111,1,1,1
195,1.6529000000022351,0.7511111111111111,1,1,1
195,2.45160000000149,0.7466666666666666,1,-1,0
195,1.885699999999255,0.19111111111111112,1,1,0
195,1.8539000000022352,0.7266666666666667,1,-1,1
195,2.242900000002235,0.6711111111111111,1,-1,0
195,1.7402000000029803,0.72,1,1,1
195,2.17510000000149,0.6377777777777778,1,1,0
195,1.752800000000745,0.6866666666666666,1,-1,1
195,1.7400999999977649,0.7755555555555556,1,1,0
195,1.777800000000745,0.7155555555555555,1,-1,0
195,1.68989999999851,0.7733333333333333,1,1,1
195,1.6285,0.7177777777777778,1,-1,1
195,1.767199999999255,0.7955555555555556,1,1,1
195,1.7095,0.7044444444444444,1,-1,1
195,1.663400000002235,0.6711111111111111,1,-1,0
195,2.0280999999977647,0.7377777777777778,1,1,0
195,1.5963999999985101,0.7222222222222222,1,-1,0
195,1.81920000000298,0.7177777777777778,1,1,0
195,1.637699999999255,0.7155555555555555,1,-1,1
195,1.7006000000014898,0.8911111111111111,1,1,1
195,1.668800000000745,0.7511111111111111,1,-1,1
195,2.00060000000149,0.7333333333333334,1,-1,0
195,1.922199999999255,0.7866666666666666,1,1,0
195,1.7456999999992548,0.8200000000000001,1,1,1
195,1.827,0.768888888888889,1,-1,0
195,1.7018000000007452,0.8311111111111111,1,1,1
195,1.81120000000298,0.7355555555555555,1,-1,1
195,2.488,0.7044444444444444,1,1,0
47,2.6185999999996277,0.7814814814814814,1,1,0
47,6.99,0.4666666666666667,1,-1,0
47,5.7225,0.6462962962962964,0,-1,1
47,2.7149000000003727,0.8722222222222222,1,1,1
47,2.763800000000745,0.8074074074074074,1,1,0
47,4.936300000000745,0.5722222222222222,0,-1,1
47,5.354400000000372,0.6314814814814815,1,-1,0
47,2.8487999999988824,0.8685185185185185,1,1,1
47,2.602700000001118,0.7092592592592593,1,1,1
47,4.985699999999255,0.5296296296296297,0,-1,1
47,4.2895,0.6166666666666667,0,1,0
47,3.537300000000745,0.6277777777777778,0,-1,0
47,6.021400000000373,0.7462962962962962,1,-1,1
47,2.249,0.8555555555555556,1,1,1
47,2.55960000000149,0.8296296296296296,1,1,0
47,3.9442000000011177,0.5814814814814815,1,-1,1
47,2.607800000000745,0.6444444444444444,1,1,0
47,2.0630999999996273,0.7666666666666666,1,1,1
47,3.130199999999255,0.6166666666666667,1,-1,0
47,2.85089999999851,0.7259259259259259,1,1,1
47,5.114299999998883,0.737037037037037,1,-1,0
47,3.4654000000003724,0.7333333333333334,0,-1,1
47,2.5089000000003727,0.8796296296296297,1,1,1
47,5.027200000001118,0.7722222222222223,0,1,0
47,4.0415,0.762962962962963,1,-1,0
47,2.1394000000003723,0.8555555555555556,1,1,1
47,4.962799999998882,0.7777777777777778,1,-1,0
47,6.58339999999851,0.575925925925926,0,1,0
47,3.838800000000745,0.6055555555555556,1,-1,1
47,2.4855,0.8407407407407408,1,1,1
47,4.83210000000149,0.6777777777777778,0,-1,0
47,1.9325999999996277,1,1,1,0
47,6.106,0.6685185185185185,1,-1,1
47,4.033099999999627,0.7962962962962963,1,-1,0
47,2.863199999999255,0.7944444444444445,1,-1,1
47,1.8554000000003723,0.8777777777777778,1,1,1
47,1.8760999999996277,0.9407407407407408,1,1,0
47,2.4902999999988826,0.75,1,1,1
47,4.549,0.5944444444444444,1,-1,0
47,3.557699999999255,0.75,1,1,0
47,2.7084000000003727,0.6518518518518519,1,-1,1
47,3.5444000000003726,0.5537037037037037,1,1,0
47,3.4317000000011175,0.6407407407407407,1,-1,0
47,2.0565999999996274,0.7981481481481482,1,1,1
47,2.9610999999996275,0.7666666666666666,1,-1,1
47,1.8481999999992549,0.7777777777777778,1,1,0
47,1.9795999999996277,0.8166666666666667,1,1,1
47,3.1310999999996274,0.7018518518518518,1,-1,1
47,2.3610999999996274,0.7611111111111111,1,-1,0
47,2.1119000000003725,0.8074074074074074,1,-1,1
47,2.9832999999988825,0.6962962962962963,1,-1,0
47,3.764900000000373,0.7148148148148148,1,1,0
47,2.2534000000003727,0.8074074074074074,1,1,1
47,2.1532999999988824,0.8148148148148149,1,1,0
47,2.701699999999255,0.8351851851851853,1,-1,1
47,3.6923999999985098,0.5962962962962963,1,-1,0
47,2.2,0.7907407407407407,1,1,1
47,1.8784000000003722,0.9,1,1,1
47,3.284300000000745,0.75,1,-1,1
47,2.8509000000003724,0.6666666666666667,1,-1,0
47,2.102800000000745,0.85,1,1,0
87,2.887100000143051,0.19999999999999996,1,-1,1
87,2.645399999856949,0.5777777777777777,1,1,0
87,2.4862999999523163,0.7388888888888889,1,-1,0
87,1.7208999998569487,1,1,1,1
87,1.969,0.6611111111111111,1,1,1
87,1.9923999998569488,0.3944444444444445,1,-1,1
87,2.882099999904633,0.25277777777777777,1,-1,0
87,2.2173999998569487,0,1,1,0
87,1.731,0.9972222222222222,1,1,1
87,2.061,0.3555555555555555,1,-1,1
87,2.1173000001907347,0,1,-1,0
87,1.7507000000476836,0.22777777777777777,1,1,0
87,2.2105,0.3277777777777777,1,-1,0
87,2.9011000001430514,1,0,1,0
87,2.513600000143051,1,1,1,1
87,2.1977999999523163,0.3555555555555555,1,-1,1
87,2.2172000000476837,1,1,-1,0
87,2.024899999856949,0.31666666666666665,0,-1,1
87,2.016,0.09166666666666667,0,1,0
87,1.8095999999046328,0.7333333333333334,1,1,1
87,2.045400000095367,0.7777777777777778,1,-1,0
87,1.724600000143051,1,1,1,0
87,1.865,0.33333333333333337,0,1,1
87,2.1165,0.5972222222222222,0,-1,1
87,2.144899999856949,0.7111111111111111,1,1,1
87,1.7930999999046326,0.8833333333333333,1,1,0
87,2.863,0.8277777777777777,1,-1,0
87,2.062,0.2055555555555556,0,-1,1
87,2.109099999904633,0.02500000000000002,1,-1,0
87,2.2075,0.2444444444444445,1,-1,1
87,1.9342000000476836,0.6805555555555556,1,1,0
87,1.7077999999523166,0.7361111111111112,1,1,1
87,1.815899999856949,1,1,1,0
87,1.7029000000953673,0.9722222222222222,0,-1,1
87,1.6172999999523165,0.9166666666666666,1,1,1
87,2.0077999999523164,0.4638888888888889,1,-1,0
87,2.1126999998092653,0.5138888888888888,1,-1,1
87,1.5069000000953674,0.9444444444444444,1,1,1
87,1.7260999999046325,0.8138888888888889,1,-1,0
87,1.7717000000476835,0.7055555555555555,0,1,0
87,1.6647999999523164,0.8,1,1,1
87,1.7887999999523165,0.6361111111111111,0,1,0
87,2.806099999904633,0.5583333333333333,1,-1,0
87,1.7307000000476835,0.6361111111111111,0,-1,1
87,1.5740999999046326,0.8361111111111111,0,-1,1
87,2.349600000143051,0.6472222222222221,0,1,0
87,1.8166000001430511,0.7833333333333333,0,-1,0
87,1.5448999998569488,1,1,1,1
87,1.7260999999046325,1,0,-1,0
87,1.8727000000476834,1,1,1,1
87,2.920900000095367,0.6194444444444445,0,1,0
87,3.395299999952316,0.6083333333333334,0,-1,1
87,1.6170999999046325,0.9722222222222222,1,1,0
87,1.6805,1,0,-1,1
87,1.5994000000953674,0.9722222222222222,1,1,1
87,1.7816000001430512,0.5027777777777778,1,-1,0
87,1.6912999999523166,0.8666666666666667,1,1,1
87,1.6405,0.8833333333333333,1,1,0
87,2.846700000047684,0.5888888888888889,1,-1,0
87,2.068,0.5944444444444444,1,-1,1
87,1.478100000143051,0.6722222222222223,1,1,1
87,1.7337999999523166,0.6,0,1,0
87,1.636,0.6333333333333333,0,-1,1
87,1.7852999999523165,0.5888888888888889,1,-1,0
57,1.56,1,1,-1,0
57,1.385,0.9375,1,1,1
57,1.395,1,1,1,0
57,1.845,1,1,-1,1
57,1.82,1,1,-1,1
57,2.125,1,1,-1,0
57,1.721,1,1,1,1
57,1.98,1,1,1,0
57,1.901,1,1,-1,1
57,1.567,1,1,1,1
57,1.848,1,1,-1,0
57,1.642,1,1,1,0
57,1.716,1,1,1,1
57,2.258,1,1,-1,1
57,1.492,1,1,1,0
57,1.751,1,1,-1,0
57,1.514,0.9319444444444444,1,1,0
57,1.817,1,1,-1,0
57,1.869,1,1,-1,1
57,1.511,1,1,1,1
57,1.478,1,1,1,1
57,1.637,1,1,1,0
57,1.693,1,1,-1,1
57,1.738,1,1,-1,0
57,1.54,1,1,1,0
57,2,1,1,-1,1
57,2.275,1,1,1,1
57,1.703,1,1,-1,0
57,1.921,1,1,-1,0
57,2.004,1,1,1,0
57,1.963,1,1,-1,1
57,2.208,1,1,1,1
57,1.88,0.9180555555555556,0,1,1
57,1.935,1,1,1,0
57,1.928,1,1,-1,1
57,1.725,1,1,-1,0
57,1.969,1,1,-1,0
57,2.07,0.9763888888888888,1,1,1
57,1.627,1,1,-1,1
57,1.959,1,1,1,0
57,1.854,1,1,1,1
57,1.761,1,1,1,0
57,1.689,1,1,-1,0
57,1.756,1,1,-1,1
57,1.67,0.9430555555555556,1,1,1
57,1.693,1,1,-1,1
57,1.768,1,1,-1,0
57,1.486,1,1,1,0
57,1.511,1,1,1,0
57,1.659,1,1,1,1
57,1.492,1,1,-1,0
57,1.887,0.9555555555555556,1,-1,1
57,1.832,1,1,1,1
57,1.655,1,1,-1,1
57,1.877,1,1,1,0
57,1.588,0.9611111111111112,1,-1,0
57,1.712,0.9694444444444444,1,-1,1
57,1.737,1,1,1,0
57,1.827,1,1,-1,0
57,1.748,1,1,1,1
57,1.684,1,1,-1,1
57,1.647,1,1,1,1
57,1.749,1,1,-1,0
57,1.74,1,1,1,0
132,3.026100000023842,0.5361252220716909,1,1,1
132,1.6952000000476835,0.7639733233375137,1,-1,1
132,2.2548999999761583,0.7428762769240116,1,-1,0
132,1.787899999976158,0.867348850763674,1,1,0
132,1.6097999999523165,1,1,-1,0
132,2.5291999999284744,1,0,1,0
132,3.1582000000476835,0.5508931545611424,0,1,1
132,1.847100000023842,1,1,-1,1
132,1.8173999999761579,1,1,-1,1
132,1.8281999999284744,1,1,-1,0
132,2.7825,0.867348850763674,0,1,0
132,2.418900000095367,0.6901336608902563,1,1,1
132,2.0976000000238417,0.8631294414809736,1,-1,0
132,2.058399999976158,0.867348850763674,1,-1,1
132,2.069399999976158,0.8568003275569229,1,1,0
132,2.828,0.7259986397932099,1,1,1
132,5.2422999999523165,0.5192475849408893,0,1,0
132,1.65,0.7787412558269652,1,1,1
132,2.216200000047684,0.766083027978864,1,-1,0
132,2.169900000095367,0.8188256440126191,1,-1,1
132,1.8550999999046327,0.8082771208058681,1,-1,1
132,2.01,0.8082771208058681,1,-1,0
132,1.7488999999761579,0.8293741672193702,1,1,0
132,1.7665,0.8715682600463744,1,1,1
132,2.0721999999284746,1,1,-1,1
132,3.8408000000715257,0.7808509604683154,1,1,1
132,1.6804000000953674,0.8230450532953196,1,1,0
132,1.8434000000953672,0.92853028536283,1,-1,0
132,2.022,1,1,-1,0
132,1.6948999999761578,1,1,1,0
132,1.8481999999284744,1,1,-1,1
132,2.3717000000476838,0.7681927326202141,1,1,1
132,1.6512999999523166,0.936969103928231,1,1,1
132,2.157600000023842,0.936969103928231,1,-1,0
132,1.6757000000476834,0.9432982178522816,1,1,0
132,3.164,0.8715682600463744,1,-1,1
132,1.7717000000476835,0.8420323950674715,1,1,1
132,1.9824000000953672,0.8230450532953196,1,-1,1
132,1.635399999976158,0.8525809182742226,1,1,0
132,2.762099999904633,0.787180074392366,1,-1,0
132,2.287,0.7956188929577669,1,-1,1
132,1.7415,0.8399226904261212,1,1,0
132,1.9451999999284744,0.8103868254472183,1,-1,0
132,1.4743000000715256,0.8842264878944757,1,1,1
132,1.6202000000476835,0.8209353486539694,1,1,1
132,2.0032999999523167,0.8188256440126191,1,-1,0
132,2.288600000023842,0.8420323950674715,1,1,0
132,1.792600000023842,0.7935091883164167,1,-1,1
132,1.8857999999523165,0.7745218465442647,1,-1,0
132,1.5375,0.8399226904261212,1,1,1
132,1.8457000000476835,0.8589100321982732,1,-1,1
132,1.6252999999523166,0.8778973739704251,1,1,0
132,1.4909000000953674,0.867348850763674,1,1,1
132,1.7237000000476834,0.837812985784771,1,-1,0
132,1.6847999999523164,0.8778973739704251,1,1,0
132,1.706100000023842,0.8504712136328724,1,-1,1
132,1.7246000000238422,0.8441420997088217,0,-1,1
132,1.756,0.8293741672193702,1,1,1
132,1.7177999999523166,0.8947750111012268,1,-1,0
132,3.063900000095367,0.8082771208058681,1,1,0
132,2.316600000023842,0.8420323950674715,1,-1,0
132,1.7871000000238422,0.8420323950674715,1,-1,1
132,1.6231999999284745,0.8399226904261212,1,1,0
132,1.757899999976158,0.9137623528733788,1,1,1
37,2.259099999997765,0.9976273269182252,1,1,1
37,2.990900000002235,0.900853133369838,1,-1,0
37,2.2395999999977647,0.7994706448905754,1,1,0
37,2.560199999999255,0.8501618891302067,1,-1,1
37,3.2562000000029796,0.760300137978133,1,-1,1
37,2.816699999999255,0.6473969121716814,1,1,1
37,3.55279999999702,0.8939406909735247,1,-1,0
37,3.72060000000149,0.6497010596371191,1,1,0
37,2.64670000000298,0.6220512900518658,1,1,0
37,2.935699999999255,0.7879499075633865,1,-1,1
37,2.53279999999702,0.9261987554896536,1,1,1
37,3.783099999997765,0.9192863130933404,1,-1,0
37,2.8445,0.7833416126325108,1,1,0
37,3.586099999997765,0.8755075112500224,1,-1,1
37,3.2446999999992547,0.9054614283007136,1,-1,0
37,2.66910000000149,1,1,1,1
37,3.784300000000745,0.7003923038767506,1,-1,0
37,2.9725,0.9308070504205292,1,1,0
37,3.431,1,1,-1,1
37,3.318,0.9054614283007136,1,1,1
37,3.241300000000745,1,1,1,0
37,4.220099999997765,0.967673409867534,1,1,1
37,4.922199999999255,0.7971664974251376,1,-1,0
37,5.039900000002235,0.8801158061808979,1,-1,1
37,3.0954000000022353,0.760300137978133,1,1,0
37,3.3915,1,1,-1,1
37,5.095800000000745,1,1,-1,0
37,4.28889999999851,0.9607609674712204,1,1,1
37,4.20760000000149,1,1,-1,0
37,4.673,1,1,-1,1
37,4.23060000000149,0.6520052071025569,1,1,0
37,4.25939999999851,0.7142171886693772,1,1,1
37,5.529699999999255,0.5713600458122343,1,-1,0
37,3.3883000000007453,0.7026964513421883,1,-1,1
37,2.559699999999255,0.8893323960426491,1,1,0
37,2.5009000000022352,1,1,1,1
37,2.547,1,1,1,0
37,4.4015,0.7533876955818196,1,-1,0
37,3.688300000000745,1,1,1,1
37,4.8145,0.8202079720795155,1,-1,1
37,3.8925,0.8524660365956445,1,-1,0
37,4.555,0.6427886172408057,1,1,0
37,3.518,1,1,1,1
37,4.416199999999255,0.8732033637845846,1,-1,1
37,3.640400000002235,0.5667517508813588,1,1,0
37,3.769699999999255,0.9331111978859672,1,1,1
37,4.6205,0.8616826264573956,1,-1,0
37,6.532199999999255,0.8478577416647689,1,-1,1
37,2.796199999999255,1,1,-1,1
37,2.47789999999851,1,1,1,1
37,2.6262000000029797,1,1,-1,0
37,2.4734000000022354,1,1,1,0
37,3.29020000000298,0.8317287094067044,1,-1,1
37,3.283099999997765,1,1,1,1
37,3.050800000000745,1,1,-1,0
37,3.2185,1,1,1,0
37,3.9365999999977648,0.8847241011117735,1,-1,0
37,4.270800000000745,0.7211296310656905,1,1,0
37,3.487300000000745,1,1,1,1
37,4.03039999999851,1,1,-1,1
37,2.711800000000745,1,1,1,1
37,3.5126000000014903,1,1,-1,0
37,2.8100999999977647,0.9538485250749072,1,1,0
37,4.038,1,1,-1,1
139,2.513599999904633,1,1,1,1
139,3.165100000023842,1,1,1,0
139,2.7708999999761583,0.9644444444444444,1,-1,1
139,2.998899999976158,1,1,-1,0
139,3.3042999999523164,0.72,1,1,0
139,3.7005,0.6111111111111112,1,-1,1
139,3.4438000000715254,0.8711111111111112,1,-1,0
139,2.455,0.9822222222222222,1,1,1
139,3.100600000023842,0.7155555555555555,1,1,0
139,2.4127000000476837,1,1,1,1
139,4.597299999952316,0.5777777777777777,1,-1,1
139,3.4171999999284743,0.7733333333333333,1,-1,0
139,4.077,0.528888888888889,1,1,0
139,3.084,0.6977777777777778,1,-1,1
139,2.1617999999523163,0.9311111111111112,1,1,1
139,2.901399999976158,1,1,-1,0
139,2.219399999976158,0.9155555555555556,1,1,1
139,2.0152000000476833,1,1,-1,0
139,3.4465,0.6933333333333334,1,-1,1
139,3.911600000023842,0.5755555555555556,1,1,0
139,2.731100000023842,0.7977777777777778,1,-1,0
139,2.1667000000476837,0.98,1,1,1
139,2.566600000023842,0.9333333333333332,1,1,0
139,3.7815,0.7266666666666667,1,-1,1
139,2.920099999904633,0.88,1,-1,1
139,3.058100000023842,0.8266666666666667,1,-1,0
139,2.8237000000476837,1,1,1,0
139,1.8007000000476834,0.8822222222222222,1,1,1
139,2.071,0.88,1,-1,0
139,1.6901999999284745,1,1,1,1
139,2.415099999904633,0.7844444444444445,1,-1,1
139,2.483,0.7822222222222223,1,1,0
139,2.1113000000715254,0.6777777777777778,1,1,0
139,1.9798000000715257,0.9533333333333334,1,1,1
139,2.8036999999284746,0.6022222222222222,1,-1,1
139,2.3705,0.8377777777777777,1,-1,0
139,3.1332000000476836,0.6555555555555556,1,-1,1
139,2.806900000095367,0.8244444444444444,1,-1,0
139,4.4213000000715255,0.4244444444444444,1,1,0
139,1.9138000000715256,0.78,1,1,1
139,1.772,0.8422222222222222,1,1,1
139,2.289600000023842,0.7911111111111111,1,1,0
139,1.885399999976158,0.8155555555555556,1,-1,0
139,3.004399999976158,0.6577777777777778,1,-1,1
139,2.542100000023842,0.5555555555555556,1,-1,0
139,2.743900000095367,0.7244444444444444,0,1,0
139,2.3545,0.00222222222222223,0,1,1
139,2.522400000095367,0.88,1,-1,1
139,3.1478000000715256,0.7555555555555555,1,-1,0
139,1.7299000000953675,0.9311111111111112,1,1,1
139,2.7502000000476836,0.9688888888888888,1,1,0
139,2.2162999999523163,0.8288888888888889,1,-1,1
139,1.812100000023842,0.8422222222222222,1,-1,0
139,2.7746999999284743,0.7644444444444445,1,-1,1
139,2.9968000000715254,0.31333333333333335,1,1,0
139,1.897100000023842,1,1,1,1
139,2.128899999976158,1,1,1,1
139,2.486100000023842,0.92,1,-1,0
139,2.2872999999523165,0.88,1,-1,1
139,2.5925,0.8755555555555555,0,1,0
139,0.5023999999761581,0.4577777777777778,1,-1,1
139,2.3417999999523165,0.8888888888888888,1,-1,0
139,2.764100000023842,0.8422222222222222,1,1,0
139,2.0727999999523163,1,1,1,1
207,3.264200000047684,0.8481481481481481,1,-1,0
207,2.7685,0.9203703703703704,1,1,1
207,6.0445,0.6388888888888888,1,-1,1
207,2.275,0.7277777777777779,1,-1,0
207,6.743,0.825925925925926,1,-1,1
207,2.4002000000476835,0.8777777777777778,1,1,0
207,1.9691999999880792,0.925925925925926,1,1,1
207,4.870400000035763,0.7592592592592593,0,1,0
207,3.170099999964237,0.7407407407407407,1,-1,1
207,2.961,0.8888888888888888,1,-1,0
207,2.0704000000357627,0.9092592592592592,1,1,1
207,2.810300000011921,0.8870370370370371,1,-1,0
207,2.326899999976158,0.95,1,1,1
207,1.8798999999761579,0.9314814814814816,1,1,0
207,1.986699999988079,0.9592592592592591,1,-1,1
207,2.442599999964237,1,1,1,1
207,6.442300000011921,0.5018518518518518,0,1,0
207,2.785199999988079,0.8981481481481481,1,-1,1
207,4.074599999964237,0.9037037037037036,1,-1,0
207,3.875,0.9555555555555556,1,-1,1
207,3.169800000011921,0.9407407407407408,1,-1,0
207,1.8660999999642371,0.9555555555555556,1,1,1
207,2.573,0.8185185185185185,1,1,0
207,3.047600000023842,0.575925925925926,1,1,0
207,2.775,0.5777777777777777,1,1,1
207,2.919699999988079,0.9,1,-1,0
207,3.362,0.8055555555555556,1,-1,1
207,6.946400000035763,0.5722222222222222,1,1,0
207,2.412699999988079,0.8870370370370371,1,-1,1
207,2.195699999988079,0.8944444444444445,1,-1,0
207,3.3470999999642372,0.8962962962962963,1,1,0
207,2.888100000023842,0.6777777777777778,1,-1,0
207,1.7130999999642371,0.9277777777777778,1,1,1
207,5.007400000035763,0.6537037037037037,1,-1,1
207,3.012199999988079,0.7888888888888889,1,-1,1
207,4.230699999988079,0.662962962962963,1,-1,0
207,1.599699999988079,0.924074074074074,1,1,1
207,2.0571999999880792,0.912962962962963,1,1,0
207,1.9271999999880791,0.9462962962962964,1,1,0
207,3.1655,0.8925925925925926,1,-1,1
207,2.836899999976158,0.9481481481481482,1,1,1
207,2.5697999999523162,0.9444444444444444,1,-1,0
207,2.5617000000476837,0.9296296296296296,1,-1,1
207,4.383900000035763,0.9148148148148147,1,-1,0
207,6.169,0.6277777777777778,1,1,0
207,2.089699999988079,0.9055555555555556,1,1,1
207,2.985399999976158,0.8907407407407407,1,-1,1
207,1.935,0.8759259259259259,1,1,1
207,2.7556000000238416,0.9722222222222222,1,1,0
207,2.8295,0.9518518518518518,1,-1,0
207,3.0785,0.9777777777777776,1,-1,1
207,4.626,0.8666666666666667,1,1,1
207,1.9223999999761578,0.9925925925925926,1,1,0
207,2.427,0.9277777777777778,1,-1,0
207,2.972100000023842,0.975925925925926,1,-1,1
207,2.124199999988079,0.901851851851852,1,1,0
207,1.952800000011921,1,1,1,1
207,3.0438000000119207,0.9425925925925926,1,1,0
207,1.892800000011921,1,1,-1,1
207,4.138300000011921,1,1,1,1
207,3.5885,0.974074074074074,1,-1,0
54,1.6512999999970197,0.825,1,-1,0
54,2.395300000000745,0.7333333333333334,0,1,0
54,1.8010999999977648,0.8861111111111111,1,-1,1
54,1.73010000000149,0.7638888888888888,1,1,1
54,2.6317000000029798,0.7166666666666667,0,1,0
54,1.97110000000149,0.7263888888888889,1,-1,0
54,2.0616000000014902,0.9,1,-1,1
54,1.6629000000022351,1,1,1,1
54,1.511300000000745,0.9597222222222224,1,1,0
54,1.593,0.9902777777777778,1,-1,1
54,2.001,0.9388888888888888,1,1,1
54,1.85210000000149,0.9777777777777776,1,-1,0
54,1.725800000000745,0.9694444444444444,1,1,1
54,1.715300000000745,0.8694444444444445,1,-1,0
54,2.018199999999255,1,1,-1,1
54,1.551300000000745,1,1,1,0
54,1.8715999999977648,0.9347222222222222,1,1,1
54,1.5559000000022352,0.9347222222222222,1,-1,1
54,1.6602000000029802,0.9444444444444444,1,-1,0
54,1.4438000000007452,0.9027777777777778,1,1,0
54,1.62910000000149,0.9347222222222222,1,1,1
54,1.6077000000029802,1,1,-1,0
54,1.666199999999255,1,1,-1,1
54,1.6535,0.9680555555555556,1,1,0
54,1.5335,0.9763888888888888,1,1,1
54,1.9391999999992549,1,1,-1,1
54,1.6667000000029801,1,1,-1,0
54,1.625,1,1,1,0
54,2.931199999999255,1,1,-1,0
54,1.712,1,1,1,1
54,1.521300000000745,1,1,1,0
54,1.678199999999255,1,1,-1,1
54,1.735,1,1,-1,0
54,1.327699999999255,1,1,1,1
54,1.5336999999992549,1,1,1,0
54,1.544300000000745,1,1,-1,1
54,1.419,1,1,1,1
54,2.318400000002235,1,1,-1,1
54,1.3663999999985101,1,1,1,0
54,1.5163000000007452,1,1,-1,0
54,1.46160000000149,1,1,-1,1
54,1.5556000000014898,1,1,1,0
54,1.439,1,1,1,1
54,1.537199999999255,1,1,-1,0
54,2.049,1,1,-1,1
54,1.6036000000014898,1,1,-1,0
54,1.497199999999255,1,1,1,1
54,1.419,1,1,1,0
54,1.629199999999255,1,1,-1,0
54,1.4068999999985101,1,1,1,1
54,1.87529999999702,1,1,-1,1
54,1.6506999999992549,1,1,1,0
54,1.6742999999970198,1,1,-1,0
54,1.38060000000149,1,1,1,1
54,1.4067999999970198,1,1,1,0
54,1.519300000000745,1,1,-1,1
54,1.350599999997765,1,1,-1,0
54,1.468199999999255,1,1,-1,1
54,1.8999000000022352,1,1,1,1
54,1.4550999999977647,1,1,1,0
54,1.4285999999977648,1,1,-1,0
54,1.488,1,1,-1,1
54,1.457300000000745,1,1,1,0
54,1.508699999999255,1,1,1,1
2,2.291,1,0,-1,0
2,1.968,0.914351851851852,1,1,1
2,2.314,0.9212962962962964,1,1,0
2,2.089,1,1,-1,1
2,1.973,1,1,1,1
2,1.923,1,1,-1,0
2,1.846,1,1,-1,1
2,2.819,1,0,1,0
2,2.087,1,1,-1,1
2,1.894,1,1,1,0
2,2.634,1,1,1,1
2,1.794,1,1,-1,0
2,1.778,1,1,1,0
2,1.929,1,1,-1,1
2,1.763,1,1,-1,0
2,1.801,1,1,1,1
2,1.912,1,1,1,0
2,1.896,1,1,-1,1
2,1.929,1,1,1,1
2,1.719,1,1,-1,0
2,1.975,1,1,-1,1
2,1.631,1,1,1,0
2,1.827,1,1,-1,0
2,1.815,1,1,1,1
2,1.826,1,0,1,0
2,1.811,1,1,1,1
2,1.96,1,1,-1,1
2,1.783,1,1,-1,0
2,1.838,1,1,1,0
2,2.08,1,1,-1,0
2,1.804,1,1,-1,1
2,1.606,1,1,1,1
2,1.899,1,1,-1,1
2,2.207,1,1,-1,0
2,2.078,1,1,1,1
2,1.905,1,1,1,0
2,2.571,1,0,1,0
2,1.829,1,1,-1,0
2,2.031,1,1,1,1
2,1.793,1,1,-1,1
2,2.473,1,1,-1,1
2,1.679,1,1,1,0
2,1.721,1,1,1,1
2,1.818,1,1,-1,0
2,1.824,1,1,-1,1
2,2.073,1,1,-1,0
2,2.436,1,0,1,0
2,1.755,1,1,1,1
2,2.131,1,0,1,0
2,1.735,1,1,1,1
2,1.77,1,1,-1,1
2,1.865,1,1,-1,0
2,2.211,1,1,1,0
2,1.781,1,1,-1,0
2,1.761,1,0,-1,1
2,2.256,1,0,1,1
2,1.837,1,1,-1,1
2,2.156,1,0,1,0
2,1.964,1,1,-1,0
2,1.827,1,1,1,1
2,2.461,1,1,1,0
2,1.906,1,1,1,1
2,1.732,1,1,-1,1
2,1.804,1,1,-1,0
85,4.385099999999627,1,1,-1,0
85,2.32,1,1,1,1
85,2.04710000000149,1,1,1,0
85,4.9785,0.75,1,1,0
85,4.81889999999851,0.6822916666666667,1,-1,1
85,4.350900000000372,0.734375,1,1,1
85,5.462199999999255,0.7994791666666666,1,-1,0
85,4.572900000000373,0.75,1,-1,0
85,2.3250999999996274,1,1,1,0
85,2.572300000000745,0.8020833333333334,1,1,1
85,3.5319000000003724,0.6822916666666667,1,-1,1
85,3.5844000000003726,0.6979166666666667,1,-1,0
85,5.102599999999628,0.7838541666666666,1,-1,1
85,2.907,0.8359375,1,1,0
85,2.3925999999996277,0.8333333333333334,1,1,1
85,2.767,0.7395833333333333,1,-1,0
85,5.716300000000745,0.7552083333333334,1,1,1
85,1.9140999999996278,0.7760416666666666,1,1,0
85,2.9175,1,1,-1,1
85,3.5107000000011177,0.7838541666666666,1,1,1
85,2.69589999999851,0.7890625,1,-1,0
85,6.16339999999851,0.8177083333333334,1,-1,1
85,4.066599999999627,0.8411458333333334,1,1,0
85,3.503199999999255,0.8619791666666666,1,1,0
85,2.4721999999992548,0.8958333333333334,1,1,1
85,3.1529000000003724,0.8984375,1,-1,0
85,2.508300000000745,0.7994791666666666,1,-1,1
85,2.0135999999996277,0.7630208333333334,1,1,1
85,3.456800000000745,0.7708333333333334,1,-1,1
85,2.608,0.7760416666666666,1,-1,0
85,2.1079000000003725,0.71875,1,1,0
85,3.7001000000014903,0.8880208333333334,1,-1,1
85,2.017900000000372,1,1,1,1
85,2.9832000000011174,1,1,-1,0
85,2.0682000000011174,1,1,1,0
85,2.239700000001118,1,1,1,1
85,2.1742999999988823,1,1,-1,0
85,2.031199999999255,0.9114583333333334,1,1,0
85,2.2429000000003727,1,1,1,1
85,2.0695999999996273,1,1,1,0
85,2.641199999999255,1,1,-1,0
85,2.7774000000003727,0.9791666666666666,1,-1,1
85,2.5962000000011174,1,1,-1,0
85,1.9582999999988824,1,1,1,1
85,3.528,1,1,1,0
85,5.125,1,1,-1,1
85,2.163199999999255,1,1,1,0
85,1.7869000000003723,1,1,1,1
85,2.1,1,1,-1,1
85,3.0286000000014903,1,1,-1,0
85,3.558199999999255,1,1,-1,1
85,2.6514000000003723,1,1,1,0
85,5.951599999999628,0.9947916666666666,1,-1,0
85,2.9928999999985098,1,0,1,1
85,4.508400000000372,1,1,1,1
85,4.604800000000745,1,1,-1,1
85,3.65910000000149,1,1,-1,0
85,5.800300000000745,1,0,1,0
85,4.2875,1,1,-1,1
85,4.026299999998883,1,1,-1,0
85,2.4499000000003726,1,1,1,1
85,2.8129000000003725,0.8515625,1,1,0
169,1.926,0.8203703703703704,1,1,0
169,1.8900000000000292,0.8203703703703704,1,-1,0
169,5.292,0.8870370370370371,1,1,1
169,1.793,0.9,1,-1,1
169,4.501,0.8888888888888888,0,1,0
169,2.15,0.7888888888888889,1,-1,0
169,3.756,0.6537037037037037,1,1,1
169,1.974999999999971,0.6759259259259259,1,-1,1
169,4.824,0.7740740740740741,1,-1,0
169,2.591,0.8037037037037037,1,1,1
169,4.875,0.4537037037037037,0,1,0
169,3.218,0.4277777777777778,1,-1,1
169,1.609,0.6777777777777778,1,1,0
169,1.789,0.6907407407407408,1,-1,0
169,1.783999999999971,0.625925925925926,1,1,1
169,1.777,0.5444444444444445,1,-1,1
169,2.517,0.40740740740740744,0,1,1
169,2.0439999999999707,0.7333333333333334,1,-1,0
169,1.803,0.6814814814814815,1,1,0
169,2.404,0.6870370370370371,1,-1,1
169,2.355,0.7037037037037037,1,-1,0
169,1.873,0.8388888888888889,1,-1,1
169,1.88,0.5555555555555556,1,1,0
169,1.981,0.6574074074074074,1,1,1
169,2.321,0.488888888888889,0,1,0
169,1.815,0.762962962962963,1,-1,0
169,2.198,0.7222222222222222,0,1,1
169,1.698,0.7407407407407407,1,-1,1
169,1.7110000000000583,0.6722222222222223,1,-1,1
169,1.689,0.7537037037037038,1,-1,0
169,2.483999999999942,0.6537037037037037,1,1,1
169,1.788,0.7203703703703703,1,1,0
169,2.031,0.7574074074074074,1,-1,0
169,1.563,0.8574074074074074,1,1,1
169,1.838,0.8685185185185185,1,-1,1
169,1.811,0.8222222222222222,1,1,0
169,1.8000000000000582,0.7666666666666666,0,-1,0
169,1.7769999999999417,0.8,1,1,1
169,3.397,0.7851851851851852,1,-1,1
169,1.65,0.8203703703703704,1,1,0
169,1.852,0.8796296296296297,1,-1,1
169,1.735,0.8296296296296296,1,1,0
169,1.687,0.8388888888888889,1,1,1
169,1.7039999999999418,0.2055555555555556,0,-1,0
169,1.558,0.7796296296296297,1,1,0
169,2.1400000000000583,0.6981481481481482,1,-1,0
169,1.799000000000058,0.7092592592592593,1,-1,1
169,2.141,0.7925925925925926,1,1,1
169,1.7719999999999418,0.7796296296296297,1,-1,0
169,1.853,0.762962962962963,1,1,0
169,1.761,0.7388888888888889,1,-1,1
169,1.8519999999999415,0.7407407407407407,1,1,1
169,1.75,0.7444444444444445,1,-1,0
169,2.038,0,0,1,0
169,3.64,0.7611111111111111,1,-1,1
169,1.754,0.8074074074074074,1,1,1
169,1.8489999999999416,0.8018518518518518,1,-1,1
169,1.6759999999998836,0.7537037037037038,1,1,0
169,2.013,0.8092592592592592,1,1,1
169,1.923,0.8333333333333334,1,-1,0
169,2.232,0.7833333333333333,1,-1,0
169,2.186,0.762962962962963,1,-1,1
169,1.9139999999998836,0.8111111111111111,1,1,0
169,1.66,0.8333333333333334,1,1,1
73,4.2923000001907345,0.75,1,-1,0
73,4.965,0.8541666666666666,0,1,1
73,3.455199999809265,0.5234375,1,1,0
73,2.841199999809265,0.7083333333333333,1,-1,1
73,2.643699999809265,0.7552083333333334,1,-1,0
73,2.3994000005722045,0.8151041666666666,1,1,0
73,3.2335,0.5546875,1,-1,1
73,2.7675,0.34375,1,1,1
73,3.2761999998092652,0.6223958333333333,1,-1,0
73,2.1847000007629394,0.5286458333333333,1,1,1
73,3.044800000190735,0.5859375,1,-1,1
73,2.34610000038147,0.8020833333333334,1,1,0
73,2.754800000190735,0.6380208333333333,1,-1,0
73,3.1785,0.19270833333333337,1,-1,1
73,2.106300000190735,0.6197916666666667,1,1,1
73,4.011699999809265,0.27864583333333337,1,1,0
73,3.2888000001907347,0.8151041666666666,1,-1,0
73,2.3005,0.796875,1,1,0
73,3.26789999961853,0.33854166666666663,1,-1,1
73,2.5009000005722046,0.45833333333333337,1,1,1
73,3.0158999996185303,0.5598958333333333,1,-1,1
73,2.1080999994277954,0.7265625,1,1,1
73,2.2098999996185302,0.9140625,1,1,0
73,3.4355999994277955,0.7838541666666666,1,-1,0
73,2.391,0.7942708333333334,1,1,0
73,3.572300000190735,0.6744791666666667,1,-1,1
73,2.645699999809265,0.5807291666666667,1,-1,0
73,5.51339999961853,0,1,1,1
73,3.1631000003814695,0.90625,1,-1,0
73,4.3435,0.3828125,1,1,0
73,2.6495999994277954,0.5572916666666667,1,-1,1
73,3.082,0.3359375,1,1,1
73,2.50489999961853,0.7083333333333333,1,-1,0
73,3.33560000038147,0.9375,1,1,0
73,2.468,0.5520833333333333,1,-1,1
73,1.808199999809265,0.7760416666666666,1,1,1
73,2.4523000001907347,0.7265625,1,-1,0
73,2.15860000038147,0.9322916666666666,1,1,1
73,3.7206999998092654,0.20052083333333337,1,-1,1
73,1.9881000003814695,0.7135416666666667,1,1,0
73,1.8175,0.78125,1,1,1
73,4.038900000572204,0.31510416666666663,1,-1,1
73,1.7741999998092652,0.9010416666666666,1,1,0
73,3.2895,0.4453125,1,-1,0
73,3.0265,0.5677083333333333,1,-1,0
73,2.446,0.7265625,1,1,0
73,2.0745,0.734375,1,1,1
73,2.347800000190735,0.6380208333333333,1,-1,1
73,2.0971000003814697,0.7005208333333333,1,-1,1
73,2.2039000005722045,0.7109375,1,1,1
73,2.8785,0.1640625,1,1,0
73,2.2793999996185303,0.6380208333333333,1,-1,0
73,2.4175,0.703125,1,-1,1
73,2.9030999994277953,0.84375,1,1,0
73,2.2961000003814696,0.6276041666666667,1,-1,0
73,2.110400000572205,0.8411458333333334,1,1,1
73,2.127199999809265,0.5442708333333333,1,1,1
73,2.5196999998092653,0.5390625,1,-1,1
73,2.5885999994277955,0.7057291666666667,1,-1,0
73,2.135699999809265,0.7057291666666667,1,1,0
73,2.2831000003814697,0.8333333333333334,1,-1,0
73,2.04860000038147,0.41927083333333337,1,1,1
73,2.51689999961853,0.5338541666666667,1,-1,1
73,2.289,0.6432291666666667,1,1,0
26,2.115300000011921,0.8865740740740741,1,1,1
26,1.931899999976158,0.849537037037037,1,1,0
26,2.310599999964237,0.4976851851851852,1,-1,0
26,2.141300000011921,0.48842592592592593,1,-1,1
26,2.1315,0.599537037037037,1,-1,1
26,2.278300000011921,0.6041666666666667,1,1,1
26,3.3485999999642373,0.4976851851851852,1,-1,0
26,2.021100000023842,0.5949074074074074,1,1,0
26,2.014900000035763,0.46064814814814814,1,1,0
26,2.5647999999523163,0.39583333333333337,1,-1,1
26,2.544599999964237,0.4537037037037037,1,-1,0
26,2.364699999988079,0.6944444444444444,1,1,1
26,1.9145999999642371,0.6111111111111112,1,1,0
26,2.807100000023842,0.48842592592592593,1,-1,1
26,2.704099999964237,0.4467592592592593,1,-1,0
26,2.098100000023842,0.5115740740740741,1,1,1
26,1.9150999999642373,0.6666666666666667,1,1,1
26,2.645,0.47685185185185186,1,-1,1
26,2.143099999964237,0.4861111111111112,1,-1,0
26,2.1815,0.5833333333333333,1,1,0
26,3.130099999964237,0.5,1,-1,0
26,2.5815999999642374,0.5648148148148149,1,1,0
26,2.494200000047684,0.4351851851851852,1,-1,1
26,2.214100000023842,0.599537037037037,1,1,1
26,2.582099999964237,0.47685185185185186,1,-1,1
26,2.4302000000476838,0.4930555555555556,1,-1,0
26,1.927,0.5601851851851851,1,1,1
26,2.065699999988079,0.650462962962963,1,1,0
26,2.789699999988079,0.5023148148148149,1,-1,1
26,1.8692000000476834,0.5555555555555556,1,1,1
26,1.796399999976158,0.6111111111111112,1,1,0
26,2.489200000047684,0.47685185185185186,1,-1,0
26,2.190100000023842,0.6180555555555556,0,-1,1
26,1.9205999999642371,0.6666666666666667,1,1,1
26,1.7460999999642373,0.7731481481481481,1,1,0
26,1.9586000000238422,0.4953703703703703,1,-1,0
26,2.9892999999523164,0.5115740740740741,1,-1,1
26,2.391699999988079,0.4907407407407407,1,-1,0
26,1.808100000023842,0.48842592592592593,1,1,0
26,2.098199999988079,0.5810185185185186,1,1,1
26,1.806300000011921,0.6412037037037037,1,1,1
26,2.615199999988079,0.4953703703703703,1,-1,1
26,2.927699999988079,0.4907407407407407,1,-1,0
26,2.711,0.3703703703703703,1,1,0
26,2.226800000011921,0.4189814814814815,1,-1,0
26,4.428899999976158,0.39814814814814814,0,1,1
26,2.190699999988079,0.5115740740740741,1,1,0
26,2.4176999999880793,0.4444444444444444,1,-1,1
26,2.8966000000238417,0.5671296296296297,1,1,1
26,2.031,0.39814814814814814,1,-1,1
26,3.120300000011921,0.5833333333333333,1,-1,0
26,2.9855,0.46990740740740744,1,1,0
26,3.1465,0.4282407407407407,0,1,0
26,2.174699999988079,0.6319444444444444,1,-1,0
26,2.8443000000119207,0.6296296296296297,1,-1,1
26,5.919,0.4907407407407407,0,1,1
26,4.304,0.5856481481481481,1,-1,1
26,3.505,0.6203703703703703,1,1,1
26,6.566700000047684,0.3912037037037037,0,1,0
26,4.434800000011921,0.39814814814814814,1,-1,0
26,3.3235,0.375,1,-1,1
26,3.925399999976158,0.4120370370370371,1,1,1
26,2.5278000000119207,0.6296296296296297,1,-1,0
26,5.112699999988079,0.3194444444444444,0,1,0
121,4.824700000047684,0.38222222222222224,0,1,0
121,2.864400000095367,0.6688888888888889,1,1,1
121,4.149,0.7777777777777778,1,-1,0
121,4.506399999856949,0.8,1,-1,1
121,3.1022999999523164,0.7844444444444445,1,1,0
121,2.254,0.7866666666666666,1,1,1
121,3.550599999904633,0.6355555555555555,1,-1,0
121,2.9362000000476836,0.7088888888888889,1,-1,1
121,2.287399999856949,0.8177777777777777,1,1,1
121,2.6325999999046332,0.8822222222222222,1,1,0
121,5.179099999904633,0.7133333333333334,1,-1,1
121,3.499599999904633,0.6488888888888888,1,-1,0
121,2.251100000143051,0.8444444444444444,1,1,1
121,4.431299999952317,0.731111111111111,0,1,0
121,2.558,0.7822222222222223,1,-1,0
121,3.031600000143051,0.8755555555555555,0,-1,1
121,4.870799999952316,0.488888888888889,1,-1,1
121,2.4847000000476838,0.6511111111111111,1,-1,0
121,1.896,0.8511111111111112,1,1,1
121,3.827799999952316,0.6644444444444444,0,1,0
121,3.006399999856949,0.6,1,-1,0
121,4.721700000047684,0.6177777777777778,1,-1,1
121,3.4276000001430513,0.7666666666666666,1,1,1
121,4.3444000000953675,0.5488888888888889,0,1,0
121,2.875199999809265,0.6777777777777778,0,1,0
121,4.5479000000953675,0.7533333333333333,1,-1,1
121,3.129400000095367,0.5644444444444445,1,-1,0
121,2.013300000190735,0.8355555555555556,1,1,1
121,2.575599999904633,0.8688888888888888,1,1,1
121,4.058400000095367,0.5777777777777777,1,-1,0
121,3.1055,0.6755555555555556,1,-1,1
121,3.3125,0.76,1,1,0
121,3.411099999904633,0.6488888888888888,1,-1,0
121,1.9797000000476834,0.768888888888889,0,-1,1
121,2.0157000000476835,0.8488888888888889,1,1,0
121,1.892699999809265,0.8955555555555555,1,1,1
121,1.8767999999523166,0.8733333333333333,1,1,1
121,2.6292000000476836,0.5711111111111111,1,-1,1
121,2.977599999904633,0.47111111111111115,0,1,0
121,3.262400000095367,0.5244444444444445,1,-1,0
121,2.8357000000476837,0.3955555555555555,1,-1,0
121,2.314900000095367,0.6799999999999999,0,-1,1
121,2.3961999998092653,0.74,1,1,0
121,1.9449000000953671,0.8644444444444445,1,1,1
121,2.871699999809265,0.37777777777777777,1,-1,0
121,2.504,0.731111111111111,0,-1,1
121,2.0057999999523166,0.8244444444444444,1,1,0
121,1.9748999998569488,0.9177777777777778,1,1,1
121,3.641799999952316,0.6844444444444444,1,-1,1
121,1.9245,0.8044444444444444,1,1,1
121,4.499799999952316,0.6466666666666667,1,-1,0
121,4.968200000047684,0.6977777777777778,0,1,0
121,1.791,0.8155555555555556,1,1,1
121,3.866599999904633,0.6355555555555555,1,-1,1
121,2.9487999999523162,0.5533333333333333,0,1,0
121,2.402,0.6866666666666666,1,-1,0
121,3.756700000047684,0.7111111111111111,1,-1,1
121,2.623899999856949,0.7511111111111111,1,1,1
121,2.383299999952316,0.7088888888888889,1,-1,0
121,2.881099999904633,0.5777777777777777,1,1,0
121,2.4233999998569487,0.7866666666666666,1,1,0
121,2.852200000047684,0.5933333333333333,1,-1,1
121,1.8922999999523165,0.8977777777777778,1,1,1
121,1.952100000143051,0.9088888888888887,1,-1,0
211,2.13010000000149,0.8842592592592593,1,-1,1
211,2.4905,0.9537037037037036,1,-1,0
211,2.31970000000298,0.6898148148148149,1,1,1
211,2.6675,0.9722222222222222,1,1,0
211,5.690200000002981,0.5324074074074074,1,1,0
211,2.627900000002235,0.6666666666666667,1,1,1
211,2.420300000000745,0.8333333333333334,1,-1,0
211,2.2375,0.787037037037037,1,-1,1
211,1.943,0.8518518518518519,1,1,1
211,4.091800000000745,0.8055555555555556,1,-1,0
211,2.361800000000745,0.8981481481481481,1,1,0
211,3.71260000000149,0.587962962962963,1,-1,1
211,4.68560000000149,0.4722222222222222,1,1,0
211,3.388199999999255,0.8217592592592593,1,-1,0
211,3.8605,0.40740740740740744,1,-1,1
211,5.118,0.8009259259259259,1,-1,1
211,3.4773000000007452,0.40740740740740744,1,-1,0
211,2.08410000000149,0.787037037037037,1,1,1
211,1.933699999999255,0.587962962962963,1,-1,0
211,2.711099999997765,0.8657407407407407,1,-1,1
211,1.6274000000022353,0.8981481481481481,1,1,0
211,1.842599999997765,0.8611111111111112,1,1,1
211,1.864800000000745,0.8888888888888888,1,1,0
211,3.07,0.6111111111111112,1,-1,1
211,1.9248999999985101,0.8888888888888888,1,1,1
211,2.135900000002235,0.6944444444444444,1,-1,0
211,1.9008999999985101,1,1,-1,0
211,1.7871000000014898,1,1,1,0
211,2.1105,0.6689814814814814,1,-1,1
211,2.117699999999255,0.9351851851851852,1,1,1
211,2.260300000000745,0.6203703703703703,1,-1,1
211,1.950199999999255,0.8425925925925926,1,1,0
211,2.544800000000745,0.8078703703703703,1,-1,0
211,4.702199999999255,0.9236111111111112,1,1,0
211,1.8665,0.9305555555555556,1,1,1
211,1.8233999999985102,1,1,-1,1
211,1.99879999999702,1,1,-1,0
211,1.8933000000007452,0.9074074074074074,1,1,1
211,1.8155,1,1,1,0
211,2.19229999999702,0.9236111111111112,1,-1,0
211,1.956,1,1,1,1
211,3.1690999999977647,0.9976851851851852,1,-1,1
211,1.94420000000298,0.7685185185185185,1,-1,0
211,1.9375999999977649,0.9166666666666666,1,1,1
211,1.980800000000745,0.949074074074074,1,-1,0
211,3.289300000000745,0.2685185185185185,0,1,0
211,2.49889999999851,0.5069444444444444,1,-1,1
211,2.118,0.3888888888888888,1,-1,1
211,5.0346000000014905,0.8796296296296297,0,-1,0
211,2.089,0.9351851851851852,1,1,1
211,5.0949000000022355,0.15740740740740744,0,1,0
211,2.089,0.8981481481481481,1,-1,1
211,1.896800000000745,0.9675925925925926,1,1,1
211,2.18989999999851,1,1,-1,0
211,1.9895,1,1,1,0
211,2.367400000002235,1,1,1,1
211,1.859,1,1,1,0
211,1.250199999999255,1,1,-1,1
211,2.0485,1,1,-1,0
8,1.9160999999046329,1,1,1,1
8,2.465600000143051,0.5027777777777778,1,-1,1
8,2.284799999952316,0.6694444444444445,1,-1,0
8,2.317600000143051,0.8361111111111111,1,1,0
8,2.125400000095367,0.8361111111111111,1,1,1
8,3.419700000047684,0.6152777777777778,0,-1,1
8,4.0887999999523155,0.7833333333333333,1,1,0
8,1.9525999999046328,0.7194444444444444,1,-1,0
8,1.7787999999523165,0.8611111111111112,1,1,1
8,1.9647999999523165,0.7888888888888889,1,-1,0
8,2.907900000095367,0.4444444444444444,1,-1,1
8,2.0747000000476836,0.7666666666666666,1,1,0
8,1.8082000000476834,0.8833333333333333,1,1,1
8,2.843900000095367,0.5027777777777778,1,-1,0
8,2.5738999998569487,0.4736111111111111,0,-1,1
8,2.655200000047684,0.6805555555555556,1,1,0
8,4.870400000095367,0.4916666666666667,1,-1,1
8,2.115900000095367,0.6944444444444444,1,1,0
8,2.013,0.7833333333333333,1,1,1
8,1.8798999998569488,0.7791666666666667,1,-1,0
8,2.472099999904633,0.6402777777777777,1,-1,1
8,2.683,0.7652777777777777,1,-1,0
8,2.031899999856949,0.8194444444444444,1,1,1
8,2.2425,0.8125,1,1,0
8,3.089299999952316,0.6527777777777778,1,-1,0
8,2.426599999904633,0.7722222222222223,1,1,0
8,1.9047999999523164,0.9,1,1,1
8,2.679,0.5777777777777777,1,-1,1
8,2.722099999904633,0.6041666666666667,1,-1,1
8,2.0962000000476837,0.8805555555555555,1,1,1
8,2.553,0.7097222222222221,1,-1,0
8,2.641,0.5430555555555556,0,1,0
8,2.9982999999523163,0.7138888888888889,1,1,0
8,1.7640999999046325,1,1,1,1
8,2.6522000000476837,0.5708333333333333,1,-1,0
8,1.9649000000953671,0.65,1,-1,1
8,1.9706999998092651,0.8111111111111111,1,-1,0
8,2.612,0.6,1,-1,1
8,2.239699999809265,0.9333333333333332,1,1,0
8,2.0322999999523166,0.9111111111111112,1,1,1
8,2.7187999999523162,1,1,1,0
8,2.776400000095367,0.4569444444444445,1,-1,1
8,2.666400000095367,0.5527777777777778,1,-1,0
8,2.329400000095367,0.8777777777777778,1,1,1
8,1.8769000000953673,0.8444444444444444,1,1,0
8,2.8821000001430512,0.6291666666666667,1,-1,1
8,2.3112999999523165,0.9277777777777778,1,1,1
8,2.859800000190735,0.7055555555555555,1,-1,0
8,3.910299999952316,0.4916666666666667,0,1,0
8,3.1395,0.7555555555555555,1,-1,0
8,1.9582000000476836,0.8847222222222222,1,1,1
8,3.175200000047684,0.575,1,-1,1
8,2.152099999904633,0.7402777777777778,1,-1,1
8,2.102400000095367,0.8194444444444444,1,1,0
8,1.9475,0.9111111111111112,1,1,1
8,5.589799999952317,0.49444444444444446,1,-1,0
8,3.0725,0.7444444444444445,1,1,0
8,2.393900000095367,0.7666666666666666,1,1,1
8,2.0097999999523166,0.6055555555555556,1,-1,1
8,2.192899999856949,0.7972222222222223,1,-1,0
8,1.7709000000953674,0.8972222222222223,1,1,1
8,1.873300000190735,0.5222222222222221,1,-1,1
8,3.162799999952316,0.5472222222222223,1,1,0
8,2.2512999999523164,0.7416666666666667,1,-1,0
84,2.9978000000000464,0.84375,1,1,0
84,2.5458000000000465,0.9036458333333334,1,1,1
84,3.3773000000000466,0.859375,1,-1,0
84,5.060099999999976,0.453125,1,-1,1
84,3.4766999999999535,0.6901041666666667,1,1,0
84,3.4974000000000234,0.7630208333333334,1,-1,1
84,2.3656999999999533,0.859375,1,1,1
84,2.6294000000000235,0.8984375,1,1,0
84,2.2513000000000467,0.9296875,1,1,1
84,2.358,1,1,-1,0
84,3.1352999999999303,0.671875,1,-1,1
84,2.6308000000000464,0.9244791666666666,1,1,0
84,2.4867000000000696,0.9557291666666666,1,-1,1
84,3.73620000000007,0.8645833333333334,1,-1,0
84,3.2084000000000232,1,1,1,1
84,2.9573000000000467,0.9088541666666666,1,-1,1
84,2.527,1,1,-1,0
84,3.0169000000000232,1,1,1,1
84,3.2604000000000233,0.7083333333333333,1,1,0
84,3.2918000000000465,0.47916666666666663,1,1,0
84,1.9189000000000234,0.84375,1,1,1
84,2.863,1,1,-1,1
84,2.3995,1,1,-1,0
84,3.0335999999999768,1,1,-1,0
84,3.1712999999999303,0.9114583333333334,1,1,1
84,3.5522000000000697,0.828125,1,-1,1
84,3.4395,0.7057291666666667,1,1,0
84,2.446099999999977,0.7942708333333334,1,-1,0
84,2.6555,1,1,1,1
84,2.628,0.9661458333333334,1,-1,1
84,4.178599999999976,0.6901041666666667,1,-1,0
84,3.78770000000007,0.48958333333333337,1,-1,1
84,2.161,0.7838541666666666,1,1,1
84,2.5960999999998604,0.9348958333333334,1,1,0
84,2.9938000000000464,0.8776041666666666,1,-1,0
84,4.907700000000187,0.8723958333333334,0,1,0
84,1.9438000000000464,1,1,1,1
84,3.926899999999907,1,1,-1,1
84,3.751,0.8072916666666666,1,1,1
84,3.8826999999999536,1,0,1,0
84,6.5535,1,1,-1,0
84,2.7016999999999536,0.9140625,1,-1,1
84,4.444600000000093,0.6953125,1,-1,0
84,3.6746999999999534,0.9479166666666666,1,1,1
84,3.1825,1,1,-1,1
84,3.83259999999986,0.9270833333333334,1,1,0
84,3.0995,0.9661458333333334,1,1,1
84,3.5991000000000932,0.9010416666666666,1,-1,1
84,2.4985,1,1,1,0
84,2.6930999999998604,1,1,-1,0
84,5.782399999999907,0.7890625,1,1,1
84,3.873600000000093,1,1,-1,0
84,3.6758999999999067,0.8776041666666666,1,-1,1
84,5.091800000000046,0.9244791666666666,0,1,0
84,3.083100000000093,0.9036458333333334,1,-1,0
84,2.9943000000000466,1,1,-1,1
84,2.813399999999907,0.9036458333333334,1,1,1
84,4.610199999999954,0.9427083333333334,1,-1,0
84,3.0628000000000464,0.9479166666666666,1,-1,1
84,3.3705,0.5651041666666667,1,1,1
97,1.9791000001430512,0.6296296296296297,0,-1,0
97,1.663199999809265,0.7291666666666667,1,1,0
97,2.393899999856949,0.5092592592592593,0,-1,1
97,1.5363000001907348,0.8125,1,1,1
97,2.6405,0.8148148148148149,1,1,1
97,1.8607999999523166,0.28240740740740744,0,-1,0
97,2.752899999856949,0.28240740740740744,1,-1,1
97,2.3008000001907347,0.6342592592592593,1,1,0
97,2.959400000095367,0.8263888888888888,1,1,0
97,2.1322000000476837,0.6388888888888888,0,-1,1
97,2.6275,0.6365740740740741,0,-1,0
97,1.6072999999523165,0.8333333333333334,1,1,1
97,3.3035,0.849537037037037,1,-1,0
97,1.7617000000476835,0.9675925925925926,1,1,0
97,1.6157000000476835,0.8958333333333334,1,1,1
97,2.363100000143051,0.27314814814814814,1,-1,1
97,2.586,0.14814814814814814,0,-1,0
97,1.6427000000476835,0.6944444444444444,1,1,1
97,2.3342000000476837,0.25,1,-1,1
97,1.706,0.787037037037037,1,1,0
97,1.73,0.7731481481481481,1,1,1
97,1.6902999999523165,0.6944444444444444,1,1,0
97,2.066200000047684,0.587962962962963,1,-1,0
97,2.0652000000476836,0.5439814814814814,1,-1,1
97,2.013699999809265,0.5416666666666667,1,1,0
97,1.8012999999523165,0.6481481481481481,1,1,1
97,1.6797000000476834,0.2407407407407407,0,-1,1
97,1.9437000000476834,0.5393518518518519,1,-1,0
97,2.274199999809265,0.787037037037037,1,-1,0
97,1.6607999999523164,0.8634259259259259,1,1,1
97,2.0437999999523164,0.19907407407407407,0,1,0
97,1.9549000000953671,0.21990740740740744,1,-1,1
97,1.9678999998569489,0.8125,1,1,0
97,2.3605,0.24768518518518523,1,-1,1
97,1.7042999999523165,0.8171296296296297,1,1,1
97,1.8765,0.20370370370370372,1,-1,0
97,2.4595,0.8101851851851851,0,-1,1
97,1.8509000000953673,0.6111111111111112,1,-1,0
97,2.126,0.8587962962962963,1,1,0
97,1.581,1,1,1,1
97,1.6142000000476835,0.6111111111111112,0,-1,1
97,1.7895,0.6689814814814814,1,-1,0
97,2.0225,0.7361111111111112,1,1,0
97,1.606699999809265,0.9444444444444444,1,1,1
97,2.297900000095367,0.12037037037037036,0,-1,0
97,2.129099999904633,0.20370370370370372,1,1,0
97,1.5737000000476835,0.6689814814814814,1,1,1
97,2.058200000047684,0.599537037037037,1,-1,1
97,2.2592000000476835,0.75,1,1,0
97,1.7832999999523165,0.44907407407407407,0,-1,1
97,2.217700000047684,0.6064814814814814,1,1,1
97,2.211899999856949,0.6875,1,-1,0
97,1.8763000001907348,0.4537037037037037,1,-1,1
97,3.231600000143051,0.6875,1,1,1
97,1.7585,0.18518518518518523,0,-1,0
97,2.0247999999523163,0.6712962962962963,1,1,0
97,2.0031000001430512,0.960648148148148,1,1,1
97,3.360900000095367,0.5694444444444444,1,-1,1
97,1.9544000000953672,0.6550925925925926,1,-1,0
97,2.095,0.8009259259259259,1,1,0
97,2.661400000095367,0.7430555555555556,1,-1,1
97,2.537900000095367,0.8333333333333334,1,1,0
97,2.631900000095367,0.7615740740740741,1,1,1
97,2.366700000047684,0.7615740740740741,1,-1,0
164,4.019899999976158,1,1,1,0
164,3.1027000000476836,0.9521739130434784,1,-1,0
164,6.828899999976158,0.8673913043478261,1,-1,1
164,1.927600000023842,1,1,1,1
164,1.879599999904633,1,1,1,1
164,6.376199999928475,0.9347826086956522,1,-1,1
164,2.9123000000715256,1,1,1,0
164,3.5833999999761583,1,1,-1,0
164,1.802,1,1,1,1
164,4.146599999904632,0.9434782608695652,1,-1,1
164,1.679899999976158,1,1,1,0
164,2.502,0.9521739130434784,1,-1,0
164,2.9457000000476836,1,1,-1,1
164,1.973399999976158,1,1,1,0
164,1.7655,1,1,1,1
164,2.4195,1,1,-1,0
164,2.4117999999523163,0.9630434782608696,1,-1,1
164,1.755899999976158,1,1,1,1
164,3.8411000000238418,1,1,-1,0
164,3.444,1,1,1,0
164,3.2602999999523163,1,1,-1,0
164,3.579599999904633,1,1,-1,1
164,3.3966000000238417,1,1,1,0
164,2.8983999999761583,1,1,1,1
164,1.8647000000476834,1,1,1,0
164,2.6043999999761582,1,1,-1,0
164,1.9067000000476835,1,1,1,1
164,3.844,1,1,-1,1
164,5.274300000071525,0.991304347826087,1,-1,1
164,1.6928999999761578,1,1,1,1
164,5.599600000023842,1,1,1,0
164,2.978200000047684,0.9891304347826086,1,-1,0
164,2.187600000023842,1,1,1,0
164,1.7617999999523166,1,1,1,1
164,2.353200000047684,1,1,-1,0
164,4.157800000071526,1,1,-1,1
164,2.362700000047684,1,1,1,0
164,2.199399999976158,1,1,-1,1
164,3.2333999999761582,1,1,-1,0
164,2.2435,1,1,1,1
164,3.643399999976158,1,1,-1,0
164,4.937700000047684,1,1,-1,1
164,3.175200000047684,1,1,1,0
164,3.3117000000476837,1,1,1,1
164,2.0395,1,1,1,0
164,1.822399999976158,1,1,1,1
164,2.393599999904633,1,1,-1,0
164,4.232600000023842,1,1,-1,1
164,2.946600000023842,1,1,-1,0
164,2.625,1,1,1,1
164,2.6455,1,1,-1,1
164,2.0875,1,1,1,0
164,1.9772000000476835,1,1,1,0
164,1.9952000000476835,1,1,-1,0
164,1.697100000023842,1,1,1,1
164,3.7636999999284746,1,1,-1,1
164,3.594600000023842,0.991304347826087,1,-1,1
164,3.417100000023842,1,1,1,0
164,2.061599999904633,1,1,-1,0
164,1.7022000000476836,1,1,1,1
164,1.7072999999523164,1,1,1,0
164,2.741899999976158,1,1,-1,1
164,3.1563999999761583,1,1,-1,0
164,2.6392999999523163,1,1,1,1
129,5.215400000095367,0.7175925925925926,1,-1,0
129,2.243099999904633,0.8240740740740741,1,1,0
129,3.660899999856949,0.7777777777777778,1,1,1
129,2.797599999904633,1,1,-1,1
129,2.5018999998569487,0.9282407407407408,1,-1,1
129,4.1175,0.7430555555555556,1,1,0
129,2.642099999904633,0.8287037037037037,1,-1,0
129,2.436,0.9027777777777778,1,1,1
129,4.161799999952316,0.9189814814814816,1,1,1
129,3.6755,0.8541666666666666,1,-1,0
129,5.848600000143051,0.8263888888888888,1,1,0
129,2.6367999999523164,0.8726851851851851,1,-1,1
129,2.5142999999523163,0.8078703703703703,1,-1,0
129,2.832699999809265,0.8564814814814815,1,-1,1
129,6.308099999904632,0.6689814814814814,1,1,0
129,2.760200000047684,0.6087962962962963,1,1,1
129,4.641,0.6296296296296297,1,1,1
129,2.1402999999523162,0.8981481481481481,1,-1,1
129,2.8072000000476836,0.6944444444444444,1,1,0
129,2.433099999904633,0.8194444444444444,1,-1,0
129,6.349099999904633,0.625,1,1,0
129,2.401099999904633,0.7939814814814815,1,-1,1
129,2.7295,0.9305555555555556,1,-1,0
129,2.8762000000476835,0.9074074074074074,1,1,1
129,4.959200000047684,0.912037037037037,1,1,0
129,2.551,0.7615740740740741,1,-1,1
129,3.7605,0.8449074074074074,1,-1,0
129,2.0212999999523165,0.9861111111111112,1,-1,0
129,4.518099999904632,1,0,1,0
129,2.899,1,1,-1,1
129,2.3727000000476837,0.9930555555555556,1,1,1
129,1.6094000000953674,1,1,-1,0
129,3.065599999904633,0.7708333333333334,1,-1,1
129,2.618599999904633,0.6296296296296297,1,1,0
129,3.6577000000476843,0.7893518518518519,1,1,0
129,3.100199999809265,0.9236111111111112,1,-1,1
129,2.043899999856949,1,1,-1,0
129,3.312899999856949,0.6990740740740741,1,1,1
129,2.115,0.8541666666666666,1,-1,0
129,5.493900000095367,0.8981481481481481,1,1,0
129,1.6922000000476836,1,1,-1,1
129,2.4485,0.6180555555555556,1,1,1
129,4.3684000000953676,0.724537037037037,1,1,0
129,1.8619000000953672,1,1,-1,1
129,2.521400000095367,1,1,-1,0
129,2.397099999904633,0.8240740740740741,0,1,1
129,2.530900000095367,1,0,1,1
129,2.8801999998092653,1,1,-1,0
129,2.191900000095367,0.8634259259259259,0,1,0
129,2.176199999809265,1,1,-1,1
129,2.7522999999523163,0.7222222222222222,1,1,1
129,2.696800000190735,0.7916666666666666,1,1,0
129,2.166900000095367,0.9050925925925926,1,-1,0
129,2.4237999999523163,1,1,-1,1
129,3.616,0.6574074074074074,0,1,1
129,1.860400000095367,0.9699074074074074,1,-1,1
129,1.9750999999046328,1,1,-1,0
129,2.2913000001907347,1,0,1,0
129,1.8705999999046328,0.9166666666666666,1,-1,1
129,2.118699999809265,0.9074074074074074,1,1,1
129,3.939099999904633,0.9351851851851852,0,1,0
129,2.112599999904633,1,1,-1,0
100,2.047599999904633,0.7291666666666667,1,-1,0
100,1.7375,0.9036458333333334,1,1,1
100,1.8654000000953672,0.5807291666666667,1,-1,1
100,3.5711000001430513,0.30208333333333337,0,1,0
100,1.9682000000476836,0.7994791666666666,1,-1,0
100,2.6702000000476835,0.4296875,1,-1,1
100,2.304099999904633,0.3203125,1,1,0
100,1.7832999999523165,0.6979166666666667,1,1,1
100,2.3637000000476838,0.9479166666666666,1,-1,0
100,2.6138999998569488,0.5520833333333333,0,-1,1
100,2.5125,0.8046875,1,1,0
100,2.271900000095367,0.609375,1,1,1
100,2.286,0.6692708333333333,1,1,1
100,4.681900000095367,0.375,0,1,0
100,1.9828999998569488,0.7109375,1,-1,0
100,2.5292000000476835,0.42447916666666663,0,-1,1
100,1.8935,0.29166666666666663,1,-1,0
100,1.8508000001907348,0.5963541666666667,0,-1,1
100,1.9320999999046329,0.5963541666666667,1,1,1
100,2.313099999904633,0.3671875,1,1,0
100,2.310599999904633,0.28645833333333337,1,1,0
100,1.7012000000476835,0.5364583333333333,1,1,1
100,2.021600000143051,0.7161458333333333,1,-1,0
100,1.912899999856949,0.39583333333333337,1,-1,1
100,2.5342999999523164,0.34114583333333337,1,-1,1
100,1.6341000001430512,0.8567708333333334,1,1,1
100,2.510200000047684,0.6744791666666667,1,-1,0
100,1.9672999999523164,0.78125,1,1,0
100,1.9820999999046327,0.5729166666666667,1,-1,1
100,1.8393999998569488,0.41145833333333337,1,-1,0
100,2.0237000000476835,0.2109375,1,1,0
100,2.3863999998569487,0.125,0,1,1
100,2.043,0.7057291666666667,1,-1,1
100,1.7725999999046325,0.7369791666666667,1,1,0
100,1.9347000000476835,0.6302083333333333,1,1,1
100,1.7622999999523166,0.7109375,1,-1,0
100,1.759,0.7213541666666667,1,-1,0
100,1.7264000000953674,0.7265625,1,-1,1
100,1.7742000000476834,0.7083333333333333,1,1,0
100,2.3717999999523163,0.7395833333333333,1,1,1
100,1.745,0.6015625,1,1,1
100,2.1112999999523163,0.38020833333333337,1,1,0
100,1.9615,0.6067708333333333,1,-1,1
100,1.7282000000476836,0.40625,1,-1,0
100,2.070200000047684,0.6979166666666667,1,-1,0
100,1.6652999999523166,0.8098958333333334,1,1,1
100,1.9055,0.8020833333333334,1,-1,1
100,1.7470999999046326,0.7578125,1,1,0
100,1.8572000000476836,0.8255208333333334,1,1,0
100,1.5877999999523165,0.6588541666666667,1,-1,0
100,1.6284000000953673,0.7734375,1,1,1
100,1.622699999809265,0.8697916666666666,1,-1,1
100,2.0177000000476837,0.7682291666666666,1,-1,1
100,1.8265,0.8151041666666666,1,1,1
100,1.8920999999046328,0.828125,1,-1,0
100,4.083199999809265,0.6953125,1,1,0
100,2.7086999998092653,0.8098958333333334,1,-1,1
100,1.6497999999523165,0.7708333333333334,1,-1,0
100,1.819100000143051,0.5104166666666667,0,1,1
100,3.412799999952316,0.78125,1,1,0
100,1.7699000000953675,0.859375,1,-1,0
100,1.8787000000476834,0.8255208333333334,1,1,1
100,1.9019000000953672,0.8802083333333334,1,1,0
100,1.71,0.8411458333333334,1,-1,1
101,4.028900000035763,0.42666666666666664,1,-1,0
101,2.2026000000238417,0.56,1,1,0
101,3.6618999999761583,0.6133333333333333,1,-1,1
101,3.858,0.43333333333333335,0,1,1
101,3.878699999988079,0.5983333333333334,1,-1,1
101,2.277300000011921,0.7216666666666667,1,1,1
101,2.1154000000357627,0.5966666666666667,1,1,0
101,3.3886000000238417,0.33666666666666667,1,-1,0
101,3.3284000000357628,0.52,1,-1,0
101,3.3285,0.7283333333333333,1,-1,1
101,3.038300000011921,0.635,0,1,0
101,4.0465,0.42833333333333334,0,1,1
101,3.5024000000357627,0.2783333333333333,1,-1,1
101,2.9827000000476835,0.655,1,-1,0
101,2.288800000011921,0.8033333333333333,0,1,1
101,3.076,0.32166666666666666,1,1,0
101,2.0954000000357627,0.6566666666666667,1,1,0
101,2.014,0.6266666666666667,1,-1,0
101,2.871100000023842,0.6683333333333333,1,-1,1
101,2.4105,0.8066666666666666,0,1,1
101,3.006100000023842,0.6983333333333333,1,-1,0
101,3.4096999999880793,0.4683333333333334,0,1,1
101,3.162,0.5066666666666666,1,-1,1
101,3.238100000023842,0.28500000000000003,1,1,0
101,3.106,0.6233333333333333,0,1,0
101,2.558800000011921,0.585,1,-1,0
101,2.6195,0.6083333333333334,1,1,1
101,2.7938000000119207,0.835,1,-1,1
101,3.491199999988079,0.18500000000000005,1,1,1
101,2.454699999988079,0.7383333333333333,1,1,0
101,2.2309000000357626,0.795,1,-1,1
101,3.006399999976158,0.42666666666666664,1,-1,0
101,1.698,0.615,1,1,0
101,2.916,0.42166666666666663,1,-1,1
101,1.487300000011921,0.7466666666666666,1,1,1
101,2.23,0.7533333333333333,1,-1,0
101,2.158099999964237,0.8633333333333333,1,-1,1
101,3.6754000000357627,0.385,1,-1,0
101,1.7573999999761578,0.7833333333333333,1,1,1
101,2.041900000035763,0.42833333333333334,1,1,0
101,2.261300000011921,0.5766666666666667,1,-1,0
101,1.9155,0.8133333333333334,1,-1,1
101,1.6161999999880792,0.8383333333333334,1,1,0
101,1.844600000023842,0.62,1,1,1
101,2.053099999964237,0.6733333333333333,1,1,0
101,2.275699999988079,0.6783333333333333,1,-1,1
101,2.170199999988079,0.7683333333333333,1,-1,0
101,2.3565,0.2833333333333333,1,1,1
101,3.381300000011921,0.16333333333333333,1,1,1
101,2.500300000011921,0.5266666666666666,1,-1,1
101,2.3635999999642374,0.7733333333333333,1,1,0
101,2.409,0.64,1,-1,0
101,3.339,0.6733333333333333,1,1,0
101,2.505199999988079,0.385,1,1,1
101,2.2011000000238417,0.605,1,-1,1
101,3.137199999988079,0.6266666666666667,1,-1,0
101,2.8843000000119208,0.4116666666666666,1,1,0
101,2.2253999999761582,0.4766666666666667,1,-1,1
101,2.154399999976158,0.5700000000000001,1,-1,0
101,1.842300000011921,0.925,1,1,1
101,2.892400000035763,0.685,1,-1,1
101,1.8898000000119208,0.8200000000000001,1,1,0
101,2.276199999988079,0.5800000000000001,1,-1,0
101,2.693600000023842,0.5549999999999999,1,1,1
198,4.050200000047684,0.5671296296296297,1,-1,1
198,4.0342999999523155,0.3564814814814815,0,1,0
198,3.2648000000715256,0.5671296296296297,1,-1,0
198,2.3297999999523165,0.587962962962963,1,1,1
198,2.939399999976158,0.4907407407407407,1,-1,1
198,4.011,0.3055555555555556,1,-1,0
198,4.531,0.41666666666666663,0,1,0
198,2.1395,0.712962962962963,1,1,1
198,2.097100000023842,0.5185185185185186,1,1,1
198,2.5296000000238417,0.35185185185185186,1,-1,1
198,4.485299999952316,0.32407407407407407,0,1,0
198,2.3318000000715258,0.23379629629629628,1,-1,0
198,2.1868000000715258,0.5717592592592593,1,1,1
198,2.836899999976158,0.35185185185185186,1,-1,0
198,4.521899999976158,0.2222222222222222,0,1,0
198,6.653,0.19907407407407407,1,-1,1
198,2.0207000000476834,0.40509259259259256,1,1,1
198,3.5435,0.5023148148148149,1,-1,0
198,3.7357999999523157,0.31712962962962965,1,-1,1
198,2.409899999976158,0.1944444444444444,1,1,0
198,2.25,0.28935185185185186,1,-1,1
198,2.8478999999761583,0.40740740740740744,1,1,0
198,2.0136999999284746,0.5787037037037037,1,1,1
198,3.2812000000476838,0.5833333333333333,1,-1,0
198,2.940399999976158,0.39814814814814814,1,-1,1
198,2.0501999999284743,0.525462962962963,1,1,1
198,1.947,0.6018518518518519,1,1,0
198,3.5927999999523164,0.6018518518518519,1,-1,0
198,2.4278999999761584,0.4351851851851852,1,1,1
198,6.391600000023842,0.18287037037037035,1,1,0
198,3.010399999976158,0.47685185185185186,1,-1,0
198,3.7342999999523157,0.5555555555555556,1,-1,1
198,1.7495,0.6666666666666667,1,1,1
198,4.016,0.26157407407407407,0,-1,1
198,1.8336999999284744,0.3773148148148148,0,-1,0
198,1.5415,0.6851851851851851,1,1,0
198,4.153600000023842,0.5046296296296297,1,-1,0
198,1.7665,0.6550925925925926,1,1,1
198,3.7025,0.45833333333333337,1,-1,1
198,1.5172000000476835,0.6296296296296297,1,1,0
198,2.0868000000715257,0.4282407407407407,1,-1,1
198,1.7070999999046326,0.6365740740740741,1,1,0
198,2.2582000000476836,0.7407407407407407,1,1,1
198,3.3413000000715254,0.4907407407407407,1,-1,0
198,1.8627000000476834,0.6666666666666667,1,1,0
198,2.213600000023842,0.6111111111111112,1,1,1
198,2.3012000000476838,0.46759259259259256,1,-1,1
198,2.0937000000476838,0.3796296296296297,1,-1,0
198,2.448900000095367,0.4097222222222222,1,-1,1
198,1.6741000000238422,0.7615740740740741,1,1,0
198,3.095200000047684,0.47916666666666663,1,1,1
198,1.9223000000715256,0.39583333333333337,1,-1,0
198,3.949400000095367,0.5810185185185186,1,1,1
198,2.482600000023842,0.6041666666666667,1,-1,0
198,3.220200000047684,0.6226851851851851,1,-1,1
198,3.2397000000476837,0.7592592592592593,1,1,0
198,2.5023000000715254,0.6574074074074074,1,1,1
198,3.8078000000715257,0.5046296296296297,1,-1,1
198,2.3715,0.6574074074074074,1,1,0
198,2.0745,0.5439814814814814,1,-1,0
198,1.8032999999523165,0.6898148148148149,1,1,0
198,1.873,0.7361111111111112,1,1,1
198,2.7015,0.4212962962962963,1,-1,1
198,3.203600000023842,0.4930555555555556,1,-1,0
191,2.635,0.9833333333333332,1,1,1
191,1.7755,1,1,1,0
191,1.5315,1,1,-1,1
191,1.6016000000089408,1,1,-1,0
191,3.0335,0.10833333333333328,0,1,0
191,1.616300000011921,0.8583333333333334,0,1,1
191,1.6027999999970197,0.8111111111111111,1,-1,1
191,2.12570000000298,0.8888888888888888,1,-1,0
191,2.50020000000298,0.7055555555555555,1,-1,0
191,1.88620000000298,1,1,1,1
191,3.784599999994039,0.95,1,1,0
191,1.92320000000298,1,1,-1,1
191,1.83679999999702,0.6972222222222222,1,1,0
191,2.64179999999702,1,1,1,1
191,1.9289000000059604,1,1,-1,1
191,2.18920000000298,0.5722222222222222,1,-1,0
191,1.6047000000029803,1,1,-1,0
191,1.9340999999940396,1,1,1,0
191,2.0704000000059604,1,1,1,1
191,1.502,0.41666666666666663,1,-1,1
191,1.4173999999910594,0.4388888888888889,1,-1,1
191,2.84029999999702,0.8333333333333334,0,1,1
191,2.7871000000089405,0.8083333333333333,1,1,0
191,1.4423999999910593,0.8861111111111111,1,-1,0
191,2.1519000000059605,0.975,1,1,1
191,1.4577999999970197,0.8527777777777777,1,1,0
191,1.7317999999970197,0.8583333333333334,1,-1,0
191,1.7071999999880791,0.8805555555555555,1,1,1
191,1.3318999999910592,0.8611111111111112,1,-1,1
191,1.7916000000089407,0.9194444444444444,1,1,0
191,1.4974000000059604,1,1,-1,0
191,2.07370000000298,1,1,1,1
191,2.074100000008941,0.9944444444444444,1,-1,1
191,2.92,0.18888888888888888,1,-1,0
191,1.81079999999702,1,1,1,0
191,1.3931000000089406,1,1,1,1
191,1.4804000000059605,1,1,-1,0
191,1.5617999999970198,1,1,-1,1
191,1.6394000000059605,1,1,1,0
191,1.761300000011921,1,1,1,1
191,1.995,1,1,1,0
191,1.4555,1,1,-1,1
191,1.4847000000029802,0.8277777777777777,1,-1,0
191,1.6685999999940395,0.9861111111111112,1,1,0
191,1.4050999999940395,0.9666666666666668,1,-1,0
191,1.3163999999910594,0.7444444444444445,1,1,1
191,1.6927000000029802,0.9722222222222222,1,-1,1
191,1.7432999999970198,1,1,-1,1
191,1.747,1,1,1,0
191,2.13129999999702,1,1,1,1
191,1.4600999999940396,1,1,-1,0
191,2.1669000000059606,1,1,-1,1
191,1.3,0.9694444444444444,1,1,1
191,1.4057999999970199,1,1,-1,0
191,2.5559000000059604,0.9722222222222222,1,1,0
191,1.6512999999970197,1,1,1,0
191,1.934,1,1,-1,0
191,0.1860999999940395,0.2694444444444445,1,-1,1
191,1.647,1,1,1,1
191,4.072900000005961,1,1,-1,0
191,1.6620999999940396,0.9277777777777778,1,1,0
191,2.03879999999702,0.9333333333333332,1,1,1
191,1.488699999988079,1,1,-1,1
170,2.140699999988079,1,0,1,1
170,3.0961000000238417,0.7569444444444444,1,-1,0
170,1.7696999999880791,0.7407407407407407,1,-1,1
170,1.5500999999642373,0.9814814814814816,1,1,0
170,1.841,0.8055555555555556,1,1,1
170,2.2730999999642374,0.8611111111111112,1,1,0
170,6.674400000035763,0.8148148148148149,1,-1,1
170,2.082699999988079,0.900462962962963,1,-1,0
170,1.8255,0.8796296296296297,1,1,1
170,2.6305,0.8240740740740741,1,-1,1
170,1.7284000000357629,0.7592592592592593,1,-1,0
170,2.238300000011921,0.787037037037037,1,1,0
170,1.3692000000476834,0,0,1,1
170,1.604,0.7916666666666666,1,-1,0
170,1.7475,0.8680555555555556,1,-1,1
170,1.631100000023842,0.962962962962963,1,-1,1
170,2.348800000011921,1,1,1,0
170,1.6546999999880792,0.5,1,1,1
170,1.6444000000357628,0.7893518518518519,1,-1,0
170,2.2165,0.6226851851851851,1,1,0
170,1.5722000000476835,0.8287037037037037,1,-1,0
170,1.6480999999642372,0.4930555555555556,0,1,1
170,1.8812000000476834,0.7592592592592593,1,-1,1
170,1.826,0.7777777777777778,1,1,1
170,4.250800000011921,0.775462962962963,0,1,0
170,1.8809000000357627,0.8541666666666666,1,-1,1
170,1.638199999988079,0.6157407407407407,1,-1,0
170,1.5225,0.7152777777777778,0,1,1
170,2.0897999999523162,0.6759259259259259,1,1,0
170,1.561199999988079,0.6736111111111112,1,-1,1
170,2.267,0.7476851851851851,1,-1,1
170,1.7736999999880791,0.7337962962962963,1,-1,0
170,3.656799999952316,0.8425925925925926,1,1,1
170,1.716800000011921,0.8402777777777778,0,1,0
170,2.0885,0.7592592592592593,1,1,1
170,1.8137000000476835,0.8333333333333334,1,-1,1
170,2.2161000000238418,0.8888888888888888,1,1,0
170,2.6289000000357627,0.912037037037037,1,-1,0
170,1.7291000000238421,0.8680555555555556,1,-1,1
170,2.291,0.8981481481481481,1,-1,0
170,1.6854000000357627,0.8564814814814815,0,1,0
170,1.6464000000357628,0.7662037037037037,1,1,1
170,2.022300000011921,0.8611111111111112,1,-1,0
170,1.4395,0.7546296296296297,1,-1,1
170,0.786699999988079,0.8703703703703703,0,1,0
170,1.809300000011921,0.7986111111111112,1,1,1
170,2.290699999988079,0.8541666666666666,1,-1,0
170,1.808,0.7893518518518519,1,-1,1
170,1.8277999999523165,0.8935185185185185,1,1,1
170,2.0123999999761577,0.7453703703703703,1,1,0
170,1.5627000000476834,0.8032407407407407,1,1,1
170,1.6352000000476834,0.7199074074074074,1,-1,0
170,1.886199999988079,0.7407407407407407,1,1,0
170,1.6957000000476834,0.8032407407407407,1,-1,1
170,4.173600000023842,0.8726851851851851,1,1,0
170,1.800600000023842,0.8402777777777778,1,1,1
170,2.2805,0.8194444444444444,1,-1,1
170,1.795,0.8263888888888888,1,-1,0
170,2.0295,0.8912037037037037,1,1,0
170,1.7993999999761578,1,1,1,1
170,1.647600000023842,0.9953703703703703,1,-1,0
170,1.4845,0.537037037037037,0,-1,1
81,3.926599999994039,0.4472222222222222,0,-1,1
81,4.46529999999702,0.28888888888888886,0,1,0
81,5.28620000000298,0.3611111111111112,0,1,1
81,3.135,0.6305555555555555,1,-1,0
81,3.3136000000089405,0.4861111111111112,1,-1,0
81,3.9686000000089408,0.2944444444444444,1,1,1
81,2.8740999999940398,0.30000000000000004,1,-1,1
81,3.5699000000059606,0.3222222222222222,1,1,0
81,3.1230999999940394,0.1527777777777778,0,1,1
81,2.3409000000059605,0.5722222222222222,0,-1,1
81,3.812599999994039,0.1777777777777778,0,-1,0
81,4.372,0.26111111111111107,1,1,0
81,4.4575,0.28888888888888886,0,1,0
81,3.5372000000029797,0.3027777777777778,0,-1,0
81,3.6648999999910594,0.15555555555555556,0,1,1
81,3.07770000000298,0.20277777777777772,1,-1,1
81,3.112199999988079,0.0888888888888889,1,-1,1
81,2.8574000000059603,0.05000000000000004,1,1,1
81,3.5779000000059606,0.12222222222222225,1,1,0
81,2.8798999999910593,0.2694444444444445,1,-1,0
81,3.4061000000089408,0.4222222222222223,1,1,1
81,2.2145,0.4555555555555556,1,-1,0
81,2.9680999999940396,0.2944444444444444,0,-1,1
81,3.0954000000059603,0.28055555555555556,0,1,0
81,4.49810000000894,0.0805555555555556,1,-1,1
81,3.1077999999970203,0.12222222222222225,0,-1,0
81,2.6222000000029797,0.10555555555555551,1,1,1
81,3.820099999994039,0.12222222222222225,0,1,0
81,3.226699999988079,0.3055555555555556,0,1,0
81,3.0704000000059604,0.23333333333333328,1,-1,1
81,2.5716000000089405,0.2777777777777778,1,1,1
81,2.570100000008941,0.1611111111111111,0,-1,0
81,1.9894000000059604,0.33333333333333337,1,1,1
81,2.3085999999940396,0.3222222222222222,1,1,0
81,3.14579999999702,0.1166666666666667,1,-1,0
81,3.32,0.07222222222222219,1,-1,1
81,2.6774000000059606,0.8277777777777777,1,1,1
81,5.243,0.6083333333333334,1,-1,0
81,3.15779999999702,0.5111111111111111,1,-1,1
81,4.77809999999404,0.2055555555555556,0,1,0
81,5.621599999994039,0.2444444444444445,1,-1,0
81,3.607599999994039,0.28888888888888886,0,-1,1
81,3.3843999999910594,0.4388888888888889,1,1,0
81,3.1781999999880792,0.6555555555555556,1,1,1
81,4.157,0.5472222222222223,0,1,0
81,3.3950999999940397,0.4833333333333333,0,-1,0
81,2.213,0.3305555555555556,0,-1,1
81,2.1809000000059604,0.26388888888888884,1,1,1
81,2.6691000000089407,0.45,1,1,1
81,2.7529000000059605,0.425,1,-1,0
81,5.7664000000059605,0.08333333333333337,0,1,0
81,3.5732000000029798,0.18888888888888888,1,-1,1
81,3.249399999991059,0.26111111111111107,1,1,0
81,3.3715,0.2055555555555556,1,-1,1
81,3.3575,0.09444444444444444,1,-1,0
81,2.5315999999940395,0.31666666666666665,1,1,1
81,3.0426000000089406,0.12222222222222225,1,-1,1
81,2.4616000000089406,0.1611111111111111,0,-1,0
81,4.95579999999702,0.4388888888888889,1,1,1
81,3.50720000000298,0.6944444444444444,0,1,0
81,4.07629999999702,0.11388888888888891,1,-1,0
81,3.37520000000298,0.5083333333333333,1,1,0
81,2.89729999999702,0.4694444444444445,1,1,1
81,3.0055999999940397,0.3055555555555556,1,-1,1
41,3.539,0.5444444444444445,1,-1,0
41,2.246,1,1,1,1
41,3.329,0.3648148148148148,1,-1,1
41,2.15,1,1,1,0
41,2.765,0.7740740740740741,1,-1,0
41,2.313,0.6907407407407408,1,-1,1
41,2.077,0.912962962962963,1,1,0
41,1.756,0.8296296296296296,1,1,1
41,2.112,0.7518518518518519,1,1,1
41,2.296,0.6722222222222223,1,-1,0
41,2.102,0.7962962962962963,1,-1,1
41,2.047,0.8277777777777777,1,1,0
41,2.643,0.5740740740740741,1,-1,1
41,2.117,0.8111111111111111,1,-1,0
41,1.816,0.9074074074074074,1,1,0
41,2.03,0.712962962962963,1,1,1
41,2.034,0.7888888888888889,1,1,1
41,1.619,0.8666666666666667,1,1,0
41,1.974,0.7759259259259259,1,-1,1
41,2.178,0.8,1,-1,0
41,2.428,0.8574074074074074,1,-1,0
41,2.054,0.7685185185185185,1,1,1
41,3.132,0.6814814814814815,1,1,0
41,2.063,0.8629629629629629,1,-1,1
41,4.238,0.5555555555555556,1,1,0
41,2.138,0.8629629629629629,1,-1,1
41,2.254,0.9944444444444444,1,-1,0
41,2.045,0.7111111111111111,1,1,1
41,3.199,0.8944444444444445,1,-1,1
41,1.966,0.9574074074074074,1,-1,0
41,1.852,0.8555555555555556,1,1,0
41,4.021,0.5629629629629629,1,1,1
41,2.627,0.7055555555555555,1,1,1
41,1.956,1,1,-1,0
41,1.768,0.924074074074074,1,1,0
41,2.315,0.9611111111111112,1,-1,1
41,2.032,0.8333333333333334,1,1,1
41,2.302,1,1,-1,0
41,2.194,1,1,-1,1
41,2.221,0.5351851851851852,1,1,0
41,2.317,0.9148148148148147,1,-1,1
41,2.365,0.8814814814814815,1,1,0
41,1.76,0.9203703703703704,1,-1,0
41,2.263,0.9592592592592591,1,1,1
41,1.63,0.8685185185185185,1,-1,1
41,1.748,0.924074074074074,1,1,0
41,2.039,0.8907407407407407,1,1,1
41,1.555,0.9777777777777776,1,-1,0
41,1.902,0.8407407407407408,1,1,1
41,2.314,0.8462962962962963,1,1,0
41,1.926,0.9388888888888888,1,-1,0
41,1.994,0.6814814814814815,1,-1,1
41,1.744,0.8851851851851852,1,1,1
41,1.934,0.8240740740740741,1,-1,1
41,1.852,0.8685185185185185,1,1,0
41,2.177,0.9166666666666666,1,-1,0
41,1.776,0.9518518518518518,1,1,1
41,2.2,0.8944444444444445,1,-1,1
41,2.726,1,1,1,0
41,2.022,1,1,-1,0
41,1.833,0.9518518518518518,1,1,0
41,1.646,0.9907407407407408,1,-1,0
41,1.549,0.8481481481481481,1,1,1
41,1.826,0.924074074074074,1,-1,1
3,2.8621000000238417,0.9560185185185184,1,-1,0
3,2.589100000023842,0.8402777777777778,1,-1,1
3,2.3773999999761584,0.8773148148148148,0,1,0
3,2.4158999999761583,0.8425925925925926,0,1,1
3,2.5871000000238418,0.9027777777777778,1,1,0
3,2.1618999999761583,0.8796296296296297,1,-1,0
3,2.419100000023842,0.8356481481481481,0,-1,1
3,2.0576000000238417,0.962962962962963,1,1,1
3,2.268400000095367,0.8888888888888888,1,-1,0
3,2.892100000023842,0.914351851851852,0,-1,1
3,2.5211999999284744,0.8796296296296297,1,1,0
3,2.4995,0.9328703703703703,1,1,1
3,2.1633000000715255,0.8912037037037037,1,-1,0
3,2.490200000047684,0.8796296296296297,0,1,0
3,2.5381999999284743,0.9050925925925926,0,-1,1
3,2.093399999976158,0.8912037037037037,1,1,1
3,2.109800000071526,0.8981481481481481,1,1,0
3,1.999,0.8912037037037037,1,-1,0
3,2.189,0.9074074074074074,1,-1,1
3,2.438200000047684,0.8819444444444444,1,1,1
3,2.092,0.8680555555555556,1,-1,1
3,1.9522999999523165,0.8888888888888888,1,-1,0
3,1.9277999999523165,0.900462962962963,0,1,1
3,1.991,0.8865740740740741,0,1,0
3,2.306600000023842,0.8888888888888888,1,-1,1
3,2.1133000000715256,0.900462962962963,0,1,1
3,2.071,0.900462962962963,0,1,0
3,2.6985,0.9421296296296297,0,-1,0
3,2.096,0.9166666666666666,1,-1,0
3,2.2483999999761584,0.912037037037037,1,-1,1
3,2.0901999999284744,0.9074074074074074,0,1,1
3,2.583200000047684,0.8981481481481481,0,1,0
3,1.792600000023842,0.9467592592592592,1,1,1
3,1.8757000000476836,0.8703703703703703,0,-1,1
3,1.9555,0.8981481481481481,1,-1,0
3,1.912899999976158,0.8935185185185185,1,1,0
3,2.233700000047684,0.8958333333333334,0,-1,0
3,1.9152999999523166,0.9212962962962964,0,-1,1
3,1.8176000000238421,0.9375,1,1,0
3,2.0357999999523164,0.949074074074074,1,1,1
3,1.8785,0.9351851851851852,1,1,1
3,2.3917999999523163,0.9305555555555556,1,-1,0
3,2.0535,0.9305555555555556,1,1,0
3,2.05,0.9166666666666666,1,-1,1
3,2.4871999999284746,0.8935185185185185,1,1,1
3,2.405599999904633,0.9097222222222222,1,1,0
3,1.8397999999523165,0.9074074074074074,1,-1,0
3,2.816,0.8888888888888888,0,-1,1
3,1.947899999976158,0.8842592592592593,1,1,1
3,2.0207000000476834,0.9398148148148148,1,1,0
3,2.6213000000715256,0.9236111111111112,1,-1,0
3,2.0974000000953668,0.9189814814814816,1,-1,1
3,1.932,0.9166666666666666,1,-1,1
3,1.8793000000715256,0.914351851851852,1,1,0
3,2.246299999952316,0.912037037037037,1,1,1
3,1.9323999999761579,0.900462962962963,1,-1,0
3,1.9323999999761579,0.912037037037037,1,1,1
3,2.0129000000953674,0.9097222222222222,1,-1,0
3,2.1147000000476837,0.912037037037037,0,-1,1
3,2.1097000000476838,0.914351851851852,1,1,0
3,1.874600000023842,0.9166666666666666,1,1,1
3,1.9416999999284745,1,1,-1,0
3,2.0797000000476835,1,0,1,0
3,2.0053000000715255,1,1,-1,1
11,1.764699999988079,0.458306188934789,1,1,1
11,1.945,0.8283387324029537,1,-1,1
11,2.2865,0.4895765671221364,1,-1,0
11,2.3476000000089408,0.7006514459265948,1,1,0
11,2.0364000000059606,0.8100977198794144,1,1,0
11,1.9293999999910594,0.5833876022783864,1,1,1
11,2.2061000000089406,0.33061885275553415,1,-1,1
11,2.1964000000059603,0.8074918467466529,1,-1,0
11,2.2872000000029797,0.4973941368175252,1,1,1
11,2.016,0.893485312207514,1,-1,0
11,1.806699999988079,0.5964169182392984,1,1,0
11,2.09870000000298,0.8153094164420417,1,-1,1
11,1.81220000000298,0.5104234527784373,1,1,1
11,2.3027000000029796,0.6355048661220346,1,-1,0
11,1.7977999999970198,0.8856677425121251,1,1,0
11,2.1565,0.6250813735909881,1,-1,1
11,1.995,0.8179152895748033,1,-1,1
11,1.7243999999910593,0.5364820847002614,1,1,1
11,2.3095,0.7970684039185024,1,-1,0
11,1.7337999999970197,0.4999999602473908,1,1,0
11,1.796,0.44006512670835374,1,1,0
11,2.1730999999940397,0.7840390879575904,0,-1,1
11,1.8626000000089407,0.7996742770512639,1,-1,0
11,2.2457000000029796,0.7032573190593564,0,1,1
11,2.1439000000059605,0.6042344879346873,1,-1,0
11,2.2182999999970203,0.6876221299656828,0,1,0
11,2.00379999999702,0.7710097719966783,0,1,1
11,2.0088999999910593,0.5260585921692149,1,-1,1
11,2.03479999999702,0.7553745829030046,0,1,1
11,1.8799000000059605,0.6693811174421435,1,-1,1
11,1.9326999999880792,0.645928358653081,1,-1,0
11,1.82470000000298,1,0,1,0
11,1.7912000000029802,0.5755700325829975,0,1,0
11,1.6963999999910593,0.7371335206765693,1,-1,1
11,1.8434000000059605,0.505211706512914,1,1,1
11,2.07770000000298,0.7918566576529792,1,-1,0
11,1.7885,0.8465797946293889,0,1,0
11,1.856699999988079,0.9351791332230116,1,-1,1
11,1.6651000000089407,0.4244299873175761,1,1,1
11,1.91620000000298,0.5677524628876087,1,-1,0
11,2.0244000000059605,0.5182410224738261,0,-1,0
11,1.8555,1,0,1,0
11,1.7817000000029801,0.7214983812857917,1,-1,1
11,1.8144000000059604,0.8439739214966274,0,1,1
11,2.1060999999940395,0.7970684039185024,0,1,1
11,1.774,0.8674266802856899,1,-1,0
11,1.9669000000059604,0.7684038988639167,0,1,0
11,1.809199999988079,0.492182390552002,0,-1,1
11,1.751,0.6407166123875578,1,-1,0
11,1.9829000000059605,0.6954397493639676,0,1,1
11,1.8358999999910592,0.4791530745910899,1,1,0
11,1.8248999999910593,0.6641693214737243,1,-1,1
11,1.770199999988079,0.6094462342002105,1,-1,0
11,1.8613999999910593,0.4739413283255667,1,1,0
11,2.09770000000298,0.4947882139818675,1,1,1
11,1.8345999999940394,0.6328990426921689,1,-1,1
11,1.8069000000059605,0.6537459283484698,0,1,0
11,2.02479999999702,0.5078175299427796,0,-1,0
11,1.815800000011921,0.7214983812857917,0,1,1
11,1.9353999999910594,0.4895765671221364,0,-1,1
11,1.8646999999880791,0.458306188934789,1,1,0
11,1.9705999999940396,0.5755700325829975,1,-1,1
11,1.96520000000298,0.539087908130127,1,1,1
11,1.8331000000089408,0.7788273416920671,1,-1,0
62,2.3087000000476836,0.6759259259259259,1,1,0
62,2.119800000011921,0.7574074074074074,1,-1,0
62,2.9317999999523163,0.6148148148148148,0,-1,1
62,2.9805,0.2962962962962963,0,1,1
62,2.1915999999642373,0.4,1,-1,1
62,2.593400000035763,0.5388888888888889,1,1,1
62,2.522100000023842,0.4648148148148148,0,1,0
62,2.803300000011921,0.6555555555555556,1,-1,0
62,2.090800000011921,0.5981481481481481,1,1,1
62,2.2829000000357627,0.4037037037037037,1,-1,1
62,2.584899999976158,0.5907407407407408,1,-1,0
62,2.159800000011921,0.4722222222222222,1,1,0
62,1.9966000000238422,0.6851851851851851,1,-1,0
62,2.395599999964237,0.4111111111111111,0,1,1
62,1.878300000011921,0.5462962962962963,1,-1,1
62,2.548,0.5666666666666667,0,1,0
62,3.912699999988079,0.6962962962962963,1,-1,0
62,2.8845,0.4537037037037037,0,1,1
62,3.420100000023842,0.5703703703703704,1,-1,1
62,2.324600000023842,0.6018518518518519,1,1,0
62,2.236199999988079,0.4055555555555555,1,-1,0
62,2.7755,0.3907407407407407,1,-1,1
62,1.757300000011921,0.5537037037037037,1,1,1
62,3.064,0.3314814814814815,0,1,0
62,2.609399999976158,0.3648148148148148,1,-1,0
62,2.217400000035763,0.40740740740740744,1,-1,1
62,1.4660999999642372,0.5425925925925925,1,1,1
62,2.2685,0.6277777777777778,1,1,0
62,1.778600000023842,0.4907407407407407,1,-1,0
62,1.788600000023842,0.3037037037037037,1,-1,1
62,1.5978999999761578,0.46111111111111114,1,1,0
62,1.455899999976158,0.488888888888889,0,1,1
62,1.8255,0.7055555555555555,0,-1,0
62,1.9544000000357629,0.7814814814814814,1,1,1
62,1.9932000000476835,0.45,1,-1,1
62,1.821199999988079,0.5629629629629629,1,1,0
62,1.7671000000238422,0.4629629629629629,1,1,0
62,2.173299999952316,0.5925925925925926,1,-1,1
62,2.1443999999761583,0.39629629629629626,0,1,1
62,1.7060999999642372,0.28888888888888886,1,-1,0
62,1.991399999976158,0.4,1,1,0
62,1.780600000023842,0.8888888888888888,1,-1,1
62,1.8298999999761578,0.6685185185185185,1,-1,0
62,2.320799999952316,0.7351851851851852,1,1,1
62,1.8649000000357627,0.6462962962962964,1,-1,1
62,2.195600000023842,0.4722222222222222,0,1,1
62,2.277300000011921,0.65,1,1,0
62,1.7968000000119209,0.4203703703703704,1,-1,0
62,2.9095,0.5944444444444444,1,1,0
62,1.7595,0.7148148148148148,1,-1,0
62,2.1209000000357627,0.4907407407407407,0,1,1
62,1.9765999999642372,0.312962962962963,1,-1,1
62,1.997,0.46111111111111114,1,1,0
62,1.975300000011921,0.41481481481481486,1,-1,0
62,3.144199999988079,0.16666666666666663,0,1,1
62,1.726399999976158,0.2222222222222222,1,-1,1
62,1.9403999999761579,0.7148148148148148,1,1,1
62,1.9038000000119208,0.31851851851851853,1,-1,1
62,1.8698999999761579,0.512962962962963,1,-1,0
62,2.075099999964237,0.6407407407407407,1,1,0
62,2.068,0.3574074074074074,1,-1,1
62,2.261699999988079,0.6055555555555556,1,1,1
62,2.3655,0.4296296296296296,0,1,0
62,1.687100000023842,0.7777777777777778,1,-1,0
93,2.188100000008941,0.9895833333333334,1,-1,0
93,2.2008999999910595,0.43489583333333337,1,1,1
93,2.21970000000298,0.11979166666666664,1,1,0
93,2.19129999999702,0.6145833333333333,1,-1,1
93,1.9525999999940395,0.9114583333333334,1,-1,1
93,2.795,0.34895833333333337,0,1,0
93,1.82679999999702,1,1,-1,0
93,3.46929999999702,0.09114583333333336,1,1,1
93,4.038599999994039,0.18489583333333337,0,1,0
93,2.952,0.9348958333333334,1,1,1
93,2.1699000000059603,0.7265625,1,-1,0
93,2.1192000000029796,0.8880208333333334,1,-1,1
93,1.7782999999970197,1,1,-1,1
93,3.13720000000298,0.5885416666666667,0,1,0
93,3.8676000000089408,0.7708333333333334,1,-1,0
93,1.92770000000298,1,1,1,1
93,1.7762999999970197,0.9661458333333334,1,-1,0
93,2.6078999999910595,1,1,1,1
93,2.7295,0.6666666666666667,1,1,0
93,1.9923999999910593,0.8958333333333334,1,-1,1
93,1.6862000000029802,1,1,1,1
93,2.009699999988079,0.9322916666666666,1,-1,1
93,2.4300999999940394,0.6692708333333333,1,-1,0
93,1.664,0.9583333333333334,1,1,0
93,2.362800000011921,0.6354166666666667,1,-1,0
93,1.7867999999970197,0.9348958333333334,1,1,0
93,2.6999000000059605,1,1,1,1
93,2.63620000000298,0.7864583333333334,1,-1,1
93,2.5099000000059606,0.9869791666666666,1,1,0
93,2.3999000000059603,0.9270833333333334,1,-1,0
93,1.7122999999970199,0.765625,1,1,1
93,1.7082000000029802,0.8515625,1,-1,1
93,1.87670000000298,0.8203125,1,1,1
93,3.1255,0.25,0,-1,0
93,2.2592000000029797,0.28385416666666663,0,-1,1
93,2.1622000000029797,1,1,1,0
93,1.922,1,1,1,1
93,2.00520000000298,0.7447916666666667,1,-1,0
93,2.3612000000029796,0.6015625,1,1,0
93,1.99020000000298,0.8333333333333334,1,-1,1
93,1.8885,0.71875,1,-1,0
93,2.40170000000298,0.8697916666666666,1,-1,1
93,1.94529999999702,1,1,1,1
93,3.1064000000059604,0.18489583333333337,1,1,0
93,1.717,0.5859375,1,-1,1
93,1.96329999999702,0.7838541666666666,1,1,1
93,2.6895,0.4140625,1,1,0
93,1.7162999999970199,0.7239583333333333,1,-1,0
93,1.80979999999702,0.9244791666666666,1,1,1
93,1.7882000000029803,0.6901041666666667,1,-1,0
93,1.8325999999940394,0.9895833333333334,1,-1,1
93,2.38629999999702,0.35677083333333337,1,1,0
93,1.82179999999702,0.6953125,1,-1,0
93,1.686,0.7838541666666666,1,1,1
93,1.6567999999970198,0.8307291666666666,1,-1,1
93,2.339,0.40104166666666663,1,1,0
93,1.5930999999940396,0.5911458333333333,1,1,0
93,1.8170999999940396,0.7109375,1,-1,1
93,1.837,1,1,1,1
93,2.1102999999970202,0.6953125,1,-1,0
93,1.6432000000029803,0.44791666666666663,1,1,1
93,2.392,0.45052083333333337,1,-1,0
93,2.320699999988079,0.20833333333333337,1,-1,1
93,1.7819000000059604,0.7291666666666667,1,1,0
171,1.8725,1,1,1,0
171,1.8116000001430512,1,1,-1,0
171,1.8912999999523166,1,1,1,1
171,1.7665,1,1,-1,1
171,2.774899999856949,1,1,-1,0
171,2.067400000095367,1,1,1,1
171,1.591100000143051,1,1,1,0
171,2.32,1,1,-1,1
171,2.082400000095367,1,1,-1,0
171,1.8787999999523166,1,1,-1,1
171,1.580399999856949,1,1,1,0
171,1.7257999999523166,1,1,1,1
171,1.6077999999523165,1,1,1,0
171,1.5368999998569488,1,1,1,1
171,1.9360999999046329,1,1,-1,0
171,1.7432000000476835,1,1,-1,1
171,1.5109000000953674,1,1,1,0
171,1.7560999999046325,1,1,-1,0
171,1.7615,1,1,-1,1
171,1.5071999998092651,1,1,1,1
171,1.7803999998569489,1,1,-1,0
171,1.5618000001907348,1,1,1,0
171,1.8234000000953672,1,1,-1,1
171,1.6481000001430512,1,1,1,1
171,1.7331000001430512,1,1,-1,0
171,1.6587000000476835,1,1,-1,1
171,1.9022000000476835,1,0,1,1
171,2.0115,1,1,1,0
171,1.6445999999046326,1,1,1,1
171,1.4703999998569488,1,1,1,0
171,1.778600000143051,1,1,-1,0
171,1.6122999999523164,1,1,-1,1
171,1.7197999999523166,1,1,1,1
171,1.5212000000476835,0,0,1,0
171,1.4897999999523166,1,1,-1,0
171,1.831100000143051,1,1,-1,1
171,1.7162000000476836,1,1,-1,1
171,1.8130999999046329,1,1,-1,0
171,1.949,1,1,1,0
171,1.6830999999046325,1,1,1,1
171,1.6319000000953674,1,1,-1,1
171,1.5248999998569488,1,1,1,0
171,1.5913999998569488,1,1,1,1
171,1.6092999999523165,1,1,-1,0
171,1.553899999856949,1,1,1,1
171,1.5928000001907348,1,1,1,0
171,1.6825,1,1,-1,0
171,1.727,1,1,-1,1
171,1.606,1,1,1,1
171,1.8372000000476836,1,1,-1,0
171,1.5722000000476835,1,1,-1,1
171,1.4959000000953675,1,1,1,0
171,1.5987000000476834,1,1,-1,0
171,1.8017999999523164,1,1,1,1
171,1.4356000001430511,1,1,1,0
171,1.5405999999046325,1,1,-1,1
171,1.600399999856949,1,1,-1,1
171,1.4877999999523166,1,1,1,1
171,1.4612999999523164,1,1,-1,0
171,1.7667999999523165,1,1,1,0
171,1.8245999999046327,1,1,1,1
171,1.8742999999523164,1,1,-1,1
171,1.8811000001430511,1,1,-1,0
171,1.606,1,1,1,0
78,2.844400000095367,0.8152777777777778,1,-1,1
78,2.106100000023842,0.9583333333333334,1,1,0
78,2.120099999904633,0.8944444444444445,1,-1,0
78,1.8376999999284744,0.9972222222222222,1,1,1
78,2.835100000023842,0.8486111111111111,1,-1,1
78,1.9208000000715255,0.9666666666666668,1,1,0
78,2.103,0.9319444444444444,1,-1,0
78,1.7896999999284744,1,1,1,1
78,2.076600000023842,1,1,-1,0
78,1.8406999999284743,1,1,-1,1
78,1.6412000000476834,1,1,1,1
78,4.205400000095367,0.7069444444444444,0,1,0
78,1.9538000000715257,0.8625,1,-1,1
78,1.7791000000238422,1,1,1,1
78,2.8631999999284745,0.8125,1,-1,0
78,1.8177999999523164,1,1,1,0
78,3.0633999999761583,0.8166666666666667,1,-1,0
78,2.830899999976158,0.5805555555555555,1,-1,1
78,1.7772999999523165,1,1,1,1
78,2.606100000023842,0.7833333333333333,1,1,0
78,2.206699999928474,0.9472222222222222,1,1,0
78,1.9919000000953673,1,1,1,1
78,4.464300000071526,0.6736111111111112,1,-1,1
78,2.4237999999523163,1,1,-1,0
78,2.9336999999284745,0.7111111111111111,1,-1,1
78,1.7613999999761578,1,1,1,1
78,2.209700000047684,1,1,1,0
78,2.1791999999284744,0.8208333333333333,1,-1,0
78,1.8332999999523165,1,1,1,1
78,1.8356999999284744,0.7458333333333333,1,1,0
78,3.1567999999523164,0.8194444444444444,1,-1,1
78,2.081,1,1,-1,0
78,2.071,1,1,1,0
78,2.885899999976158,0.8,1,-1,0
78,1.9280999999046329,1,1,1,1
78,3.0275,0.75,1,-1,1
78,2.104899999976158,0.8986111111111111,1,-1,1
78,1.7553000000715255,1,1,1,0
78,1.7083999999761579,1,1,1,1
78,3.7485,0.7430555555555556,1,-1,0
78,2.384799999952316,0.7722222222222223,1,-1,1
78,1.913100000023842,1,1,1,0
78,1.7788000000715256,1,1,1,1
78,2.9128000000715257,0.7875,1,-1,0
78,2.3676000000238417,1,1,1,1
78,2.766399999976158,0.8763888888888889,1,-1,1
78,2.1697999999523163,1,1,1,0
78,2.5075,1,1,-1,0
78,2.8741000000238417,0.925,1,-1,1
78,2.923099999904633,0.8277777777777777,1,-1,0
78,2.4325,1,1,1,1
78,3.0665,0.7930555555555556,1,1,0
78,2.334600000023842,1,1,1,1
78,1.9663000000715256,0.9291666666666668,1,-1,0
78,2.5805,1,1,1,0
78,2.1622999999523165,1,1,-1,1
78,2.483899999976158,1,1,-1,1
78,1.949,1,1,1,1
78,2.388899999976158,1,1,1,0
78,2.8672000000476836,1,1,-1,0
78,2.0861999999284744,1,1,1,1
78,2.085,1,1,-1,0
78,3.423399999976158,0.85,1,-1,1
78,2.180600000023842,1,1,1,0
118,4.096100000143051,0.8047827955134614,1,-1,1
118,3.0905,0.852686987130228,1,1,1
118,1.9695999999046327,1,1,-1,0
118,3.151,0.5952019571901082,1,1,0
118,3.634,0.8047827955134614,1,-1,0
118,2.2487999999523165,0.7478965679685512,1,1,0
118,3.270599999904633,0.5862199212619644,1,-1,1
118,3.583,0.00837560988471897,1,1,1
118,3.5876999998092653,0.6311301009026831,1,-1,0
118,3.775399999856949,0.8347229152739405,1,-1,1
118,4.558200000047684,0.4874175260523837,0,1,1
118,3.2467999999523163,0.6520881847350184,1,1,0
118,2.158900000095367,0.723944472160168,1,-1,1
118,2.3885,0.6431061488068746,1,1,0
118,2.357399999856949,0.7748426757529824,1,-1,0
118,2.988299999952316,0.43651932245956926,0,1,1
118,3.025900000095367,0.45148938233980873,1,1,1
118,2.8017999999523164,0.8646630350344195,1,-1,0
118,2.744899999856949,0.5952019571901082,1,1,0
118,2.345,0.7688546518008866,1,-1,1
118,2.030599999904633,0.9365193224595691,1,1,0
118,4.510200000047684,0.2748426757529824,0,1,1
118,3.839700000047684,0.7478965679685512,1,-1,0
118,2.8706999998092653,0.8856211188667549,1,-1,1
118,1.8447000000476834,1,1,1,0
118,2.8677999999523163,0.475441478148192,1,1,1
118,4.175600000143051,0.21795644820807225,1,-1,0
118,2.776900000095367,0.598195969166156,1,-1,1
118,2.538,1,1,-1,1
118,4.081900000095367,0.31376483144160516,0,1,1
118,2.657900000095367,0.9814295021002878,1,-1,0
118,3.463,0,0,1,0
118,2.3797999999523163,0.7299324961122639,1,-1,1
118,1.8293999998569488,1,1,1,0
118,3.7162000000476842,0.382627106890707,1,-1,0
118,1.6462000000476835,0.9185552506032818,1,1,1
118,1.6149000000953675,1,1,1,0
118,2.137900000095367,0.9035851907230424,1,-1,0
118,2.393400000095367,0.9335253104835212,1,-1,1
118,2.0427999999523165,0.789812735633222,1,1,1
118,1.9232000000476834,0.8736450709625633,1,1,1
118,2.2817999999523164,0.9185552506032818,1,-1,1
118,4.930100000143051,0.5772378853338207,1,1,0
118,1.7725999999046325,0.7987947715613657,1,-1,0
118,2.8833000001907347,0.8437049512020842,1,1,0
118,3.0392999999523163,0.915561238627234,1,-1,1
118,2.779800000190735,1,1,-1,0
118,3.6262000000476844,0.32873489132184464,1,1,1
118,2.671,0.7628666278487908,1,-1,1
118,1.7545,0.9005911787469943,1,1,0
118,1.7777999999523164,0.3676570470104674,1,1,1
118,1.8301000001430512,0.8257408793457968,1,-1,0
118,1.9478999998569488,0.8946031547948986,1,1,0
118,2.085599999904633,0.8706510589865153,1,-1,1
118,2.226399999856949,0.9245432745553775,1,-1,0
118,2.807900000095367,0.9245432745553775,1,1,1
118,2.2195,0.9365193224595691,1,-1,0
118,6.3485,0.17005225659130574,1,1,0
118,3.838,0.379633094914659,1,1,1
118,2.039,0.7598726158727429,1,-1,1
118,3.777400000095367,0.08621992126196443,0,1,1
118,1.9990999999046328,0.4904115380284315,1,-1,0
118,1.9382999999523165,0.8347229152739405,1,-1,1
118,6.328700000047684,0,0,1,0
201,1.2872999999523165,1,1,1,0
201,1.9285999999046328,0.6518518518518519,0,-1,1
201,1.4272000000476834,1,1,1,1
201,1.7795999999046326,0.8,1,-1,0
201,1.723699999809265,1,1,-1,0
201,2.8558999998569488,0.4462962962962963,1,-1,1
201,1.2460999999046325,1,1,1,1
201,1.3537999999523165,1,1,1,0
201,1.6369000000953675,0.6351851851851852,1,-1,0
201,1.453,1,1,1,1
201,1.2635999999046326,1,1,1,0
201,1.7685999999046325,0.8222222222222222,1,-1,1
201,1.673600000143051,0.8629629629629629,1,-1,1
201,1.6234000000953674,0.8740740740740741,1,-1,0
201,1.4944000000953674,1,1,1,1
201,1.5074000000953673,1,1,1,0
201,1.5373999998569488,0.8462962962962963,1,-1,0
201,1.2932000000476835,1,1,1,1
201,1.4757000000476834,1,1,-1,1
201,1.6057000000476835,1,1,1,0
201,1.912100000143051,0.7648148148148148,1,-1,1
201,3.4722000000476836,1,0,1,0
201,1.2805,1,1,1,1
201,1.4967000000476836,0.7962962962962963,1,-1,0
201,1.4512000000476835,0.9388888888888888,1,-1,0
201,1.3419000000953674,1,1,1,0
201,1.443800000190735,0.8018518518518518,1,-1,1
201,1.3750999999046325,1,1,1,1
201,1.4365999999046326,0.8796296296296297,1,-1,0
201,1.7255,1,1,1,0
201,1.389,1,1,1,1
201,1.5395,0.8537037037037037,1,-1,1
201,1.5447999999523165,1,1,-1,0
201,2.3048000001907347,1,1,-1,1
201,1.4135999999046325,1,1,1,1
201,1.4351000001430512,1,1,1,0
201,1.678699999809265,1,1,1,0
201,1.4064000000953674,1,1,1,1
201,1.4690999999046326,1,1,-1,1
201,1.7942999999523166,1,1,-1,0
201,1.4857999999523166,1,1,1,0
201,1.269,1,1,1,1
201,1.4808000001907349,1,1,-1,1
201,2.0592000000476838,1,1,-1,0
201,1.2592000000476835,1,1,1,1
201,1.9445,1,1,1,0
201,1.6365,1,1,-1,0
201,2.121900000095367,1,1,-1,1
201,1.3417000000476835,1,1,1,0
201,1.4507999999523165,1,1,1,1
201,1.4715999999046325,1,1,-1,0
201,1.5388999998569488,1,1,-1,1
201,1.521,1,1,-1,0
201,1.3747000000476834,1,1,1,0
201,1.487,1,1,-1,1
201,1.2764000000953675,1,1,1,1
201,1.2977999999523164,1,1,1,1
201,1.293,1,1,1,0
201,1.517,1,1,-1,0
201,1.4512000000476835,1,1,-1,1
201,1.5164000000953675,1,1,-1,0
201,1.5755999999046326,1,1,1,0
201,1.5421000001430512,1,1,-1,1
201,1.366699999809265,1,1,1,1
143,2.552600000023842,0.7994791666666666,1,-1,1
143,2.5023999999761584,0.8932291666666666,1,1,1
143,2.900900000035763,0.5494791666666667,1,1,0
143,3.267199999988079,0.84375,1,-1,0
143,2.842399999976158,1,1,-1,0
143,2.301300000011921,0.8645833333333334,1,1,1
143,2.695100000023842,0.6380208333333333,1,-1,1
143,5.579699999988079,0.5598958333333333,1,1,0
143,2.7887000000476836,0.8255208333333334,1,-1,0
143,3.7235999999642373,0.9270833333333334,1,1,0
143,3.1203999999761582,0.7317708333333333,1,-1,1
143,2.107200000047684,1,1,1,1
143,3.449899999976158,0.6536458333333333,1,1,0
143,1.8352999999523165,1,1,1,1
143,2.6808000000119208,1,1,-1,1
143,3.1299000000357626,0.734375,1,-1,0
143,2.375,0.9817708333333334,1,1,1
143,3.068700000047684,0.8385416666666666,1,-1,1
143,4.615800000011921,0.5911458333333333,1,1,0
143,2.623600000023842,0.9791666666666666,1,-1,0
143,4.917399999976158,0.8854166666666666,1,-1,0
143,3.039199999988079,1,1,-1,1
143,3.2675,0.8020833333333334,1,1,0
143,3.716,0.9947916666666666,1,1,1
143,6.621599999964237,0.5651041666666667,1,1,0
143,3.1245,0.6770833333333333,1,1,1
143,2.915800000011921,0.9791666666666666,1,-1,0
143,2.954,0.9609375,1,-1,1
143,3.389,1,1,1,1
143,3.4574000000357628,1,1,-1,0
143,3.0755,1,1,-1,1
143,3.142399999976158,0.6484375,1,1,0
143,3.690400000035763,0.7369791666666667,1,-1,1
143,3.095699999988079,0.875,1,-1,0
143,2.811799999952316,1,1,1,1
143,2.679100000023842,0.9869791666666666,1,-1,1
143,3.862599999964237,1,1,-1,0
143,3.816800000011921,0.6328125,1,1,0
143,2.2345999999642374,1,1,1,1
143,2.8505,0.8802083333333334,1,1,0
143,2.6055,1,1,1,1
143,2.672700000047684,0.9869791666666666,1,-1,0
143,2.527899999976158,0.9921875,1,-1,1
143,2.848,0.9010416666666666,1,1,1
143,3.3436000000238417,0.8802083333333334,1,-1,0
143,3.3878999999761583,0.8619791666666666,1,-1,1
143,2.472399999976158,1,1,1,1
143,3.6756999999880793,0.703125,1,-1,1
143,2.806699999988079,1,1,-1,0
143,2.9248999999761582,0.8307291666666666,1,-1,1
143,2.773600000023842,0.8645833333333334,1,1,1
143,3.2700999999642373,0.8098958333333334,1,-1,0
143,3.4815,0.6875,1,1,0
143,2.195200000047684,1,1,1,1
143,2.4986999999880792,1,1,-1,0
143,2.967699999988079,0.78125,1,-1,1
143,5.906699999988079,0.5442708333333333,1,1,0
143,2.635800000011921,1,1,-1,1
143,3.0135,0.7604166666666666,1,-1,0
143,2.283800000011921,1,1,1,1
88,3.6273000000000173,1,1,1,0
88,4.713100000000006,1,1,1,1
88,3.1867000000000116,1,1,-1,0
88,2.773700000000012,1,1,1,1
88,4.272600000000035,1,1,1,0
88,3.3639000000000525,1,1,1,0
88,3.487399999999907,0.7192982456140351,1,-1,1
88,4.2942999999999305,0.8618421052631579,1,1,1
88,6.569699999999953,1,1,1,1
88,5.1915,0.8026315789473684,1,1,0
88,3.0635999999999766,0.5833333333333333,1,-1,0
88,2.2990999999999766,0.7719298245614035,1,-1,0
88,4.284,0.7609649122807017,1,-1,1
88,2.2251999999999534,0.7697368421052632,1,1,0
88,4.283400000000023,0.7346491228070176,1,1,1
88,2.8833000000000464,0.7587719298245614,1,-1,1
88,2.0254000000000234,0.8837719298245614,1,1,1
88,2.6419000000000232,0.8947368421052632,1,-1,0
88,2.28820000000007,0.7828947368421053,1,1,0
88,4.37379999999993,0.9451754385964912,0,1,0
88,2.5041999999999534,0.7039473684210527,1,-1,1
88,2.4179000000000235,0.8728070175438596,1,-1,0
88,2.2865,0.7675438596491229,1,1,1
88,5.14020000000007,0.8508771929824561,1,1,1
88,2.4135,0.8771929824561404,1,-1,0
88,2.6795,0.831140350877193,1,-1,1
88,2.6596999999999533,0.7850877192982456,1,1,0
88,2.0860999999999765,0.9846491228070176,1,-1,1
88,2.297400000000023,0.9978070175438596,1,-1,0
88,2.0905,0.6271929824561404,1,1,0
88,1.7283000000000466,1,1,1,1
88,1.6854000000000233,1,1,1,1
88,3.0393000000000465,0.6469298245614035,1,-1,1
88,3.42,0.8333333333333334,1,-1,0
88,1.645,1,1,1,0
88,1.7794000000000232,1,1,1,0
88,1.9632000000000696,1,1,-1,0
88,2.4237999999999302,1,1,1,1
88,2.2725999999999766,1,1,-1,1
88,3.521,1,1,-1,1
88,2.74929999999993,1,1,-1,0
88,2.3285,1,1,1,1
88,2.617599999999977,1,1,1,0
88,1.7100999999999766,1,1,1,1
88,1.9697999999999303,1,1,1,0
88,1.878,1,1,-1,0
88,1.8569000000000233,1,1,-1,1
88,2.3468000000000466,1,1,-1,1
88,2.187,0.7214912280701755,1,1,0
88,2.905099999999977,0.9583333333333334,1,-1,0
88,1.6763999999999069,1,1,1,1
88,2.4894000000000234,0.7149122807017544,0,1,0
88,2.098,1,1,-1,0
88,4.351099999999977,0.5964912280701755,1,-1,1
88,2.960300000000047,0.7346491228070176,0,1,1
88,2.1861999999999533,1,1,1,1
88,2.0173000000000463,1,1,-1,0
88,1.9418000000000464,1,1,-1,1
88,3.2035,0.6535087719298245,0,1,0
144,2.332900000095367,1,1,-1,0
144,2.7897999999523164,1,1,1,1
144,3.4383999999761583,0.9222222222222224,1,1,0
144,4.0786999999284745,1,1,-1,0
144,2.975,1,1,1,1
144,2.809600000023842,1,1,1,0
144,5.025899999976158,0.8277777777777777,1,-1,1
144,5.682199999928474,0.9666666666666668,1,-1,1
144,2.7586999999284743,0.9833333333333332,1,1,1
144,2.8613000000715254,0.8833333333333333,1,-1,0
144,4.628199999928475,1,1,1,0
144,2.887599999904633,1,1,-1,0
144,3.9235,0.9944444444444444,1,-1,1
144,3.4345,1,1,1,0
144,2.799100000023842,1,1,1,1
144,3.118,1,1,-1,0
144,1.9452999999523166,1,1,1,1
144,2.837099999904633,1,1,-1,1
144,2.5878000000715256,0.9388888888888888,1,-1,1
144,2.5107000000476836,1,1,-1,0
144,1.8767000000476834,1,1,1,0
144,3.344799999952316,1,1,1,1
144,2.0445999999046327,1,1,1,0
144,3.541399999976158,1,1,-1,0
144,1.7943000000715257,1,1,1,1
144,2.411700000047684,0.8333333333333334,1,-1,1
144,1.7293000000715255,1,1,1,0
144,1.992,0.8805555555555555,1,-1,1
144,1.828600000023842,1,1,1,1
144,2.0118000000715255,0.9194444444444444,1,-1,0
144,3.2306000000238417,0.7722222222222223,1,-1,1
144,3.405,0.8722222222222222,1,-1,0
144,2.029600000023842,1,1,1,0
144,2.004100000023842,1,1,1,1
144,3.5765,1,1,-1,1
144,2.1585,1,1,-1,0
144,1.9862999999523165,1,1,1,1
144,1.9266000000238421,1,1,1,0
144,2.2361999999284743,1,1,-1,0
144,1.745600000023842,1,1,1,1
144,2.469600000023842,1,1,1,0
144,3.031700000047684,0.7777777777777778,1,-1,1
144,2.1123000000715257,1,1,-1,0
144,3.2928000000715256,1,1,-1,1
144,2.047600000023842,1,1,1,0
144,2.195200000047684,1,1,1,1
144,3.470899999976158,1,1,1,1
144,2.0002000000476836,1,1,-1,1
144,3.083600000023842,1,1,-1,0
144,1.9126999999284744,1,1,1,0
144,1.7295,1,1,1,1
144,2.0137999999523166,1,1,-1,1
144,1.874,1,1,-1,0
144,1.843,1,1,1,0
144,2.061,1,1,1,0
144,1.8981000000238422,1,1,-1,1
144,3.8463000000715257,1,1,-1,0
144,1.7337999999523166,1,1,1,1
144,1.9478000000715257,1,1,-1,1
144,1.892,1,1,-1,0
144,1.586899999976158,1,1,1,0
144,1.646600000023842,1,1,1,1
147,3.3095,0.6950000000000001,1,-1,0
147,1.80979999999702,0.7725,1,1,0
147,1.648,1,1,1,1
147,3.794,0.62,1,-1,1
147,2.0565999999940394,1,1,1,0
147,2.1319000000059605,0.8975,1,-1,0
147,1.7814000000059604,1,1,1,1
147,2.1189000000059606,1,1,-1,1
147,2.1625,1,1,-1,0
147,1.6410999999940394,1,1,1,1
147,1.8288999999910593,1,1,-1,1
147,3.7548999999910593,0.6950000000000001,1,1,0
147,1.7942000000029803,1,1,-1,1
147,2.2955,1,1,1,1
147,1.6222999999970198,1,1,1,0
147,2.5994000000059603,0.76,1,-1,0
147,4.496,0.64,1,-1,0
147,1.5905,1,1,1,1
147,1.7595999999940395,1,1,-1,1
147,3.5580999999940395,0.6475,1,1,0
147,2.95520000000298,0.6675,1,-1,1
147,1.9375,1,1,1,1
147,2.1245,0.91,1,-1,0
147,1.7987999999970197,1,1,1,0
147,1.7115,1,1,1,0
147,1.6189000000059606,1,1,1,1
147,2.74370000000298,0.8075,1,-1,0
147,2.9400999999940396,0.85,1,-1,1
147,1.99429999999702,1,1,-1,0
147,1.8349000000059605,1,1,1,1
147,2.887,0.6799999999999999,1,-1,1
147,4.020300000011921,0.5449999999999999,0,1,0
147,1.6954000000059604,1,1,1,1
147,4.84,0.51,0,-1,1
147,1.5939000000059604,1,1,1,0
147,2.3615,0.845,1,-1,0
147,2.8422999999970204,0.675,1,-1,0
147,2.39479999999702,0.655,1,-1,1
147,1.6457999999970199,1,1,1,0
147,1.5082999999970197,1,1,1,1
147,1.4915,1,0,-1,1
147,1.5057000000029803,1,1,1,0
147,1.91020000000298,0.8825000000000001,1,-1,0
147,1.5925,1,1,1,1
147,3.910199999988079,0.6,1,-1,0
147,1.5857999999970198,0.61,0,-1,1
147,1.6802000000029802,1,1,1,0
147,1.524300000011921,1,1,1,1
147,2.5225999999940396,0.8825000000000001,1,-1,1
147,2.2615,0.8200000000000001,1,-1,0
147,1.6686000000089407,0.6625,1,1,0
147,1.5643999999910594,1,1,1,1
147,3.5989000000059606,0.71,1,1,0
147,1.5063999999910593,0.6475,1,1,1
147,1.904300000011921,1,1,-1,0
147,1.8795,0.745,1,-1,1
147,2.05529999999702,1,1,-1,0
147,2.497,0.8875,1,1,0
147,1.5052999999970198,1,1,1,1
147,2.5048999999910593,0.6174999999999999,0,-1,1
147,2.673,0.99,1,-1,0
147,1.6502000000029802,1,1,1,1
147,3.7035,0.72,0,-1,1
147,1.6534000000059605,1,1,1,0
166,3.399,0.8645833333333334,1,1,0
166,3.165,0.7265625,1,1,1
166,2.846,0.8515625,1,-1,1
166,2.502,0.9036458333333334,1,-1,0
166,2.106,0.9401041666666666,1,1,1
166,2.666,0.9348958333333334,1,-1,0
166,2.483,0.9244791666666666,0,-1,1
166,3.041,0.921875,1,1,0
166,2.054,0.9166666666666666,1,-1,0
166,2.202,0.9505208333333334,1,1,1
166,2.459,0.9270833333333334,1,1,0
166,3.378,0.8046875,1,-1,1
166,2.21,0.828125,1,-1,1
166,1.839,0.8645833333333334,1,1,1
166,2.562,0.828125,1,1,0
166,2.43,0.8333333333333334,1,-1,0
166,5.509,0.5416666666666667,1,-1,1
166,2.914,0.609375,1,-1,0
166,2.712,0.6458333333333333,1,1,0
166,2.349,0.6666666666666667,1,1,1
166,1.86,0.6979166666666667,1,1,1
166,3.569,0.6276041666666667,1,1,0
166,2.931,0.5598958333333333,1,-1,0
166,2.527,0.6302083333333333,1,-1,1
166,2.972,0.5520833333333333,1,-1,1
166,2.03,0.5989583333333333,1,1,1
166,2.205,0.6354166666666667,1,-1,0
166,2.631,0.671875,1,1,0
166,2.166,0.671875,1,1,1
166,2.191,0.7552083333333334,1,-1,0
166,3.147,0.6432291666666667,1,-1,1
166,1.952,0.6953125,1,1,0
166,3.599,0.6432291666666667,1,-1,1
166,2.13,0.6536458333333333,1,1,1
166,2.628,0.671875,1,-1,0
166,2.029,0.625,1,1,0
166,2.195,0.6302083333333333,1,1,1
166,1.818,0.6302083333333333,1,1,0
166,2.375,0.6979166666666667,1,-1,0
166,3.734,0.7395833333333333,1,-1,1
166,2.227,0.1796875,1,-1,1
166,2.475,0.4921875,1,-1,0
166,4.441,0.5989583333333333,1,1,1
166,1.977,0.671875,1,1,0
166,1.9,0.6953125,1,1,1
166,3.044,0.6953125,1,-1,1
166,2.366,0.703125,1,-1,0
166,2.014,0.703125,1,1,0
166,5.081,0.5234375,1,-1,0
166,1.843,0.5885416666666667,1,1,0
166,2.06,0.6067708333333333,1,1,1
166,2.114,0.7213541666666667,1,-1,1
166,1.908,0.7213541666666667,1,1,0
166,2.827,0.7213541666666667,0,-1,1
166,2.008,0.7447916666666667,1,-1,0
166,2.048,0.703125,1,1,1
166,2.594,0.7109375,1,-1,1
166,2.58,0.6770833333333333,1,1,0
166,2.498,0.7916666666666666,1,1,1
166,2.006,0.7317708333333333,1,-1,0
166,2.184,0.7317708333333333,1,1,0
166,1.967,0.8203125,1,1,1
166,2.805,0.7135416666666667,1,-1,0
166,2.158,0.78125,1,-1,1
60,1.973,0.6770833333333333,1,1,1
60,2.418,0.7361111111111112,1,-1,0
60,2.415,0.5954861111111112,1,-1,1
60,1.959,0.6909722222222222,1,1,0
60,2.135,0.4305555555555556,1,-1,1
60,3.115,0.5520833333333333,1,-1,0
60,1.681,0.5642361111111112,1,1,0
60,1.679,0.6059027777777778,1,1,1
60,1.989,0.6979166666666667,1,-1,0
60,1.89,0.7795138888888888,1,1,1
60,2.457,0.7100694444444444,1,-1,1
60,1.772,0.7326388888888888,1,1,0
60,1.912,0.8732638888888888,1,-1,1
60,2.318,0.9670138888888888,1,1,1
60,2.209,0.8767361111111112,1,-1,0
60,1.92,0.8697916666666666,1,1,0
60,1.814,0.8645833333333334,1,1,0
60,1.946,0.8611111111111112,1,-1,0
60,1.87,0.8559027777777778,1,-1,1
60,1.805,0.7881944444444444,1,1,1
60,2.128,0.640625,1,1,0
60,1.891,0.7829861111111112,1,-1,1
60,1.804,0.8003472222222222,1,-1,0
60,3.102,0.5590277777777778,1,1,1
60,1.973,0.5121527777777778,1,1,1
60,1.896,0.6197916666666667,1,-1,1
60,3.004,0.4930555555555556,1,1,0
60,2.17,0.6753472222222222,1,-1,0
60,3.216,0.78125,1,1,1
60,1.645,0.5486111111111112,1,1,0
60,1.784,0.5086805555555556,1,-1,1
60,2.304,0.6736111111111112,1,-1,0
60,1.803,0.6666666666666667,1,1,1
60,2.617,0.5607638888888888,1,-1,1
60,1.568,0.578125,1,1,0
60,1.862,0.5989583333333333,1,-1,0
60,2.991,0.4704861111111112,1,-1,1
60,4.215,0.29513888888888884,1,-1,0
60,1.603,0.6684027777777778,1,1,0
60,1.561,0.7309027777777778,1,1,1
60,2.021,0.7309027777777778,1,-1,1
60,1.485,0.8107638888888888,1,1,1
60,1.684,0.8211805555555556,1,1,0
60,3.596,0.6614583333333333,1,-1,0
60,1.631,0.7395833333333333,1,1,1
60,1.647,0.7760416666666666,1,1,0
60,1.712,0.9114583333333334,1,-1,0
60,1.836,0.7204861111111112,1,-1,1
60,2.084,0.671875,1,-1,0
60,1.999,0.6527777777777778,1,1,1
60,1.638,0.6857638888888888,1,1,0
60,1.973,0.7118055555555556,1,-1,1
60,2.167,0.7222222222222222,1,-1,0
60,2.341,0.8159722222222222,1,1,0
60,2.116,0.6267361111111112,1,-1,1
60,1.949,0.78125,1,1,1
60,2.106,0.8767361111111112,1,1,0
60,2.785,0.7256944444444444,1,-1,0
60,2.031,0.7725694444444444,1,-1,1
60,2.075,0.78125,1,1,1
60,3.18,0.7552083333333334,1,-1,0
60,1.815,0.7864583333333334,1,1,0
60,2.816,0.7430555555555556,1,-1,1
60,1.835,0.8125,1,1,1
92,3.892,0.6015625,1,-1,0
92,3.604599999994039,0.5442708333333333,1,1,1
92,2.8857999999970203,0.40625,1,1,0
92,2.8055,0.5260416666666667,1,-1,1
92,3.5923999999985097,0.53125,1,-1,0
92,3.4705,0.41145833333333337,1,1,1
92,3.57220000000298,0.29166666666666663,0,1,0
92,2.40629999999702,0.5260416666666667,1,-1,1
92,3.04439999999851,0.40625,1,1,1
92,3.16589999999851,0.671875,1,-1,1
92,3.5313000000044705,0.6119791666666667,1,-1,0
92,2.4015,0.6067708333333333,0,1,0
92,1.89129999999702,0.5442708333333333,1,-1,1
92,3.11139999999851,0.3125,0,1,1
92,2.101,0.6692708333333333,1,1,0
92,5.08689999999851,0.5390625,1,-1,0
92,2.0498999999985097,0.6015625,1,-1,1
92,2.8211000000014903,0.49739583333333337,1,1,1
92,3.59960000000149,0.47395833333333337,1,1,0
92,2.5555,0.5755208333333333,1,-1,0
92,3.62979999999702,0.4140625,1,1,1
92,2.96760000000149,0.5234375,1,-1,1
92,2.47589999999851,0.5807291666666667,1,-1,0
92,2.40939999999851,0.5104166666666667,0,1,0
92,2.2545999999940394,0.4921875,1,1,0
92,2.4772000000029797,0.6328125,1,-1,1
92,1.8521999999955296,0.71875,0,1,1
92,2.365,0.5494791666666667,1,-1,0
92,2.5147000000029798,0.5651041666666667,0,1,1
92,2.5911999999955295,0.6354166666666667,1,-1,0
92,2.7312999999970202,0.7265625,0,1,0
92,2.06460000000149,0.703125,1,-1,1
92,2.3609000000059606,0.6276041666666667,1,1,0
92,2.6325,0.5859375,1,-1,1
92,1.9914000000059604,0.640625,1,-1,0
92,1.9036000000014899,0.734375,1,1,1
92,3.711,0.5989583333333333,1,-1,0
92,1.6931999999955296,0.7682291666666666,1,1,0
92,1.82210000000149,0.84375,1,1,1
92,2.8683000000044703,0.7578125,1,-1,1
92,2.297,0.7734375,1,1,0
92,1.87889999999851,0.6328125,1,-1,1
92,1.6037000000029802,0.6979166666666667,1,1,1
92,2.54660000000149,0.7135416666666667,1,-1,0
92,2.3220999999940397,0.7447916666666667,1,1,1
92,2.21820000000298,0.6432291666666667,1,-1,1
92,1.98820000000298,0.6927083333333333,1,-1,0
92,1.99479999999702,0.6171875,1,1,0
92,1.93679999999702,0.7005208333333333,1,-1,1
92,1.7553999999985102,0.7083333333333333,1,1,1
92,1.64739999999851,0.8125,1,1,0
92,2.0335999999940397,0.6744791666666667,1,-1,0
92,1.7067000000029802,0.7369791666666667,1,1,1
92,1.7507000000029802,0.7369791666666667,1,1,0
92,2.09679999999702,0.32291666666666663,1,-1,0
92,2.0115999999940395,0.6015625,1,-1,1
92,1.665,0.5390625,1,1,0
92,1.7865,0.5182291666666667,1,-1,0
92,1.8056000000014898,0.6692708333333333,1,1,1
92,2.0425,0.47395833333333337,1,-1,1
92,1.7003000000044703,0.6145833333333333,1,1,1
92,1.836,0.484375,1,-1,1
92,1.607,0.7109375,1,1,0
92,1.85710000000149,0.5598958333333333,1,-1,0
82,5.237099999964237,0.7213541666666667,1,1,0
82,3.080600000023842,0.8046875,1,-1,0
82,4.0804000000357625,0.6302083333333333,0,-1,1
82,2.852600000023842,0.7109375,1,1,1
82,4.274800000011921,0.78125,0,1,1
82,4.018199999988079,0.8203125,1,-1,1
82,2.5891999999880793,0.8359375,0,-1,0
82,2.909600000023842,0.8489583333333334,1,1,0
82,2.6437000000476836,0.7734375,0,1,0
82,3.142400000035763,0.671875,0,-1,1
82,2.577699999988079,0.7109375,1,-1,0
82,6.419700000047683,0.7526041666666666,1,1,1
82,5.355800000011921,0.7760416666666666,0,1,0
82,4.357800000011921,0.78125,1,-1,1
82,4.5237000000476835,0.7994791666666666,0,-1,0
82,2.656300000011921,0.828125,1,1,1
82,4.572600000023842,0.7369791666666667,1,-1,0
82,3.529900000035763,0.6614583333333333,1,1,0
82,2.769,0.7630208333333334,1,-1,1
82,2.749600000023842,0.6640625,1,1,1
82,3.451800000011921,0.5651041666666667,1,1,1
82,3.285300000011921,0.59375,1,-1,0
82,2.646400000035763,0.5625,1,-1,1
82,2.5698999999761583,0.59375,1,1,0
82,4.802700000047683,0.6875,0,-1,1
82,2.21,0.7526041666666666,1,1,0
82,2.433199999988079,0.8020833333333334,0,1,1
82,2.5365,0.8255208333333334,0,-1,0
82,2.2130999999642373,0.8515625,0,-1,0
82,3.5317999999523164,0.8776041666666666,0,1,1
82,2.046199999988079,0.8958333333333334,0,-1,1
82,2.505399999976158,0.9010416666666666,1,1,0
82,3.790400000035763,0.9427083333333334,0,-1,0
82,3.9431000000238416,0.8151041666666666,0,1,1
82,3.293600000023842,0.8203125,1,1,0
82,2.5402000000476836,0.734375,1,-1,1
82,4.138600000023842,0.7109375,0,1,0
82,3.8055,0.6875,0,-1,1
82,2.5971999999880793,0.703125,1,1,1
82,2.6615,0.703125,1,-1,0
82,2.7375,0.703125,0,-1,1
82,1.7645,0.6770833333333333,1,1,1
82,2.2938000000119207,0.6927083333333333,1,-1,0
82,3.078899999976158,0.6979166666666667,1,1,0
82,2.5198000000119207,0.6640625,0,1,0
82,2.3387999999523164,0.6796875,0,-1,0
82,1.6265999999642373,0.6796875,0,1,1
82,2.1375,0.6822916666666667,1,-1,1
82,2.9158999999761583,0.6796875,1,1,1
82,1.917,0.6927083333333333,0,-1,0
82,2.34,0.6927083333333333,1,-1,1
82,1.753600000023842,0.6927083333333333,1,1,0
82,2.893800000011921,0.6041666666666667,1,1,0
82,1.954,0.6197916666666667,1,-1,0
82,4.5475,0.625,1,-1,1
82,1.721399999976158,0.625,1,1,1
82,4.679600000023842,0.6223958333333333,1,1,0
82,2.856399999976158,0.6927083333333333,0,1,1
82,2.490899999976158,0.6536458333333333,0,-1,0
82,1.8007000000476834,0.640625,1,-1,1
82,4.457300000011921,0.6484375,0,1,0
82,2.1563999999761583,0.6354166666666667,1,1,1
82,1.9145,0.625,0,-1,0
82,1.787,0.6223958333333333,0,-1,1
158,2.949799999952316,0.7317708333333333,1,-1,0
158,4.253100000023842,0.796875,1,-1,1
158,2.8298000000715255,0.7421875,1,1,1
158,5.723800000071526,0.71875,1,1,0
158,2.0326000000238422,0.8333333333333334,1,-1,0
158,2.1096000000238417,0.8489583333333334,1,1,0
158,2.7598000000715257,0.875,1,1,1
158,2.7693000000715258,0.8515625,1,-1,1
158,2.937200000047684,0.7994791666666666,1,-1,0
158,3.8345,0.8645833333333334,0,1,0
158,1.783,0.8020833333333334,1,1,1
158,2.0846999999284743,0.8619791666666666,1,-1,1
158,2.035,0.8229166666666666,1,-1,0
158,2.1906999999284746,0.8463541666666666,1,1,0
158,2.3795,0.8515625,1,1,1
158,2.189299999952316,0.8489583333333334,1,-1,1
158,2.8191999999284745,0.8229166666666666,1,-1,1
158,1.794899999976158,0.8307291666666666,1,-1,0
158,3.1718000000715256,0.84375,1,1,1
158,5.459,0.8723958333333334,0,1,0
158,2.298700000047684,0.8255208333333334,1,-1,0
158,2.256900000095367,0.7994791666666666,1,1,1
158,1.9051999999284743,0.8020833333333334,1,-1,1
158,1.4932000000476835,0.8125,1,1,0
158,2.016100000023842,0.8151041666666666,1,-1,0
158,4.7025,0.8333333333333334,0,1,1
158,1.9877000000476834,0.796875,1,-1,1
158,3.931,0.7421875,0,1,0
158,1.9604000000953672,0.9088541666666666,1,1,1
158,1.9897999999523166,0.8098958333333334,1,-1,0
158,1.9846000000238422,0.8411458333333334,0,-1,1
158,2.3463999999761582,0.8255208333333334,1,1,0
158,3.0403000000715257,0.8203125,1,-1,1
158,3.8253000000715254,0.78125,1,-1,0
158,2.0237000000476835,0.7708333333333334,1,1,1
158,1.822100000023842,0.84375,1,1,0
158,2.4372999999523164,0.8697916666666666,1,-1,1
158,2.079899999976158,0.8671875,1,1,1
158,2.2136999999284743,0.8359375,1,-1,0
158,2.727399999976158,0.8359375,1,1,0
158,2.237899999976158,0.8255208333333334,1,-1,0
158,2.292399999976158,0.7994791666666666,1,-1,1
158,2.0258999999761578,0.8489583333333334,1,1,1
158,3.5105,0.8359375,0,1,0
158,1.754600000023842,0.7239583333333333,1,1,0
158,4.3257999999523165,0.8723958333333334,1,-1,1
158,1.8713000000715256,0.8619791666666666,1,1,1
158,2.4472000000476837,0.921875,1,-1,0
158,3.9573000000715255,0.84375,1,-1,1
158,1.5617000000476835,0.8671875,1,1,1
158,2.4472000000476837,0.9166666666666666,1,-1,0
158,2.261,0.9192708333333334,1,1,0
158,2.0488999999761583,0.9427083333333334,1,-1,1
158,2.2681999999284743,0.9140625,1,1,1
158,2.2216999999284743,0.9270833333333334,1,1,0
158,1.989399999976158,0.8984375,1,-1,0
158,1.7748999999761579,0.8984375,1,1,1
158,1.9052999999523166,0.8776041666666666,1,-1,0
158,3.1395,0.8776041666666666,0,1,0
158,2.097800000071526,0.859375,1,-1,1
158,2.9101000000238417,0.9140625,0,1,0
158,1.719,0.8932291666666666,1,1,1
158,1.9135,0.8828125,1,-1,0
158,1.8741999999284744,0.8541666666666666,1,-1,1
206,1.7870999999940396,0.9888888888888888,1,1,0
206,2.5206000000014903,1,1,1,1
206,4.10490000000596,0.6599999999999999,1,-1,1
206,1.974,1,1,-1,0
206,2.78410000000149,1,1,-1,1
206,2.9395,0.8044444444444444,1,1,1
206,1.5956000000014898,1,1,1,0
206,2.1453000000044704,0.8222222222222222,1,-1,0
206,1.8358999999985102,0.9666666666666668,1,1,0
206,6.12259999999404,0.7955555555555556,1,1,1
206,1.89079999999702,0.88,1,-1,0
206,1.8073999999985102,1,1,1,0
206,1.7611000000014898,0.8844444444444445,1,-1,0
206,1.6865,0.7066666666666667,1,1,1
206,1.7241999999955298,0.7022222222222223,1,-1,1
206,1.9165,0.7355555555555555,1,1,1
206,1.67539999999851,0.9866666666666668,1,-1,0
206,2.0318000000044703,0.7622222222222222,1,1,0
206,1.7665,0.7155555555555555,1,-1,1
206,1.66989999999851,0.9688888888888888,1,-1,0
206,1.6973000000044705,0.94,1,1,1
206,1.6392000000029803,0.9377777777777778,1,-1,1
206,1.8875,0.9711111111111111,0,1,0
206,1.7031999999955296,0.8244444444444444,1,1,1
206,1.8535999999940396,1,1,-1,0
206,2.03970000000298,1,1,-1,1
206,2.56729999999702,1,1,1,1
206,1.59139999999851,1,1,-1,0
206,1.6726000000014898,0.8866666666666667,1,1,0
206,1.56839999999851,1,1,1,1
206,1.8139000000059604,0,0,-1,1
206,1.7157000000029803,1,1,1,0
206,1.8195,1,1,-1,0
206,1.94479999999702,1,1,1,1
206,1.698,1,1,-1,1
206,2.8036999999955294,0.86,0,-1,0
206,1.5532999999970198,0.9377777777777778,1,1,0
206,2.25729999999702,0.9333333333333332,1,-1,0
206,1.8496999999955297,0.8844444444444445,1,-1,1
206,2.55660000000149,1,1,1,0
206,1.9183999999985102,0.9022222222222224,1,1,1
206,1.6855999999940396,0.9022222222222224,1,-1,1
206,1.707,1,1,1,0
206,4.00939999999851,1,1,1,1
206,1.6588999999985101,1,1,-1,0
206,3.5868000000044704,1,1,-1,1
206,1.4348999999985101,1,1,1,1
206,1.8256999999955297,0.8688888888888888,1,1,0
206,1.7833999999985102,0.7511111111111111,1,-1,0
206,1.7832999999970198,0.9,1,1,1
206,1.7081000000014899,0.8822222222222222,1,-1,0
206,1.8105,1,1,1,0
206,1.8431999999955297,1,1,-1,1
206,1.8135,1,1,-1,0
206,4.30789999999851,1,1,1,0
206,1.615,0.98,1,1,1
206,1.7315,0.94,1,-1,1
206,1.5852000000029802,0.9044444444444444,1,1,1
206,1.5533999999985102,0.8422222222222222,0,-1,0
206,1.7667999999970199,1,1,1,0
206,2.438,1,1,-1,1
150,2.5417999999970204,0.17361111111111116,0,-1,1
150,1.4864000000022353,1,1,1,0
150,1.6342000000029802,1,1,1,1
150,2.4673999999985097,0.6291666666666667,1,-1,0
150,1.538699999999255,1,1,1,1
150,2.624800000000745,0.5013888888888889,1,-1,0
150,1.48589999999851,1,1,1,0
150,2.203300000000745,0.2583333333333333,0,-1,1
150,1.6043999999985101,0.9819444444444444,1,1,0
150,2.4366000000014902,0.8402777777777778,1,-1,1
150,3.21360000000149,0.9472222222222222,1,-1,0
150,1.74360000000149,1,1,1,1
150,1.383099999997765,1,1,1,1
150,1.3945,1,1,1,0
150,1.8278999999985102,0.7375,1,-1,1
150,1.7642999999970197,1,1,-1,0
150,1.678199999999255,1,1,-1,0
150,1.25,1,1,1,0
150,1.568699999999255,0.9625,1,1,1
150,1.517800000000745,1,1,-1,1
150,1.43310000000149,1,1,1,0
150,1.8483999999985101,0.9708333333333332,1,-1,1
150,1.8001999999992548,1,1,-1,0
150,1.455699999999255,1,1,1,1
150,1.548099999997765,1,1,-1,1
150,2.206800000000745,1,1,-1,0
150,1.563800000000745,1,1,1,1
150,1.3472000000029802,1,1,1,0
150,1.54889999999851,1,1,-1,0
150,1.363800000000745,1,1,1,0
150,1.292300000000745,1,1,1,1
150,2.583199999999255,0.7444444444444445,1,-1,1
150,1.824300000000745,1,1,-1,1
150,1.3597000000029802,1,1,1,0
150,1.3887999999970198,1,1,1,1
150,1.7826000000014899,1,1,-1,0
150,2.359800000000745,0.6875,1,-1,0
150,1.2758999999985101,1,1,1,1
150,1.480699999999255,1,1,1,0
150,2.0209000000022352,0.7652777777777777,1,-1,1
150,1.716800000000745,0.9055555555555556,1,-1,0
150,1.8623999999985101,1,1,-1,1
150,1.5185,1,1,1,0
150,1.4255999999977649,1,1,1,1
150,1.466199999999255,1,1,1,1
150,1.723,1,1,-1,1
150,1.9069000000022351,1,1,-1,0
150,1.6092999999970197,1,1,1,0
150,1.358,1,1,1,1
150,1.576599999997765,1,1,-1,1
150,1.9346000000014898,1,1,-1,0
150,1.43710000000149,1,1,1,0
150,1.5505,1,1,1,1
150,2.912900000002235,0.9930555555555556,1,-1,0
150,1.5306000000014899,1,1,1,0
150,1.5177000000029803,1,1,-1,1
150,1.917400000002235,1,1,1,1
150,1.637400000002235,1,1,-1,1
150,1.496199999999255,1,1,-1,0
150,1.29839999999851,1,1,1,0
150,1.463300000000745,1,1,1,1
150,1.544400000002235,1,1,-1,1
150,1.36110000000149,1,1,1,0
150,1.6958000000007452,1,1,-1,0
39,4.21690000000596,0.7161458333333333,1,-1,1
39,2.29,0.6692708333333333,1,1,1
39,1.5285,0.71875,1,1,0
39,3.6848000000119208,0.6640625,1,-1,0
39,3.2522999999821187,0.6302083333333333,0,-1,1
39,2.049,0.640625,0,1,1
39,1.6189000000059606,0.6979166666666667,0,-1,0
39,1.0035,0.7083333333333333,1,1,0
39,2.6243999999761582,0.7291666666666667,1,1,0
39,1.6547000000178813,0.7109375,1,1,1
39,1.550600000023842,0.6927083333333333,0,-1,1
39,1.4909000000059605,0.6744791666666667,1,-1,0
39,1.5320999999940395,0.65625,1,-1,1
39,1.8565999999940395,0.640625,0,-1,0
39,1.9554000000059604,0.625,0,1,1
39,1.221399999976158,0.6484375,1,1,0
39,2.0274000000059607,0.6666666666666667,1,1,0
39,2.1474000000059603,0.671875,0,-1,0
39,1.3865999999940395,0.6666666666666667,0,1,1
39,0.9225999999940396,0.6458333333333333,1,-1,1
39,2.513800000011921,0.65625,1,1,0
39,1.7797999999821186,0.65625,0,-1,1
39,1.8269000000059605,0.6666666666666667,0,-1,0
39,1.868600000023842,0.6640625,1,1,1
39,1.975,0.6536458333333333,1,1,1
39,1.3214000000059605,0.65625,1,1,0
39,2.4479000000059603,0.6510416666666667,0,-1,0
39,2.890300000011921,0.6484375,1,-1,1
39,2.351300000011921,0.65625,0,-1,1
39,1.448199999988079,0.6770833333333333,1,1,1
39,1.861800000011921,0.6536458333333333,0,-1,0
39,0.7538000000119209,0.65625,1,1,0
39,2.841699999988079,0.6953125,0,-1,1
39,1.287300000011921,0.7317708333333333,1,1,1
39,1.057899999976158,0.7135416666666667,1,-1,0
39,1.3857999999821187,0.7369791666666667,1,1,0
39,0.5608000000119209,0.75,1,-1,1
39,1.7055,0.8125,1,1,1
39,1.5675999999940395,0.7864583333333334,1,1,0
39,1.3304000000059604,0.765625,1,-1,0
39,1.311,0.734375,0,-1,1
39,3.414,0.671875,1,1,0
39,1.6397999999821187,0.6484375,0,1,1
39,1.2945999999940396,0.6302083333333333,0,-1,1
39,2.107,0.6119791666666667,1,1,1
39,1.6265,0.5963541666666667,0,-1,0
39,1.4594000000059604,0.5677083333333333,1,1,0
39,2.8779000000059605,0.6015625,0,-1,0
39,1.3019000000059604,0.7109375,1,1,0
39,5.56009999999404,0.7473958333333333,0,-1,1
39,1.3584000000059604,0.7109375,0,1,1
39,1.4434000000059604,0.6796875,0,-1,0
39,1.310300000011921,0.6796875,0,-1,1
39,0.5015999999940395,0.6875,1,1,0
39,2.2267000000178814,0.6770833333333333,0,1,1
39,0.9151999999880792,0.6588541666666667,0,-1,1
39,1.9765,0.6744791666666667,0,-1,0
39,2.767800000011921,0.6145833333333333,1,1,0
39,1.312,0.65625,1,1,1
39,1.9512999999821183,0.6067708333333333,1,1,1
39,1.3584000000059604,0.5677083333333333,0,-1,0
39,3.998700000017881,0.6380208333333333,1,-1,1
39,1.575699999988079,0.6927083333333333,1,1,0
95,2.278099999904633,0.8287037037037037,1,-1,0
95,2.231599999904633,0.8865740740740741,1,1,0
95,2.979700000047684,0.8055555555555556,1,-1,1
95,1.701399999856949,0.9074074074074074,1,1,1
95,1.8084000000953673,0.9351851851851852,1,1,0
95,2.268099999904633,0.8981481481481481,1,1,1
95,3.5535,0.6851851851851851,1,-1,0
95,2.351399999856949,0.6782407407407407,1,-1,1
95,2.427299999952316,0.8171296296296297,1,1,1
95,2.8836000001430513,0.7222222222222222,1,-1,1
95,1.7409000000953674,0.9351851851851852,1,1,0
95,2.4897000000476837,0.8240740740740741,1,-1,0
95,2.2512000000476835,0.8518518518518519,1,1,1
95,1.8706000001430512,0.9467592592592592,1,1,0
95,2.7107999999523162,0.8796296296296297,1,-1,0
95,2.171099999904633,0.949074074074074,1,-1,1
95,1.8885,0.9074074074074074,1,1,0
95,2.204599999904633,0.8472222222222222,1,1,1
95,1.693,0.9166666666666666,1,-1,0
95,2.0132000000476835,0.8680555555555556,1,-1,1
95,2.4577000000476836,0.925925925925926,1,-1,0
95,1.786,0.9513888888888888,1,1,1
95,2.0162999999523166,0.949074074074074,1,1,0
95,2.1202000000476837,0.9166666666666666,1,-1,1
95,2.4142000000476838,0.9722222222222222,1,1,0
95,1.6725,1,1,1,1
95,2.23,0.9722222222222222,1,-1,0
95,2.2195,0.9722222222222222,1,-1,1
95,2.0235,0.960648148148148,1,1,1
95,4.035,0.9421296296296297,1,-1,0
95,1.9964000000953672,0.9467592592592592,1,-1,1
95,1.6599000000953674,0.9537037037037036,1,1,0
95,2.163600000143051,0.9351851851851852,1,1,0
95,2.085599999904633,0.988425925925926,1,-1,0
95,2.3553000001907347,0.9722222222222222,1,-1,1
95,2.059400000095367,0.976851851851852,1,1,1
95,1.8762999999523164,1,1,1,0
95,2.109800000190735,0.9652777777777778,1,-1,0
95,1.6275,1,1,1,1
95,2.0099000000953673,0.9699074074074074,1,-1,1
95,2.222100000143051,0.976851851851852,1,1,1
95,2.053799999952316,0.9537037037037036,1,-1,0
95,1.742100000143051,0.9675925925925926,1,1,0
95,1.8889000000953673,0.9675925925925926,1,-1,1
95,2.355299999952316,0.949074074074074,1,-1,0
95,1.784600000143051,0.9675925925925926,1,1,0
95,1.9181999998092651,0.960648148148148,1,1,1
95,1.8375999999046329,0.9791666666666666,1,-1,1
95,1.9811000001430512,0.8981481481481481,1,-1,1
95,2.119899999856949,0.9467592592592592,1,-1,0
95,3.161599999904633,0.6157407407407407,1,1,0
95,2.1995,0.7199074074074074,1,1,1
95,1.9117999999523165,0.875,1,1,1
95,1.7329000000953674,0.9236111111111112,1,-1,0
95,1.8987000000476835,0.9166666666666666,1,-1,1
95,2.7922999999523164,0.5833333333333333,1,1,0
95,3.091400000095367,0.7777777777777778,1,-1,0
95,2.568700000047684,0.8148148148148149,1,-1,1
95,2.341400000095367,0.6666666666666667,1,1,1
95,1.664100000143051,0.8680555555555556,1,1,0
95,2.348799999952316,0.7916666666666666,1,1,0
95,2.940400000095367,0.7037037037037037,1,1,1
95,1.8777999999523165,0.9444444444444444,1,-1,1
95,1.975,0.9097222222222222,1,-1,0
186,2.810399999976158,0.7731481481481481,1,1,0
186,2.5263000000715254,0.9722222222222222,1,-1,1
186,3.0631000000238418,0.9074074074074074,1,-1,0
186,2.0698999999761583,1,1,1,1
186,2.4686000000238417,0.988425925925926,1,1,0
186,2.9402000000476836,0.8935185185185185,1,-1,0
186,2.8405,0.8333333333333334,1,-1,1
186,2.7025,0.8888888888888888,1,1,1
186,2.974900000095367,0.8865740740740741,1,1,0
186,2.981,0.9444444444444444,1,-1,1
186,1.897399999976158,1,1,1,1
186,2.9667999999523165,0.9398148148148148,1,-1,0
186,2.772,0.9837962962962964,1,-1,0
186,2.8443000000715255,1,1,-1,1
186,3.341599999904633,0.9305555555555556,1,1,0
186,2.169600000023842,0.9560185185185184,1,1,1
186,1.7648000000715256,1,1,1,1
186,3.117,0.914351851851852,1,-1,0
186,2.827399999976158,0.9444444444444444,1,1,0
186,2.622400000095367,0.9074074074074074,1,-1,1
186,2.6525999999046332,0.962962962962963,1,-1,1
186,3.060599999904633,0.9166666666666666,1,-1,0
186,3.915399999976158,0.9513888888888888,1,1,1
186,5.581399999976158,0.7962962962962963,1,1,0
186,2.0026999999284745,0.9398148148148148,1,1,1
186,3.0708000000715256,0.9513888888888888,1,-1,1
186,4.238800000071525,0.7314814814814814,0,1,0
186,3.750200000047684,0.9652777777777778,1,-1,0
186,2.487700000047684,0.962962962962963,1,-1,1
186,3.0233999999761583,0.9722222222222222,1,1,1
186,3.556900000095367,0.9189814814814816,0,1,0
186,2.9653000000715255,0.9189814814814816,1,-1,0
186,2.4267999999523164,0.9212962962962964,1,-1,0
186,1.8202999999523166,1,1,1,1
186,3.5587000000476836,0.8958333333333334,1,1,0
186,2.205600000023842,1,1,-1,1
186,3.140899999976158,0.925925925925926,1,-1,0
186,3.0345,0.9722222222222222,1,1,0
186,2.2656999999284744,1,1,1,1
186,2.4656999999284746,0.9907407407407408,1,-1,1
186,3.2663000000715257,1,1,-1,0
186,2.8612999999523163,0.9560185185185184,1,1,0
186,2.0128000000715254,1,1,1,1
186,2.3385,1,1,-1,1
186,1.6522999999523165,1,1,1,1
186,2.2308999999761583,0.962962962962963,1,-1,1
186,1.9817000000476834,1,1,1,0
186,2.9936999999284746,1,1,-1,0
186,3.455900000095367,0.9212962962962964,1,1,0
186,2.533,1,1,-1,1
186,2.4472000000476837,1,1,-1,0
186,1.6194000000953674,1,1,1,1
186,1.683,1,1,1,0
186,1.8231999999284745,1,1,1,1
186,2.3941000000238417,1,1,-1,0
186,2.532399999976158,0.960648148148148,1,-1,1
186,2.635400000095367,0.9675925925925926,1,1,0
186,2.756899999976158,1,1,-1,1
186,2.206,1,1,-1,0
186,2.0705,0.7615740740740741,1,1,1
186,4.016700000047684,0.7962962962962963,0,1,0
186,2.0385,0.9351851851851852,1,-1,1
186,2.3353000000715256,0.9953703703703703,1,-1,0
186,1.8467999999523166,1,1,1,1
103,1.641,1,1,1,0
103,1.657,1,1,1,1
103,2.492,0.8140096618357489,1,-1,1
103,2.349,0.9154589371980676,1,-1,0
103,3.101,0.8768115942028986,1,-1,0
103,1.603,0.9879227053140096,1,1,1
103,1.561,0.9830917874396136,1,1,0
103,2.537,0.893719806763285,0,-1,1
103,1.722,1,1,1,0
103,1.86,0.8526570048309179,1,-1,0
103,2.118,0.821256038647343,1,1,1
103,1.738,0.7391304347826086,0,-1,1
103,2.171,0.9637681159420288,1,-1,1
103,1.79,0.9710144927536232,1,1,1
103,2.428,0.9057971014492754,1,-1,0
103,2.086,0.9178743961352656,1,1,0
103,2.168,1,0,-1,1
103,2.519,0.8309178743961353,1,-1,0
103,1.7,0.9589371980676328,1,1,0
103,1.956,0.9782608695652174,1,1,1
103,2.034,1,1,1,1
103,2.381,0.9710144927536232,1,-1,0
103,1.97,0.966183574879227,1,1,0
103,2.155,0.9516908212560388,0,-1,1
103,2.758,0.8695652173913043,1,-1,1
103,3.018,0.8478260869565217,1,-1,0
103,2.306,0.9565217391304348,1,1,0
103,1.886,0.9565217391304348,1,1,1
103,2.117,0.9782608695652174,1,-1,0
103,2.18,1,1,1,1
103,3.187,0.8719806763285024,1,-1,1
103,1.707,1,1,1,0
103,2.774,0.857487922705314,1,-1,0
103,2.816,0.8478260869565217,1,-1,1
103,1.881,0.9734299516908212,1,1,1
103,2.075,0.8599033816425121,1,1,0
103,2.591,0.9009661835748792,1,-1,0
103,2.427,0.8864734299516908,1,1,0
103,1.823,1,1,1,1
103,3.066,0.8429951690821256,1,-1,1
103,2.076,0.8768115942028986,1,1,0
103,2.906,0.893719806763285,1,-1,1
103,2.721,0.9541062801932368,1,-1,0
103,2.243,1,1,1,1
103,2.43,0.9855072463768116,1,-1,0
103,2.039,0.9758454106280192,1,1,0
103,2.744,1,1,-1,1
103,1.773,0.9637681159420288,1,1,1
103,2.388,1,1,-1,0
103,2.105,1,1,1,0
103,1.69,0.9734299516908212,1,1,1
103,2.471,1,1,-1,1
103,1.718,0.9734299516908212,1,1,1
103,2.206,1,1,-1,1
103,2.222,0.9734299516908212,1,-1,0
103,1.924,0.9444444444444444,1,1,0
103,2.069,1,1,-1,0
103,2.836,0.9009661835748792,1,-1,1
103,2.336,0.9565217391304348,1,1,0
103,1.83,1,1,1,1
103,1.946,1,1,1,1
103,1.948,0.966183574879227,1,1,0
103,2.287,0.9685990338164252,1,-1,0
103,2.341,1,1,-1,1
90,2.4468000000715255,0.8697916666666666,1,-1,0
90,4.683,1,0,-1,1
90,2.753,1,1,1,0
90,3.5058000000715257,1,1,1,1
90,3.1108000000715257,1,1,-1,1
90,5.1543999999761585,0.5416666666666667,0,-1,0
90,4.3805,1,1,1,0
90,3.6041000000238417,0.9921875,1,1,1
90,5.397600000023842,0.9895833333333334,1,-1,0
90,2.975,0.9661458333333334,1,1,1
90,3.0065,0.9661458333333334,1,1,0
90,5.6385,0.9661458333333334,1,1,0
90,5.398299999952316,0.9661458333333334,1,-1,1
90,4.577700000047684,0.9661458333333334,1,1,1
90,3.291900000095367,0.9661458333333334,1,-1,0
90,1.8211999999284745,0.9661458333333334,1,1,1
90,1.9038000000715256,0.9661458333333334,1,-1,1
90,4.559399999976158,0.9661458333333334,0,-1,0
90,2.5833999999761583,0.9661458333333334,1,1,0
90,3.223399999976158,1,1,-1,0
90,3.7576999999284744,0,0,-1,1
90,2.5436999999284744,0.640625,1,1,1
90,4.017899999976158,0.45833333333333337,1,-1,1
90,6.955400000095367,0.7213541666666667,1,-1,0
90,2.913799999952316,1,1,1,1
90,4.113900000095367,1,1,1,0
90,4.893800000071526,1,1,-1,1
90,2.601800000071526,0.7552083333333334,1,1,0
90,2.752,1,1,1,1
90,4.505100000023842,0.48177083333333337,1,-1,0
90,4.601800000071526,1,1,-1,1
90,2.1563999999761583,1,1,1,0
90,2.1126999999284743,0.71875,1,1,1
90,1.6702000000476835,0.71875,1,1,0
90,1.9105,0.71875,1,1,1
90,4.773899999976158,1,1,-1,1
90,5.875100000023842,1,1,-1,0
90,3.5913000000715254,1,1,-1,0
90,1.7857000000476835,1,1,1,1
90,4.332100000023842,0.26041666666666663,1,-1,1
90,4.694,0.1953125,1,1,0
90,4.728099999904632,0.26822916666666663,1,-1,0
90,2.0131999999284744,1,1,1,0
90,1.656,1,1,1,1
90,4.600899999976158,1,1,-1,1
90,1.9663999999761579,1,1,1,0
90,1.7166999999284744,1,1,1,1
90,3.0027999999523165,1,1,-1,0
90,3.9645,1,1,-1,1
90,3.7213999999761582,0,1,-1,0
90,2.079200000047684,0.5989583333333333,1,1,1
90,1.5952000000476836,0.7578125,1,1,0
90,3.584,0.7578125,1,-1,1
90,4.1570999999046325,0.7578125,1,-1,1
90,5.1325,0.7578125,1,-1,0
90,2.0138999999761578,0.7578125,1,1,0
90,1.902899999976158,0.7578125,1,1,1
90,4.037600000023842,0.7578125,1,-1,0
90,1.6682999999523165,0.7578125,1,1,1
90,2.9475,0.7578125,1,-1,1
90,1.7936000000238421,0.7578125,1,1,0
175,4.778800000004471,1,1,-1,0
175,3.2425999999940394,1,1,1,1
175,3.5237000000029797,1,1,1,0
175,4.72029999999702,1,1,-1,1
175,4.08739999999851,1,1,-1,0
175,4.82389999999851,1,1,-1,1
175,2.38439999999851,1,1,1,1
175,2.5225,1,1,1,0
175,4.0106000000014905,1,1,-1,1
175,4.33360000000149,1,1,-1,0
175,2.15319999999553,1,1,1,0
175,3.1601000000014903,1,1,1,1
175,1.6748000000044703,1,1,1,0
175,3.55689999999851,1,1,-1,1
175,2.9263000000044705,1,1,-1,0
175,2.01779999999702,1,1,1,1
175,4.02130000000447,1,1,-1,1
175,2.1095,1,1,1,1
175,1.9831999999955296,1,1,1,0
175,2.2608000000044703,1,1,-1,0
175,1.6921000000014899,1,1,1,1
175,3.0505,1,1,-1,0
175,1.6657999999970197,1,1,1,0
175,3.05839999999851,1,1,-1,1
175,3.03960000000149,1,1,-1,0
175,4.43819999999553,1,1,-1,1
175,2.743,1,1,1,1
175,1.81779999999702,1,1,1,0
175,2.77960000000149,1,1,-1,0
175,2.96239999999851,1,1,-1,1
175,2.3215,1,1,1,1
175,2.1775,1,1,1,0
175,3.8078000000044705,1,1,1,1
175,3.1471999999955296,1,1,-1,0
175,3.61229999999702,1,1,-1,1
175,4.48770000000298,1,1,1,0
175,2.5297999999970204,1,1,1,0
175,2.9165999999940397,1,1,-1,0
175,2.85389999999851,1,1,-1,1
175,1.7762000000029803,1,1,1,1
175,2.53760000000149,1,1,-1,0
175,2.8968000000044705,1,1,1,0
175,2.9455,1,1,-1,1
175,1.7093000000044702,1,1,1,1
175,1.7927999999970197,1,1,1,1
175,1.67139999999851,1,1,1,0
175,2.2567000000029798,1,1,-1,0
175,3.47389999999851,1,1,-1,1
175,2.93420000000298,1,1,1,1
175,3.98169999999553,1,1,1,0
175,3.14330000000447,1,1,-1,1
175,3.29579999999702,1,1,-1,0
175,3.1565999999940395,1,1,1,0
175,1.7723000000044704,1,1,1,1
175,2.24039999999851,1,1,-1,0
175,2.2877999999970204,1,1,-1,1
175,1.7226000000014898,1,1,1,0
175,1.7635,1,1,1,1
175,2.7511999999955297,1,1,-1,1
175,3.5126999999955295,1,1,-1,0
175,1.6565,1,1,1,1
175,2.3885,1,1,-1,0
175,1.86939999999851,1,1,1,0
175,3.4735,1,1,-1,1
200,3.8433000000715256,0.7453703703703703,1,-1,0
200,2.168600000023842,0.925925925925926,1,1,0
200,1.6802999999523165,1,1,1,1
200,1.7955,0.775462962962963,1,-1,1
200,2.050100000023842,0.7962962962962963,1,-1,1
200,2.5165,0.8657407407407407,1,1,0
200,1.5916000000238422,0.9699074074074074,1,1,1
200,1.7493000000715255,1,1,-1,0
200,2.8333999999761583,1,0,1,0
200,3.593299999952316,0.914351851851852,1,-1,0
200,2.24,0.9166666666666666,1,-1,1
200,2.232900000095367,0.9166666666666666,1,1,1
200,2.4168000000715257,0.7916666666666666,1,-1,0
200,2.16,0.8217592592592593,1,1,1
200,4.226200000047684,0.6944444444444444,1,1,0
200,1.9931999999284744,0.8611111111111112,1,-1,1
200,4.335699999928474,0.7037037037037037,1,-1,1
200,3.342299999952316,0.7314814814814814,1,-1,0
200,2.8413000000715254,0.8287037037037037,1,1,0
200,2.022900000095367,0.7592592592592593,1,1,1
200,1.6425,0.8287037037037037,1,1,0
200,3.594399999976158,0.7962962962962963,1,-1,0
200,2.0267000000476836,0.8564814814814815,1,1,1
200,2.048600000023842,0.6851851851851851,1,-1,1
200,1.9977000000476834,0.6481481481481481,1,-1,0
200,2.7167000000476835,0.7592592592592593,1,1,0
200,4.634699999928475,0.7314814814814814,1,-1,1
200,4.786200000047684,0.7407407407407407,1,1,1
200,3.683600000023842,0.6574074074074074,1,-1,0
200,2.690399999976158,0.712962962962963,1,1,1
200,2.3983999999761583,0.775462962962963,1,1,0
200,2.789300000071526,0.6851851851851851,1,-1,1
200,2.080299999952316,0.7986111111111112,1,-1,1
200,1.8238000000715255,0.9328703703703703,1,1,1
200,1.6342999999523165,0.9305555555555556,1,-1,0
200,1.6224000000953673,1,1,1,0
200,1.7135999999046325,1,1,-1,0
200,1.5701999999284744,1,1,1,0
200,2.4677999999523164,0.5625,1,-1,1
200,1.4038000000715256,0.9537037037037036,1,1,1
200,1.6817000000476834,0.9328703703703703,1,1,0
200,1.529,0.9398148148148148,1,-1,0
200,3.055600000023842,0.6944444444444444,1,-1,1
200,2.420900000095367,0.9421296296296297,1,1,1
200,1.962,0.837962962962963,1,1,0
200,1.599399999976158,0.8912037037037037,1,-1,0
200,1.8147000000476834,0.9328703703703703,1,-1,1
200,1.7747000000476836,0.9027777777777778,1,1,1
200,2.0287000000476834,0.7407407407407407,1,1,1
200,1.582,0.8449074074074074,1,-1,1
200,1.664,0.8611111111111112,1,-1,0
200,1.681100000023842,0.9074074074074074,1,1,0
200,1.5618999999761578,0.9699074074074074,1,1,1
200,1.5031999999284744,0.9722222222222222,1,1,0
200,1.5415,0.925925925925926,1,-1,1
200,1.5561999999284744,0.9282407407407408,1,-1,0
200,1.6357999999523165,0.9328703703703703,1,-1,1
200,1.4195,0.9861111111111112,1,1,1
200,1.4205,0.9976851851851852,1,1,0
200,2.3343000000715257,0.960648148148148,1,-1,0
200,1.5024000000953674,0.7523148148148149,1,1,0
200,1.477399999976158,0.8680555555555556,1,-1,0
200,1.493399999976158,0.9537037037037036,1,1,1
200,1.5653999999761579,0.9467592592592592,1,-1,1
124,4.578900000000372,0.8912037037037037,1,1,0
124,2.8507000000001863,0.7962962962962963,1,-1,0
124,3.7496000000005587,0.9421296296296297,1,1,1
124,2.1549000000003726,1,1,-1,1
124,2.878799999999814,0.8518518518518519,1,1,1
124,3.3834000000003726,0.7314814814814814,1,1,0
124,2.581699999999255,0.9351851851851852,1,-1,1
124,2.1887999999998136,1,1,-1,0
124,3.161799999999814,0.8634259259259259,1,-1,1
124,4.9957999999998135,0.9861111111111112,1,1,1
124,3.270799999999814,1,1,1,0
124,2.298200000000186,1,1,-1,0
124,2.1474000000003723,1,1,-1,1
124,2.363700000000186,1,0,1,0
124,2.3995999999996274,1,1,1,1
124,2.3204000000003724,1,1,-1,0
124,2.588100000000559,1,1,-1,1
124,3.536899999999441,1,1,1,0
124,1.9052000000001865,0.6018518518518519,0,1,1
124,2.0874000000003727,1,1,-1,0
124,2.3457000000001864,1,1,-1,0
124,1.9492000000001866,1,1,-1,1
124,2.7985,0.9861111111111112,1,1,1
124,2.4762999999998137,0.9907407407407408,1,1,0
124,2.222,0.9976851851851852,1,1,1
124,2.155,1,1,-1,0
124,2.159299999999814,1,0,1,0
124,2.508100000000559,1,1,-1,1
124,2.8007000000001865,1,1,1,0
124,2.370199999999255,1,1,-1,0
124,2.3889000000003726,1,1,1,1
124,2.1535,1,1,-1,1
124,1.8442999999998135,1,1,1,0
124,1.816,1,1,-1,0
124,1.901100000000559,1,1,1,1
124,1.9282000000001864,1,1,-1,1
124,4.7545,1,1,-1,1
124,1.8769000000003724,1,1,-1,0
124,2.0780999999996275,1,1,1,0
124,2.302200000000186,1,1,1,1
124,2.115800000000745,1,1,-1,1
124,1.8812000000001865,1,1,-1,0
124,1.958,1,1,1,0
124,2.496700000000186,1,1,1,1
124,3.433299999999814,1,1,-1,0
124,1.829,1,1,-1,1
124,1.8452999999998134,1,1,1,0
124,1.8713999999994413,0.9930555555555556,1,1,1
124,2.346,1,1,-1,0
124,1.9354000000003724,1,1,1,1
124,2.2435,1,1,-1,1
124,1.7787000000001865,1,1,1,0
124,2.3622999999998138,1,1,-1,0
124,1.8227999999998135,1,1,1,0
124,1.6419000000003723,1,1,1,1
124,2.0725,1,1,-1,1
124,1.918699999999255,0.02777777777777779,0,-1,0
124,1.7530999999996277,1,1,1,0
124,2.2777999999998135,1,1,-1,1
124,2.787399999999441,1,1,1,1
124,2.117699999999255,1,1,-1,0
124,1.9477000000001865,1,1,-1,1
124,1.7975,1,1,1,0
124,1.8559000000003723,1,1,1,1
46,6.842,0.45185185185185184,1,1,1
46,3.513,0.9907407407407408,1,-1,0
46,5.769,0.5111111111111111,1,-1,1
46,6.214,0.6,0,1,0
46,3.992,0.9907407407407408,1,-1,0
46,3.221,0.5685185185185185,1,1,1
46,5.243,0.5185185185185186,0,1,0
46,4.119,0.9722222222222222,1,-1,1
46,6.194,0.4388888888888889,1,1,0
46,4.342,0.9462962962962964,0,1,1
46,4.657,0.9907407407407408,1,-1,1
46,3.952,0.9537037037037036,1,-1,0
46,3.27,0.5388888888888889,1,1,1
46,5.317,0.9037037037037036,1,-1,0
46,5.896,0.4814814814814815,0,1,0
46,3.856,1,1,-1,1
46,3.184,0.9777777777777776,1,-1,0
46,5.132,0.5851851851851853,1,1,0
46,4.291,0.9592592592592591,1,-1,1
46,3.745,0.7111111111111111,1,1,1
46,3.948,0.9962962962962963,1,-1,0
46,4.414,0.7296296296296296,1,1,1
46,2.996,0.9962962962962963,1,-1,1
46,5.109,0.7555555555555555,1,-1,0
46,3.252,1,1,-1,1
46,3.7,0.5611111111111111,1,1,0
46,3.512,0.512962962962963,1,1,1
46,3.076,1,1,-1,1
46,4.347,0.575925925925926,1,1,0
46,5.103,0.4018518518518519,0,-1,0
46,5.856,0.6074074074074074,1,1,1
46,3.023,0.9592592592592591,1,-1,1
46,2.425,1,1,1,0
46,3.206,0.537037037037037,0,-1,0
46,2.399,0.9907407407407408,1,1,1
46,3.148,1,1,1,0
46,4.68,0.6666666666666667,1,-1,0
46,2.904,1,1,-1,1
46,2.438,1,1,1,1
46,3.639,0.7,1,-1,0
46,3.228,0.5814814814814815,1,1,0
46,2.668,1,1,1,1
46,3.881,1,1,-1,1
46,2.289,1,1,1,1
46,2.178,1,1,1,0
46,2.63,1,1,-1,1
46,3.721,0.7314814814814814,1,-1,0
46,2.185,1,1,1,0
46,2.686,1,1,-1,1
46,3.433,0.737037037037037,1,-1,0
46,2.848,1,1,1,1
46,2.122,1,1,1,1
46,3.622,0.5814814814814815,1,-1,0
46,3.279,1,1,-1,1
46,4.784,0.488888888888889,0,1,0
46,5.077,0.6166666666666667,0,1,0
46,3.586,0.8537037037037037,1,1,1
46,3.157,0.9833333333333332,1,-1,1
46,4.657,0.75,1,-1,0
46,3.338,0.9962962962962963,1,-1,1
46,2.524,1,1,1,1
46,3.096,0.937037037037037,1,-1,0
46,2.255,1,1,1,0
98,1.921699999988079,1,1,1,0
98,3.046600000023842,0.6979166666666667,1,-1,0
98,2.9112000000476836,0.49479166666666663,1,-1,1
98,1.721800000011921,1,1,1,1
98,2.6825999999642374,0.7083333333333333,1,-1,1
98,1.5804000000357628,1,1,1,1
98,2.6125,1,1,-1,0
98,2.462199999988079,0.8385416666666666,1,1,0
98,1.875199999988079,1,1,1,1
98,2.1,0.9427083333333334,1,1,0
98,2.306,0.9166666666666666,1,-1,1
98,2.5190999999642374,0.9557291666666666,1,-1,0
98,2.146400000035763,0.9375,1,-1,1
98,4.489800000011921,0.6927083333333333,0,1,0
98,2.761600000023842,0.7604166666666666,1,-1,0
98,1.58,1,1,1,1
98,2.386,1,1,-1,0
98,1.7535,1,1,1,1
98,2.130100000023842,1,1,-1,1
98,2.869199999988079,0.671875,1,1,0
98,2.007100000023842,0.7317708333333333,1,1,1
98,2.216600000023842,0.875,1,-1,0
98,3.7301999999880793,0.5208333333333333,1,1,0
98,2.352399999976158,0.84375,1,-1,1
98,2.157800000011921,0.9869791666666666,1,1,1
98,2.1777999999523163,0.8984375,1,-1,0
98,2.955300000011921,0.515625,1,1,0
98,2.275300000011921,0.9895833333333334,1,-1,1
98,2.329300000011921,0.9322916666666666,1,-1,0
98,2.182800000011921,0.8046875,1,1,1
98,3.129300000011921,0.5703125,0,1,0
98,2.454199999988079,0.984375,1,-1,1
98,1.8275,1,1,1,1
98,2.805,0.7578125,1,1,0
98,2.087899999976158,1,1,-1,1
98,2.741600000023842,0.6979166666666667,1,-1,0
98,1.919899999976158,0.7317708333333333,1,1,0
98,3.496,0.40625,0,-1,1
98,2.599100000023842,0.5286458333333333,1,1,1
98,4.103199999988079,0.8098958333333334,1,-1,0
98,2.204800000011921,0.4921875,1,1,0
98,2.283199999988079,1,1,-1,1
98,1.7431999999880792,0.8229166666666666,1,1,1
98,2.5327999999523163,0.9869791666666666,1,-1,0
98,2.2385,0.515625,1,1,0
98,2.0249000000357626,0.8046875,1,1,1
98,3.0001999999880793,0.5,1,-1,0
98,2.2188999999761583,0.7421875,1,-1,1
98,2.6225,1,0,-1,0
98,2.1821999999880792,1,1,1,0
98,2.510099999964237,0.5442708333333333,1,1,1
98,2.278199999988079,0.7317708333333333,1,-1,1
98,2.754399999976158,0.8932291666666666,1,-1,1
98,2.258100000023842,0.8098958333333334,1,1,1
98,3.449600000023842,0.8828125,1,-1,0
98,2.550199999988079,1,1,1,0
98,2.0892000000476836,0.6848958333333333,1,1,1
98,2.771699999988079,1,1,1,0
98,2.4993999999761582,0.7630208333333334,1,-1,1
98,2.701399999976158,0.6223958333333333,1,-1,0
98,2.6131999999880793,1,1,1,0
98,3.936099999964237,0.5260416666666667,1,-1,1
98,2.415299999952316,0.7239583333333333,0,-1,0
98,2.080399999976158,1,1,1,1
133,1.8123000000715255,1,1,1,1
133,2.148099999904633,1,1,-1,1
133,1.7842000000476834,1,1,1,0
133,2.902600000023842,1,1,-1,0
133,1.857,1,1,-1,0
133,2.4745,1,1,1,0
133,2.0012000000476835,1,1,-1,1
133,1.8496000000238422,1,1,1,1
133,1.9857000000476834,1,1,-1,0
133,2.208200000047684,1,1,-1,1
133,5.369799999952316,0.7907407407407407,1,1,0
133,1.703899999976158,1,1,1,1
133,2.0708000000715256,1,1,-1,0
133,2.561,1,1,-1,1
133,1.8832999999523166,0.7518518518518519,1,1,0
133,1.912,1,1,1,1
133,1.5885,1,1,1,1
133,2.650100000023842,1,1,-1,1
133,2.0211999999284744,1,1,-1,0
133,3.2352999999523164,0.7111111111111111,1,1,0
133,4.75,1,1,-1,1
133,2.6766999999284744,1,1,-1,0
133,1.7027999999523165,1,1,1,1
133,3.156,0.7296296296296296,1,1,0
133,3.649399999976158,0.7407407407407407,1,1,0
133,2.0397999999523164,0.7555555555555555,1,1,1
133,1.9501999999284745,1,1,-1,0
133,1.9986999999284745,1,1,-1,1
133,1.725,1,1,1,1
133,2.2345,1,1,-1,1
133,1.6909000000953673,0.9222222222222224,1,1,0
133,1.652899999976158,1,1,-1,0
133,1.9226000000238421,1,1,-1,0
133,1.6147000000476834,1,1,1,1
133,2.005599999904633,1,1,1,0
133,1.579,1,1,-1,1
133,1.7448999999761579,1,1,-1,0
133,1.5472999999523165,1,1,1,0
133,1.6378999999761579,1,1,1,1
133,1.7302000000476836,1,1,-1,1
133,1.474,1,1,1,1
133,1.4917000000476834,1,1,-1,1
133,2.797300000071526,0.8611111111111112,1,-1,0
133,1.723899999976158,1,1,1,0
133,1.700100000023842,0.9944444444444444,1,-1,0
133,1.8536000000238422,0.9962962962962963,1,-1,1
133,1.6945,1,1,1,1
133,2.577099999904633,0.9037037037037036,1,1,0
133,1.863100000023842,1,1,1,1
133,1.5832999999523165,1,1,1,0
133,1.6615999999046325,1,1,-1,0
133,1.8917999999523165,1,1,-1,1
133,1.817,0.8185185185185185,1,1,0
133,1.5992000000476836,1,1,-1,1
133,1.6475,1,1,-1,0
133,1.5827000000476834,1,1,1,1
133,1.5193000000715255,1,1,1,1
133,1.8131000000238422,1,1,-1,1
133,1.930900000095367,0.8092592592592592,1,-1,0
133,1.8775,0.8074074074074074,1,1,0
133,1.8667999999523166,1,1,-1,0
133,1.6506999999284744,0.9962962962962963,1,1,1
133,1.9187000000476835,0.8407407407407408,1,1,0
133,1.6323000000715255,1,1,-1,1
104,2.674799999952316,0.5592592592592592,0,-1,1
104,2.273700000047684,0.7148148148148148,1,-1,0
104,1.473399999976158,1,1,1,1
104,2.399399999976158,0.4740740740740741,1,1,0
104,2.213299999952316,0.5925925925925926,1,1,0
104,2.0061999999284743,1,1,1,1
104,1.746399999976158,1,1,-1,0
104,2.1012000000476836,0.4574074074074074,1,-1,1
104,2.018899999976158,0.625925925925926,1,-1,1
104,1.6866000000238421,1,1,1,1
104,1.9415,1,1,-1,0
104,2.678,0.7185185185185186,1,1,0
104,1.715399999976158,0.5555555555555556,1,-1,1
104,2.4625,0.8148148148148149,1,1,0
104,1.7508000000715256,1,1,1,1
104,2.0618999999761582,1,1,-1,0
104,1.6335,1,1,1,0
104,2.656300000071526,0.4629629629629629,1,-1,1
104,1.9788000000715256,0.7722222222222223,1,1,1
104,1.708100000023842,0.9888888888888888,1,-1,0
104,1.685600000023842,0.7259259259259259,1,1,0
104,2.3122999999523164,1,1,1,1
104,1.9628999999761578,1,1,-1,1
104,1.9,1,1,-1,0
104,1.7578000000715255,1,1,1,1
104,1.618399999976158,1,1,1,0
104,2.2043999999761583,0.7185185185185186,1,-1,1
104,1.762100000023842,1,1,-1,0
104,2.1683999999761583,0.8296296296296296,1,1,0
104,1.8515,0.9092592592592592,1,-1,0
104,2.626400000095367,0.7185185185185186,1,-1,1
104,1.6396999999284745,1,1,1,1
104,1.7836000000238421,1,1,1,0
104,2.3465,0.7407407407407407,1,-1,1
104,1.9987999999523165,0.6574074074074074,1,-1,0
104,1.798,1,1,1,1
104,2.3371000000238418,0.4851851851851851,1,-1,1
104,1.5804000000953675,1,1,1,1
104,1.987899999976158,0.5314814814814814,1,-1,0
104,1.451600000023842,1,1,1,0
104,2.0982999999523164,0.8037037037037037,0,-1,0
104,2.657299999952316,1,1,1,1
104,1.840899999976158,1,1,1,0
104,2.0431999999284742,0.7740740740740741,1,-1,1
104,1.7593000000715255,1,1,1,1
104,2.6946999999284746,1,1,-1,0
104,2.198,0.7685185185185185,1,-1,1
104,1.4854000000953673,1,1,1,0
104,2.9217000000476836,1,1,1,1
104,2.082200000047684,0.5351851851851852,1,-1,1
104,1.5715,0.9925925925925926,1,1,0
104,2.2807000000476836,0.6018518518518519,1,-1,0
104,2.015600000023842,0.7888888888888889,1,-1,0
104,1.8516999999284744,1,1,1,1
104,1.5707999999523166,1,1,1,0
104,1.8640999999046328,1,1,-1,1
104,2.340799999952316,0.8888888888888888,1,-1,0
104,1.8467000000476834,1,1,1,0
104,2.016100000023842,0.7925925925925926,1,-1,1
104,1.917600000023842,1,1,1,1
104,2.3638999999761583,1,1,-1,0
104,2.0736999999284746,1,1,-1,1
104,2.304,1,1,1,1
104,1.4822999999523165,1,1,1,0
110,2.3377000000476835,0.9456521739130436,1,1,0
110,2.6812000000476837,0.9021739130434784,1,1,1
110,1.9932999999523164,0.7652173913043478,1,-1,1
110,2.448299999952316,0.8108695652173913,1,-1,0
110,1.7097000000476834,0.915217391304348,1,1,1
110,2.020099999904633,0.8913043478260869,1,-1,1
110,1.932300000190735,0.9217391304347826,1,-1,0
110,2.358900000095367,0.8521739130434782,1,1,0
110,1.857300000190735,0.8760869565217391,1,1,0
110,2.089099999904633,0.6717391304347826,1,-1,1
110,1.8132999999523165,0.841304347826087,1,-1,0
110,1.738600000143051,0.8065217391304348,1,1,1
110,1.9502000000476836,0.9652173913043478,1,-1,0
110,4.510700000047684,0.8478260869565217,0,1,0
110,1.9110999999046328,0.7782608695652173,1,1,1
110,2.257,0.6456521739130434,1,-1,1
110,2.870900000095367,0.8521739130434782,1,1,0
110,2.1515,0.6760869565217391,1,1,1
110,1.8607000000476834,0.8217391304347826,1,-1,1
110,1.7194000000953675,0.8456521739130435,1,-1,0
110,4.441299999952316,0.49782608695652175,0,1,0
110,1.887600000143051,0.5565217391304348,1,-1,0
110,1.7522000000476834,0.5869565217391304,1,-1,1
110,2.1397000000476836,0.3913043478260869,1,1,1
110,3.034799999952316,0.5913043478260869,1,-1,0
110,4.5135,0.6652173913043478,0,1,0
110,1.9483999998569488,0.6608695652173913,1,-1,1
110,2.248099999904633,0.5956521739130435,1,1,1
110,1.6537999999523165,0.7913043478260869,1,-1,1
110,2.5433999998569488,0.6456521739130434,1,-1,0
110,1.8272000000476836,0.5956521739130435,0,1,0
110,2.116600000143051,0.5826086956521739,0,1,1
110,1.8422999999523164,0.7956521739130434,1,-1,1
110,1.825100000143051,0.9239130434782608,1,1,0
110,2.2045,0.9391304347826088,1,1,1
110,1.7135999999046325,0.8260869565217391,1,-1,0
110,2.050200000047684,0.7521739130434782,1,-1,0
110,1.839,0.7760869565217391,1,-1,1
110,2.012199999809265,0.8152173913043479,1,1,1
110,1.8892000000476834,0.7565217391304347,1,1,0
110,1.7393000001907348,0.9108695652173912,1,1,0
110,2.038,0.85,1,1,1
110,2.034900000095367,0.7739130434782608,1,-1,0
110,2.768099999904633,0.6326086956521739,1,-1,1
110,6.466299999952316,0.7086956521739131,1,1,1
110,1.9297000000476834,0.6260869565217391,1,-1,1
110,1.979399999856949,0.5652173913043479,1,-1,0
110,1.9577999999523166,0.8,1,1,0
110,1.9368000001907348,0.691304347826087,1,1,1
110,2.1365,0.6108695652173913,1,1,0
110,1.7897000000476835,0.7739130434782608,1,-1,1
110,1.6699000000953674,0.6934782608695652,1,-1,0
110,1.8380999999046328,0.6152173913043478,1,1,0
110,1.7870999999046326,0.7,1,1,1
110,2.338400000095367,0.6391304347826087,1,-1,0
110,2.044,0.5847826086956522,1,-1,1
110,3.723299999952316,0.5956521739130435,0,1,0
110,1.8646000001430512,0.45,1,-1,0
110,3.040900000095367,0.5282608695652173,0,1,1
110,1.9320999999046329,0.5369565217391304,1,-1,1
110,1.8037999999523164,0.4826086956521739,0,1,0
110,2.4848999998569488,0.6173913043478261,1,-1,0
110,1.5725999999046325,0.682608695652174,1,-1,1
110,1.6192000000476834,0.758695652173913,0,1,1
49,2.959,0.8444444444444444,1,1,1
49,1.853,0.7,1,1,0
49,1.942,0.837037037037037,1,-1,0
49,2.222,0.6925925925925926,1,-1,1
49,2.128,0.5185185185185186,1,-1,0
49,2.125,0.5888888888888889,1,-1,1
49,1.662,0.6722222222222223,1,1,0
49,2.043,0.6833333333333333,1,1,1
49,1.819,0.7444444444444445,1,1,1
49,2.261,0.3037037037037037,0,-1,0
49,2.286,0.6462962962962964,1,-1,1
49,2.44,0.6333333333333333,1,1,0
49,1.925,0.6518518518518519,1,1,1
49,2.159,0.6129629629629629,1,-1,0
49,2.705,0.6611111111111111,1,-1,1
49,1.872,0.7092592592592593,1,1,0
49,1.889,0.512962962962963,1,-1,1
49,2.338,0.48703703703703705,0,1,0
49,3.437,0.4111111111111111,1,1,1
49,1.9,0.7555555555555555,1,-1,0
49,2.159,0.6592592592592592,1,1,1
49,2.162,0.7944444444444445,1,-1,1
49,2.101,0.22037037037037033,0,-1,0
49,2.403,0.7259259259259259,1,1,0
49,2.074,0.6648148148148147,1,1,1
49,1.815,0.6611111111111111,1,1,0
49,1.632,0.7611111111111111,1,-1,1
49,2.114,0.512962962962963,1,-1,0
49,2.16,0.7611111111111111,1,1,1
49,2.13,0.7296296296296296,0,1,0
49,2.036,0.7425925925925926,1,-1,0
49,2.326,0.737037037037037,1,-1,1
49,2.566,0.7203703703703703,1,-1,0
49,1.844,0.7925925925925926,1,1,1
49,1.765,0.7166666666666667,1,-1,1
49,2.395,0.7407407407407407,1,1,0
49,2.064,0.737037037037037,1,1,0
49,1.775,0.7518518518518519,1,-1,0
49,1.979,0.7425925925925926,1,-1,1
49,1.893,0.5703703703703704,1,1,1
49,1.815,0.8407407407407408,1,-1,0
49,2.982,0.8185185185185185,1,-1,1
49,2.133,0.6888888888888889,1,1,0
49,1.933,0.5296296296296297,1,1,1
49,1.931,0.7907407407407407,1,-1,1
49,1.955,0.8296296296296296,1,-1,0
49,1.981,0.7685185185185185,1,1,1
49,3.3,0.3037037037037037,1,1,0
49,2.361,0.75,1,1,1
49,2.501,0.7074074074074075,1,-1,1
49,1.888,0.7314814814814814,1,-1,0
49,2.39,0.5574074074074074,1,1,0
49,1.761,0.6351851851851852,1,1,0
49,2.12,0.6981481481481482,1,-1,1
49,1.967,0.44259259259259254,1,1,1
49,1.967,0.8296296296296296,1,-1,0
49,2.093,0.5814814814814815,1,1,1
49,1.967,0.7907407407407407,1,-1,1
49,2.357,0.5666666666666667,1,-1,0
49,1.899,0.5703703703703704,1,1,0
49,1.927,0.7148148148148148,1,1,1
49,1.807,0.6962962962962963,1,-1,1
49,3.26,0.6148148148148148,0,1,0
49,1.978,0.7222222222222222,1,-1,0
68,1.4913000000044703,0.8333333333333334,1,1,1
68,2.624,0.4688888888888889,1,-1,0
68,2.5513999999985097,0.42,1,-1,1
68,3.8411000000014903,0.56,1,1,0
68,2.4181000000014903,0.42,1,-1,1
68,2.8852000000029796,0.4755555555555555,1,1,0
68,2.1085,0.31999999999999995,1,-1,0
68,2.0436999999955296,0.6977777777777778,1,1,1
68,2.01810000000149,0.42,1,-1,0
68,2.2180999999940396,0.508888888888889,1,1,0
68,4.31130000000447,0.3044444444444444,1,-1,1
68,2.2401999999955295,0.5333333333333333,1,1,1
68,2.3503999999985097,0.3955555555555555,1,-1,1
68,2.246,0.4688888888888889,1,1,0
68,1.7668000000044704,0.76,1,1,1
68,2.2242000000029796,0.5800000000000001,1,-1,0
68,1.7965,0.6977777777777778,1,1,0
68,2.13939999999851,0.5800000000000001,1,-1,0
68,1.66789999999851,0.5977777777777777,1,1,1
68,2.0957999999970203,0.5666666666666667,1,-1,1
68,2.6260999999940395,0.43333333333333335,1,-1,1
68,1.9455,0.5866666666666667,1,-1,0
68,1.7475,0.7866666666666666,1,1,1
68,2.90570000000298,0.38222222222222224,1,1,0
68,1.90520000000298,0.4444444444444444,1,-1,1
68,2.10729999999702,0.3355555555555556,1,-1,0
68,1.9003000000044703,0.5555555555555556,1,1,0
68,1.506,0.6577777777777778,1,1,1
68,2.71870000000298,0.45333333333333337,1,-1,1
68,1.6847000000029801,0.6022222222222222,1,1,0
68,1.6476000000014899,0.6022222222222222,1,1,1
68,2.2925,0.54,1,-1,0
68,1.61860000000149,0.4733333333333334,1,1,0
68,4.16580000000447,0.48444444444444446,1,-1,0
68,2.6965,0.38,1,-1,1
68,1.4448999999985102,0.7355555555555555,1,1,1
68,1.6323999999985102,0.5977777777777777,1,1,1
68,2.28810000000149,0.46,1,-1,1
68,3.92129999999702,0.4,1,-1,0
68,2.62539999999851,0.6577777777777778,1,1,0
68,2.5563000000044704,0.3622222222222222,1,1,0
68,2.647,0.4066666666666666,1,1,1
68,3.07439999999851,0.2844444444444445,1,-1,1
68,3.1056999999955295,0.4111111111111111,1,-1,0
68,3.2144000000059605,0.2444444444444445,1,1,1
68,2.7225,0.26,1,-1,1
68,3.0716999999955297,0.31333333333333335,1,-1,0
68,3.1437999999970203,0.16666666666666663,1,1,0
68,1.9926000000014898,0.11555555555555552,1,1,1
68,2.7375,0.23777777777777775,1,-1,0
68,2.8024000000059606,0.1466666666666666,1,-1,1
68,2.97120000000298,0.15555555555555556,1,1,0
68,4.5018000000044704,0.11111111111111116,1,1,0
68,1.9553000000044702,0.11333333333333329,1,-1,0
68,1.8236999999955297,0.6155555555555556,1,1,1
68,2.3057999999970202,0.19999999999999996,1,-1,1
68,1.7897999999970198,0.5444444444444445,1,1,1
68,2.39979999999702,0.5222222222222221,1,1,0
68,2.11620000000298,0.32666666666666666,1,-1,1
68,2.4296999999955298,0.13555555555555554,1,-1,0
68,2.9793999999985097,0.06666666666666665,1,-1,1
68,1.75389999999851,0.29555555555555557,1,1,0
68,1.9045,0.24222222222222223,1,-1,0
68,2.0036999999955296,0.4866666666666667,1,1,1
20,6.4995,0.5933333333333333,1,-1,0
20,4.806299999952317,0.30000000000000004,0,1,0
20,6.4445,0.2644444444444445,1,-1,1
20,1.964100000023842,0.8044444444444444,1,1,1
20,3.274,0.6244444444444445,1,1,0
20,6.914699999988079,0.5511111111111111,1,-1,1
20,3.609800000011921,0.8666666666666667,1,-1,0
20,2.912199999988079,0.8177777777777777,1,1,1
20,4.568699999988079,0.6133333333333333,1,-1,1
20,2.745300000011921,0.8711111111111112,1,-1,0
20,3.7435999999642373,0.6533333333333333,1,1,0
20,4.800100000023842,0.7666666666666666,1,1,1
20,3.705800000011921,0.5,1,1,1
20,3.6895,0.4311111111111111,1,-1,0
20,2.856199999988079,0.6888888888888889,1,-1,1
20,6.406199999988079,0.8644444444444445,1,1,0
20,2.076899999976158,0.9066666666666666,1,1,1
20,3.272200000047684,0.8155555555555556,1,1,0
20,3.7654000000357626,0.8844444444444445,1,-1,0
20,3.4128999999761582,0.6377777777777778,1,-1,1
20,3.657300000011921,0.4955555555555555,1,1,0
20,3.656,0.6466666666666667,1,-1,0
20,2.3693999999761584,0.5511111111111111,1,1,1
20,3.196,0.37777777777777777,1,-1,1
20,3.827699999988079,0.5044444444444445,1,1,1
20,2.450699999988079,0.8688888888888888,1,-1,0
20,3.533199999988079,0.43333333333333335,1,1,0
20,3.2859000000357628,0.22666666666666668,1,-1,1
20,4.142099999964238,0.3888888888888888,1,1,0
20,3.771300000011921,0.7488888888888889,1,-1,0
20,2.267300000011921,0.6488888888888888,1,1,1
20,3.6465,0.5022222222222222,1,-1,1
20,4.290100000023842,0.4177777777777778,1,1,0
20,2.900699999988079,0.4444444444444444,1,-1,1
20,3.319100000023842,0.7844444444444445,1,-1,0
20,2.9088999999761582,0.5933333333333333,1,1,1
20,2.793600000023842,0.3533333333333334,1,1,1
20,3.702300000011921,0.6244444444444445,1,1,0
20,3.557400000035763,0.8733333333333333,1,-1,0
20,3.166400000035763,0.4222222222222223,1,-1,1
20,2.081800000011921,0.7844444444444445,1,1,1
20,2.882699999988079,0.9155555555555556,1,-1,0
20,5.835599999964237,0.1266666666666667,1,-1,1
20,3.0408999999761583,0.48444444444444446,1,1,0
20,3.1635,0.8311111111111111,1,-1,0
20,3.223,0.43999999999999995,1,-1,1
20,2.995600000023842,0.7844444444444445,1,1,0
20,2.2162999999523163,0.64,1,1,1
20,2.653400000035763,0.7466666666666666,1,1,1
20,2.915699999988079,0.6755555555555556,1,-1,1
20,3.1299000000357626,0.8244444444444444,1,1,0
20,2.8585,0.4577777777777778,1,-1,0
20,2.6643999999761583,0.19333333333333336,1,1,1
20,4.08,0.12222222222222225,1,-1,1
20,4.046699999988079,0.4577777777777778,1,-1,0
20,4.405300000011921,0.6955555555555555,1,1,0
20,3.8460999999642373,0.5,1,-1,1
20,4.995600000023842,0.3533333333333334,1,-1,0
20,1.8644000000357628,0.9066666666666666,1,1,1
20,3.191800000011921,0.7466666666666666,1,1,0
20,5.406,0.4311111111111111,1,-1,1
20,3.7955,0.2155555555555555,1,1,0
20,3.264600000023842,0.72,1,-1,0
20,4.038699999988079,0.4222222222222223,1,1,1
172,5.228,0.7833333333333333,1,-1,1
172,1.875,0.8018518518518518,1,1,1
172,3.354,0.6833333333333333,1,-1,0
172,1.933,0.7185185185185186,1,1,0
172,2.811,0.7092592592592593,1,-1,0
172,2.4,0.6611111111111111,1,1,1
172,2.619,0.6425925925925926,1,-1,1
172,1.725,0.6888888888888889,1,1,0
172,1.718,0.6518518518518519,1,1,0
172,2.804,0.6870370370370371,1,-1,0
172,1.796,0.6611111111111111,1,1,1
172,2.72,0.6481481481481481,1,-1,1
172,2.47,0.6,1,1,0
172,2.711,0.6703703703703704,1,-1,1
172,1.745,0.6759259259259259,1,1,1
172,2.763,0.65,1,-1,0
172,3.003,0.6018518518518519,1,1,1
172,2.496,0.737037037037037,1,-1,0
172,3.327,0.7037037037037037,1,-1,1
172,2.758,0.6407407407407407,1,1,0
172,3.673,0.6092592592592593,1,1,0
172,2.556,0.7259259259259259,1,-1,0
172,1.681,0.7259259259259259,1,1,1
172,2.873,0.7,1,-1,1
172,1.884,0.7425925925925926,1,1,1
172,1.722,0.7833333333333333,1,1,0
172,2.449,0.8092592592592592,1,-1,1
172,3.662,0.7666666666666666,1,-1,0
172,1.594,0.762962962962963,1,1,0
172,2.603,0.7685185185185185,1,-1,1
172,2.138,0.7925925925925926,1,1,1
172,3.847,0.7388888888888889,1,-1,0
172,3.118,0.6129629629629629,1,1,0
172,1.619,0.6962962962962963,1,1,1
172,2.727,0.6166666666666667,1,-1,1
172,3.669,0.6851851851851851,1,-1,0
172,1.828,0.6925925925925926,1,1,1
172,2.906,0.6722222222222223,1,-1,0
172,3.113,0.6333333333333333,1,-1,1
172,1.707,0.7277777777777779,1,1,0
172,2.82,0.6425925925925926,1,-1,0
172,1.568,0.7277777777777779,1,1,1
172,2.109,0.6462962962962964,1,-1,1
172,1.561,0.7240740740740741,1,1,0
172,1.771,0.6814814814814815,1,-1,1
172,1.723,0.7407407407407407,1,1,1
172,2.038,0.7296296296296296,1,-1,0
172,3.16,0.6444444444444444,1,-1,1
172,1.685,0.6796296296296296,1,1,0
172,1.489,0.7444444444444445,1,1,1
172,1.624,0.6481481481481481,1,-1,0
172,1.521,0.7092592592592593,1,1,0
172,1.763,0.7259259259259259,1,-1,1
172,2.738,0.6296296296296297,1,-1,0
172,1.684,0.662962962962963,1,1,1
172,2.36,0.6444444444444444,1,-1,0
172,1.507,0.7425925925925926,1,1,0
172,1.86,0.5907407407407408,1,-1,1
172,1.509,0.8722222222222222,1,1,1
172,2.024,0.575925925925926,1,-1,1
172,1.521,0.7481481481481482,1,1,0
172,2.233,0.7740740740740741,1,-1,0
172,1.786,0.9148148148148147,1,1,1
45,3.3005,1,1,-1,0
45,4.31820000000298,1,1,-1,1
45,3.0386999999955298,1,1,1,1
45,3.5395999999940395,1,1,1,0
45,4.6741000000014905,1,1,-1,1
45,2.3825,1,1,1,1
45,2.51120000000298,1,1,-1,0
45,4.08010000000149,1,1,-1,1
45,4.11310000000149,1,1,-1,0
45,3.9645,1,1,1,1
45,5.03210000000149,1,1,1,0
45,4.55279999999702,1,1,-1,0
45,3.7933000000044705,1,1,1,0
45,4.19260000000149,1,1,-1,1
45,4.14260000000149,1,1,1,1
45,3.68360000000149,1,1,1,1
45,4.110200000002981,1,1,1,0
45,3.18939999999851,1,1,-1,1
45,3.5157000000029797,1,1,-1,0
45,5.031,1,1,1,1
45,3.7446999999955297,1,1,1,0
45,3.34219999999553,1,1,-1,1
45,4.098,1,1,-1,0
45,4.59679999999702,1,1,1,1
45,3.12210000000149,1,1,-1,1
45,5.46769999999553,1,1,1,0
45,3.873900000005961,1,1,-1,0
45,3.45860000000149,1,1,-1,0
45,2.4898000000044704,1,1,1,0
45,4.20489999999851,1,1,-1,1
45,3.4314000000059606,1,1,1,1
45,3.2451000000014902,1,1,-1,1
45,3.3631999999955298,1,1,-1,0
45,3.2106999999955295,1,1,1,0
45,3.1065,1,1,1,1
45,3.1702000000029797,0.8586956521739131,1,1,1
45,3.2115,0.9978260869565218,1,-1,1
45,3.4135,1,1,-1,0
45,2.04179999999702,1,1,1,0
45,2.53680000000447,1,1,-1,0
45,2.1415,1,1,1,0
45,5.06970000000298,1,1,1,1
45,2.4841999999955298,1,1,-1,1
45,3.42960000000149,1,1,-1,0
45,3.19389999999851,1,1,1,1
45,5.51360000000149,1,1,-1,1
45,5.9277000000029805,1,1,1,0
45,3.7327000000029797,1,1,-1,1
45,2.5898000000044705,1,1,-1,0
45,1.9745999999940396,1,1,1,1
45,2.7442000000029796,1,1,1,0
45,4.78660000000149,1,0,1,1
45,2.2561999999955296,1,1,-1,1
45,2.60210000000149,1,1,1,0
45,2.4485,1,1,-1,0
45,2.1705999999940397,1,1,1,0
45,3.0835,1,1,-1,1
45,3.51770000000298,1,1,-1,0
45,2.17479999999702,1,1,1,1
45,3.327,1,1,1,0
45,2.29610000000149,1,1,-1,0
45,4.81879999999702,1,1,1,1
45,2.1745,1,1,-1,1
18,2.901,0.6180555555555556,1,-1,0
18,1.878,0.7708333333333334,1,1,0
18,2.985,0.3819444444444444,0,-1,1
18,2.028,0.8449074074074074,1,1,1
18,2.462,0.5115740740740741,0,-1,1
18,3.269,0.6712962962962963,1,-1,0
18,3.254,0.6342592592592593,1,1,1
18,2.832,0.5925925925925926,0,1,0
18,1.79,0.6805555555555556,1,1,1
18,3.338,0.5486111111111112,1,-1,1
18,3.653,0.6805555555555556,1,-1,0
18,3.233,0.5972222222222222,1,1,0
18,1.918,0.7083333333333333,1,1,0
18,3.185,0.6875,1,-1,0
18,3.37,0.4976851851851852,1,-1,1
18,2.287,0.712962962962963,1,1,1
18,1.931,0.7199074074074074,1,1,1
18,1.873,0.8726851851851851,1,1,0
18,1.905,0.6944444444444444,1,-1,1
18,2.463,0.8240740740740741,1,-1,0
18,3.596,0.4907407407407407,1,-1,0
18,1.744,0.775462962962963,1,1,1
18,2.369,0.3379629629629629,0,-1,1
18,1.711,0.7291666666666667,1,1,0
18,1.638,0.7824074074074074,1,1,0
18,3.277,0.6736111111111112,1,-1,0
18,1.798,0.7430555555555556,1,1,1
18,3.592,0.7199074074074074,1,-1,1
18,2.535,0.6805555555555556,1,-1,0
18,2.024,0.7152777777777778,1,1,1
18,3.713,0.5925925925925926,1,1,0
18,4.146,0.6365740740740741,1,-1,1
18,1.645,0.787037037037037,1,1,0
18,1.684,0.712962962962963,1,1,1
18,2.609,0.6157407407407407,1,-1,1
18,2.863,0.7546296296296297,1,-1,0
18,3.086,0.7361111111111112,1,1,0
18,2.681,0.6782407407407407,1,-1,0
18,2.024,0.724537037037037,1,-1,1
18,3.511,0.6157407407407407,1,1,1
18,2.124,0.6805555555555556,1,1,1
18,2.326,0.7777777777777778,1,1,0
18,2.671,0.3935185185185185,1,-1,1
18,1.967,0.4282407407407407,0,-1,0
18,1.814,0.7060185185185186,1,1,1
18,2.869,0.3842592592592593,1,-1,1
18,1.714,0.6944444444444444,1,1,0
18,2.124,0.46064814814814814,1,-1,0
18,2.672,0.5625,1,-1,1
18,3.741,0.7106481481481481,1,-1,0
18,1.91,0.7291666666666667,1,1,1
18,1.614,0.7638888888888888,1,1,0
18,1.704,0.6898148148148149,1,1,1
18,2.25,0.6712962962962963,1,-1,0
18,1.985,0.4375,0,-1,1
18,1.859,0.4212962962962963,1,1,0
18,1.591,0.7083333333333333,1,1,0
18,1.594,0.8240740740740741,1,1,1
18,2.419,0.7152777777777778,0,-1,1
18,2.038,0.7615740740740741,1,-1,0
18,1.788,0.7939814814814815,1,1,0
18,2.817,0.724537037037037,1,-1,0
18,1.726,0.7106481481481481,1,1,1
18,1.772,0.6319444444444444,1,-1,1
149,2.2467999999523163,0.8648859731427061,1,1,1
149,2.6061999999284744,0.5668541081005318,1,1,0
149,2.2825,0.8892533583348335,1,-1,0
149,2.918700000047684,0.5743517650827249,1,-1,1
149,1.7567999999523165,0.793658231811872,1,1,0
149,2.581100000023842,0.6680724773601382,1,-1,1
149,2.4591000000238417,0.8855045298437371,1,-1,0
149,1.9908000000715256,0.46938456733202194,1,1,1
149,2.2132000000476837,0.6493283349046555,1,-1,0
149,2.042,0.8761324586159958,1,1,0
149,3.016399999976158,0.5293658231895665,1,-1,1
149,1.8308000000715257,0.9379881287190884,1,1,1
149,1.8012000000476835,1,1,1,1
149,2.233899999976158,0.27819431428609886,1,1,0
149,2.9117999999523163,0.3850359262823499,1,-1,1
149,2.293600000023842,0.7280537332176826,1,-1,0
149,2.812,0.7130584192532965,1,-1,1
149,4.594700000047684,0.23320837239294048,0,1,1
149,2.0337999999523166,0.821774445495096,1,1,0
149,2.2681999999284743,0.793658231811872,1,-1,0
149,3.9185,0.48812870978750467,1,1,0
149,3.232,0.617463292730335,1,-1,1
149,3.360399999976158,0.2800687285316471,1,1,1
149,2.942,0.793658231811872,1,-1,0
149,3.6781999999284745,0.3550452983535778,1,1,1
149,2.8821000000238417,0.1544829740799133,1,1,0
149,3.9505,0.44314276789434626,1,-1,1
149,2.357899999976158,0.6961886910433621,1,-1,0
149,2.7276999999284746,0.9192439862636058,1,1,1
149,2.3431999999284745,0.09825054671346524,1,1,0
149,3.489400000095367,0.37566385505460864,1,-1,1
149,2.3137999999523164,0.8817557013526405,1,-1,0
149,2.0242999999523166,0.5331146516806631,1,1,0
149,2.9111999999284746,0.22383630116519915,1,-1,0
149,2.24,0.9023742580536714,1,1,1
149,3.4682000000476836,0.6287097782036246,1,-1,1
149,3.4307999999523164,0.878006872861544,1,-1,0
149,2.9608999999761583,0.3906591690189948,1,-1,1
149,3.744299999952316,0.6024679787659488,1,1,0
149,1.707,0.9642299281567642,1,1,1
149,3.2613999999761583,0.2219618869196508,1,-1,0
149,2.7396999999284746,0.8442674164416752,1,1,1
149,2.3107999999523163,1,1,-1,1
149,1.794,1,1,1,0
149,1.7645,1,1,1,0
149,3.068899999976158,0.5593564511183388,1,-1,0
149,2.2107999999523162,0.18072477351758895,1,-1,1
149,2.636,0.9229928147547024,1,1,1
149,2.9082000000476835,0.2744454857950023,1,-1,1
149,2.4566000000238417,0.5218681662073734,1,-1,0
149,1.929,0.982974070612247,1,1,1
149,4.893799999952316,1,1,1,0
149,4.8275,0.3063105279693228,1,-1,1
149,3.291799999952316,0.48812870978750467,1,1,1
149,3.576600000023842,0.25195251484842307,1,-1,0
149,2.4036000000238418,0.7580443611464549,1,1,0
149,2.0897000000476837,0.8536394876694166,1,1,1
149,3.2651000000238417,0.37191502656351216,1,1,0
149,3.4322999999523165,0.1319900031333341,1,-1,1
149,2.1117999999523165,0.5218681662073734,1,-1,0
149,3.0835,0.5443611371539526,1,-1,0
149,2.5405,0.8817557013526405,1,1,0
149,3.039700000047684,0.3194314276881607,1,1,1
149,3.2875,0.5987191502748523,1,-1,1
210,1.9377000000476834,0.7933333333333333,1,1,0
210,1.721,0.9511111111111112,1,1,1
210,2.0992999999523163,0.8288888888888889,1,-1,0
210,1.8695999999046329,0.6244444444444445,1,-1,1
210,1.882899999976158,0.8022222222222222,1,1,1
210,2.2388999999761583,0.5866666666666667,1,1,0
210,2.4305,0.37777777777777777,1,-1,1
210,3.584899999976158,0.4222222222222223,1,-1,0
210,1.9547999999523165,0.6711111111111111,1,1,0
210,2.276399999976158,0.5355555555555556,1,1,1
210,2.417399999976158,0.6644444444444444,1,-1,1
210,2.7155,0.7622222222222222,1,-1,0
210,2.254700000047684,0.4955555555555555,1,1,0
210,2.1037999999523165,0.7266666666666667,1,1,1
210,3.039899999976158,0.9155555555555556,1,-1,0
210,2.217399999976158,0.9155555555555556,1,-1,1
210,3.484,0.5066666666666666,1,-1,0
210,1.9366000000238421,0.6488888888888888,1,1,1
210,2.1581999999284744,0.7666666666666666,1,-1,1
210,2.876899999976158,0.8155555555555556,1,1,0
210,2.168,0.42666666666666664,1,-1,1
210,4.886699999928474,0.4044444444444445,1,-1,0
210,6.248100000023842,0.9555555555555556,1,1,0
210,3.1402000000476837,0.6822222222222223,1,-1,0
210,3.1967999999523165,0.7666666666666666,1,1,1
210,2.8982999999523162,0.8222222222222222,1,1,0
210,1.7354000000953673,0.5244444444444445,1,-1,1
210,1.7206000000238422,0.7622222222222222,1,1,0
210,1.8156999999284744,0.8088888888888889,1,-1,0
210,1.6887999999523164,0.7533333333333333,1,1,1
210,1.9483999999761579,0.8133333333333334,1,-1,1
210,2.301899999976158,0.5533333333333333,1,-1,0
210,1.8002999999523166,0.8,1,1,0
210,1.905,0.88,1,1,1
210,2.244200000047684,0.6288888888888888,1,1,1
210,1.6361000000238421,0.6799999999999999,1,1,0
210,2.8638999999761583,0.4,1,-1,0
210,2.215399999976158,0.5755555555555556,1,-1,1
210,1.7432000000476835,0.7711111111111111,1,1,0
210,2.731100000023842,0.40888888888888886,1,-1,1
210,2.6225,0.21777777777777776,1,1,1
210,3.933299999952316,0.40888888888888886,1,-1,0
210,2.1005,0.34444444444444444,1,1,0
210,1.900600000023842,0.6222222222222222,1,-1,1
210,2.1323999999761583,0.4177777777777778,1,-1,0
210,4.634799999952317,0.2444444444444445,1,1,1
210,2.3848000000715257,0.09999999999999998,1,1,1
210,2.645299999952316,0.36,1,-1,0
210,1.5854000000953674,0.9044444444444444,1,1,0
210,2.0407999999523163,0.6577777777777778,1,-1,1
210,2.242,0.44666666666666666,1,-1,0
210,4.847,0.6222222222222222,1,1,1
210,4.776100000023842,0.4155555555555556,0,1,0
210,2.255100000023842,0.6288888888888888,1,-1,1
210,1.800899999976158,0.7755555555555556,1,1,0
210,3.0255,0.3666666666666667,1,-1,1
210,2.4463999999761583,0.6666666666666667,1,1,1
210,3.5937999999523162,0.7511111111111111,1,-1,0
210,6.595399999976158,0.3533333333333334,1,1,1
210,2.4752000000476837,0.5311111111111111,1,-1,0
210,2.0737000000476837,0.6822222222222223,1,1,0
210,2.4583999999761583,0.8244444444444444,1,-1,1
177,5.7305,0.6092592592592593,1,-1,1
177,1.664199999988079,1,1,1,0
177,1.5327000000178814,1,1,1,1
177,3.943400000005961,0.7037037037037037,1,-1,0
177,3.8417000000178816,0.7074074074074075,1,-1,0
177,4.367200000017881,0.5203703703703704,1,-1,1
177,1.6742000000178814,0.8444444444444444,1,1,0
177,1.545,1,1,1,1
177,2.081300000011921,0.6314814814814815,1,1,0
177,2.6296000000238418,0.8018518518518518,1,-1,1
177,2.2890999999940393,0.7314814814814814,1,-1,0
177,4.64540000000596,0.4444444444444444,1,1,1
177,1.6539000000059605,1,1,1,0
177,1.9863000000119209,0.8611111111111112,1,-1,1
177,4.574800000011921,0.7574074074074074,1,-1,0
177,1.550300000011921,1,1,1,1
177,1.7347000000178814,1,1,1,1
177,2.666399999976158,0.587037037037037,1,-1,0
177,1.648199999988079,1,1,1,0
177,1.979300000011921,0.8018518518518518,1,-1,1
177,1.68,0.8277777777777777,1,1,1
177,2.073399999976158,0.5907407407407408,1,-1,0
177,1.762600000023842,0.9685185185185186,1,1,0
177,2.0513999999761583,0.5925925925925926,1,-1,1
177,1.7466000000238422,0.7351851851851852,1,1,1
177,1.6585999999940395,0.7351851851851852,1,-1,1
177,1.8787000000178815,0.512962962962963,1,-1,0
177,1.5202000000178815,1,1,1,0
177,2.0947999999821185,0.7740740740740741,1,-1,1
177,1.506,0.65,1,1,1
177,1.5835999999940396,1,1,1,0
177,1.810699999988079,0.6592592592592592,1,-1,0
177,5.906900000005961,0.5611111111111111,1,-1,0
177,1.9651999999880791,0.8518518518518519,1,1,1
177,3.935199999988079,0.6666666666666667,1,-1,1
177,1.655100000023842,1,1,1,0
177,1.633699999988079,0.75,1,1,0
177,3.2049000000059604,0.6759259259259259,1,-1,1
177,1.729,1,1,1,1
177,3.911,0.5981481481481481,1,-1,0
177,2.3845,0.38148148148148153,1,1,0
177,4.43690000000596,0.337037037037037,1,1,1
177,3.062199999988079,0.5518518518518518,1,-1,0
177,3.1660999999940396,0.475925925925926,1,-1,1
177,1.7067999999821186,0.8055555555555556,1,1,1
177,1.878899999976158,0.5518518518518518,1,-1,1
177,2.0465,0.8148148148148149,1,1,0
177,3.8627999999821188,0.6166666666666667,1,-1,0
177,2.8210999999940394,0.7555555555555555,1,-1,0
177,1.606699999988079,1,1,1,0
177,2.1072000000178814,0.6944444444444444,1,-1,1
177,1.9165999999940395,0.7018518518518518,1,1,1
177,1.6705999999940395,0.8462962962962963,1,-1,1
177,1.7050999999940395,0.8833333333333333,1,1,0
177,2.2130999999940397,0.787037037037037,1,-1,0
177,1.7205999999940396,1,1,1,1
177,1.9287000000178816,0.7611111111111111,1,-1,0
177,1.931,0.837037037037037,1,1,0
177,1.5239000000059604,1,1,1,1
177,1.5444000000059606,0.8907407407407407,1,-1,1
177,1.7652999999821186,0.7740740740740741,1,-1,1
177,1.8519000000059604,0.6462962962962964,1,1,1
177,1.7999000000059604,0.8222222222222222,1,-1,0
177,1.5730999999940396,1,1,1,0
130,4.826100000023842,0.6111111111111112,1,-1,1
130,4.329,0.8533333333333333,1,-1,0
130,3.263100000023842,0.8511111111111112,1,1,1
130,5.9685,0.2444444444444445,1,1,0
130,3.7413999999761582,0.3355555555555556,1,1,1
130,2.762299999952316,0.9266666666666666,1,-1,0
130,3.216600000023842,0.9488888888888888,1,-1,1
130,5.0703000000715255,0.33999999999999997,0,1,0
130,2.4845,0.8444444444444444,1,1,1
130,3.4088000000715257,0.7755555555555556,1,-1,0
130,2.605100000023842,0.488888888888889,1,-1,1
130,3.6723999999761583,0.8444444444444444,1,-1,1
130,2.6082000000476837,1,1,-1,0
130,3.6056999999284742,0.4822222222222222,0,1,0
130,2.758399999976158,0.4866666666666667,1,1,1
130,2.0461999999284743,0.9444444444444444,1,-1,0
130,1.996,0.6466666666666667,1,1,1
130,1.9674000000953673,0.5733333333333333,1,1,0
130,2.0418000000715257,0.8622222222222222,1,-1,1
130,3.566399999976158,0.5444444444444445,1,1,1
130,1.7791000000238422,0.8777777777777778,1,-1,0
130,1.8382000000476835,1,1,-1,1
130,4.3456000000238415,0.4666666666666667,1,1,0
130,2.4003000000715256,0.6244444444444445,1,1,1
130,1.8442999999523164,0.9666666666666668,1,-1,1
130,6.0185,0.1844444444444444,1,1,0
130,2.463299999952316,0.9555555555555556,1,-1,0
130,3.3292999999523163,0.6066666666666667,1,1,1
130,2.9947000000476836,0.7888888888888889,0,1,0
130,1.831100000023842,1,1,-1,0
130,3.149299999952316,1,1,-1,1
130,2.7835,1,1,-1,0
130,2.0568999999761584,0.7666666666666666,1,1,1
130,1.736399999976158,0.8711111111111112,1,-1,1
130,2.0865,0.8355555555555556,1,1,0
130,2.3885,0.6044444444444445,1,1,0
130,1.6617999999523165,0.8133333333333334,1,1,1
130,2.873600000023842,0.8266666666666667,1,-1,1
130,1.743,1,1,-1,0
130,3.738100000023842,0.4,1,-1,0
130,1.7266000000238422,0.8133333333333334,1,1,0
130,1.8142000000476834,0.9044444444444444,1,1,1
130,3.1202000000476837,0.6377777777777778,1,-1,1
130,3.3873000000715257,0.5866666666666667,1,-1,0
130,2.016600000023842,0.8888888888888888,1,1,0
130,2.6855,0.7777777777777778,1,1,1
130,5.625,0.43999999999999995,1,-1,1
130,4.139100000023842,0.3733333333333333,0,-1,1
130,1.687899999976158,0.6733333333333333,1,1,1
130,3.252200000047684,0.4577777777777778,1,1,0
130,2.172099999904633,0.9177777777777778,1,-1,0
130,1.7243000000715256,0.8355555555555556,1,1,1
130,3.594200000047684,0.7222222222222222,1,-1,0
130,3.352400000095367,0.6644444444444444,1,1,0
130,3.039,0.7333333333333334,1,-1,1
130,3.076599999904633,0.9822222222222222,1,-1,0
130,4.288200000047683,0.5622222222222222,1,1,0
130,2.0062999999523163,0.768888888888889,1,1,1
130,1.7279000000953675,1,1,-1,1
130,2.988399999976158,0.9511111111111112,1,1,1
130,4.567,0.7733333333333333,1,1,0
130,2.2622000000476836,0.9266666666666666,1,-1,1
130,3.147399999976158,1,1,-1,0
137,3.2557000000476837,0.8819444444444444,1,-1,0
137,1.976,0.8773148148148148,1,1,1
137,2.1163999999761582,1,1,1,0
137,2.0423000000715255,0.9814814814814816,1,-1,1
137,3.0175,0.8981481481481481,1,-1,1
137,1.8547000000476834,0.8449074074074074,1,-1,0
137,3.603099999904633,0.9074074074074074,1,1,1
137,1.7128000000715256,0.988425925925926,1,1,0
137,2.525,0.7986111111111112,1,-1,0
137,1.983,0.7824074074074074,1,-1,1
137,1.916,0.912037037037037,1,1,0
137,3.6902999999523156,0.7662037037037037,1,1,1
137,1.9254000000953673,0.962962962962963,1,-1,0
137,1.705399999976158,1,1,1,1
137,1.8135,1,1,1,0
137,2.3638000000715254,0.8217592592592593,1,-1,1
137,2.223200000047684,0.8518518518518519,1,1,1
137,1.5592999999523165,0.9444444444444444,1,-1,0
137,1.854899999976158,1,1,-1,1
137,2.4866999999284745,0.8865740740740741,1,1,0
137,1.8351999999284745,0.9537037037037036,1,-1,1
137,2.0691999999284745,0.8703703703703703,1,1,1
137,2.497,0.925925925925926,1,1,0
137,3.548100000023842,0.8611111111111112,1,-1,0
137,2.7337999999523164,0.914351851851852,1,-1,1
137,2.5447999999523163,0.8703703703703703,1,-1,0
137,2.496399999976158,0.900462962962963,1,1,1
137,1.9114000000953673,0.8912037037037037,1,1,0
137,3.4777000000476836,0.5185185185185186,1,1,0
137,1.8918999999761579,0.75,1,-1,0
137,2.088,0.7962962962962963,1,1,1
137,2.1603999999761583,0.7199074074074074,1,-1,1
137,2.853100000023842,0.6273148148148149,0,-1,0
137,2.933399999976158,0.5277777777777778,0,-1,1
137,2.5592999999523163,0.5300925925925926,1,1,1
137,2.301,0.6226851851851851,1,1,0
137,1.6746000000238421,0.7222222222222222,1,1,1
137,1.608,0.6736111111111112,1,1,0
137,2.8697000000476836,0.5092592592592593,0,-1,1
137,2.8223000000715257,0.5925925925925926,1,-1,0
137,2.7745,0.6666666666666667,0,1,1
137,3.4541000000238418,0.6226851851851851,1,1,0
137,5.567299999952317,0.6319444444444444,1,-1,0
137,2.3358000000715258,0.5648148148148149,1,-1,1
137,2.9457000000476836,0.46064814814814814,0,1,1
137,2.182799999952316,0.5648148148148149,1,1,0
137,2.0877000000476835,0.6689814814814814,1,-1,1
137,2.029100000023842,0.4722222222222222,0,-1,0
137,3.396799999952316,0.712962962962963,1,1,0
137,1.8737000000476836,0.7037037037037037,1,-1,1
137,3.093100000023842,0.4513888888888888,0,1,1
137,2.0857999999523162,0.7314814814814814,1,-1,0
137,2.7475,0.875,1,-1,1
137,2.4742999999523163,0.7708333333333334,1,-1,0
137,3.481899999976158,0.4907407407407407,1,1,1
137,3.3565,0.7337962962962963,0,1,0
137,3.183099999904633,0.5740740740740741,1,-1,0
137,3.2951999999284745,0.662037037037037,0,1,1
137,4.009399999976158,0.5,0,1,0
137,2.3257999999523165,0.6273148148148149,1,-1,1
137,3.432399999976158,0.7962962962962963,1,-1,0
137,2.441600000023842,0.7222222222222222,1,1,1
137,3.902799999952316,0.5,0,1,0
137,2.3975,0.6342592592592593,1,-1,1
9,3.125299999952316,0.6458333333333333,1,-1,0
9,2.7015,0.5027777777777778,1,1,1
9,2.5725,0.7,1,-1,1
9,2.2066000000238417,0.9194444444444444,1,1,0
9,3.364899999976158,0.4902777777777778,1,-1,0
9,2.195100000023842,0.8541666666666666,1,1,1
9,2.143100000023842,0.5180555555555555,1,-1,1
9,2.273,0.8444444444444444,1,1,0
9,2.106,0.8527777777777777,1,1,0
9,3.146899999976158,0.5055555555555555,1,-1,0
9,2.024,0.8152777777777778,1,1,1
9,2.4242999999523165,0.8388888888888889,1,-1,1
9,2.0162000000476836,0.8013888888888889,1,1,1
9,3.0277999999523164,0.5375,1,1,0
9,2.687899999976158,0.3888888888888888,1,-1,1
9,2.531900000095367,0.5569444444444445,1,-1,0
9,2.325899999976158,0.8013888888888889,1,1,1
9,2.6208000000715255,0.39861111111111114,1,-1,1
9,2.123599999904633,0.8041666666666667,1,1,0
9,2.5206000000238418,0.7138888888888889,1,-1,0
9,2.441899999976158,0.5111111111111111,1,1,0
9,3.383299999952316,0.3680555555555556,1,-1,0
9,3.96,0.37083333333333335,0,-1,1
9,2.2801999999284743,0.7416666666666667,1,1,1
9,3.5608000000715254,0.3305555555555556,1,-1,1
9,2.536700000047684,0.8222222222222222,1,1,0
9,1.9885,0.9180555555555556,1,1,1
9,2.9158999999761583,0.5569444444444445,1,-1,0
9,2.8865,0.6513888888888889,1,-1,0
9,2.456599999904633,0.4458333333333333,1,1,0
9,2.7063000000715256,0.8722222222222222,1,1,1
9,3.044700000047684,0.7111111111111111,1,-1,1
9,2.948400000095367,0.8194444444444444,1,-1,0
9,2.1566999999284744,0.7180555555555556,1,1,1
9,2.2752999999523165,0.7680555555555555,1,-1,1
9,3.6167000000476843,0.44027777777777777,1,1,0
9,2.368899999976158,0.7166666666666667,1,-1,1
9,2.4626999999284744,0.7152777777777778,1,1,1
9,2.6075,0.7833333333333333,1,-1,0
9,4.330300000071525,0.25277777777777777,1,1,0
9,2.5618000000715258,0.7625,1,1,0
9,3.5273999999761583,0.6958333333333333,1,-1,0
9,1.907,0.9041666666666668,1,1,1
9,5.0226999999284745,0.5013888888888889,1,-1,1
9,1.8923999999761578,0.9194444444444444,1,1,1
9,2.062400000095367,0.8291666666666666,1,1,0
9,3.1157999999523165,0.7222222222222222,1,-1,1
9,3.450200000047684,0.8027777777777778,1,-1,0
9,2.7086999999284744,0.5166666666666666,1,1,0
9,2.518600000023842,0.7708333333333334,1,-1,0
9,3.7077999999523157,0.44027777777777777,1,-1,1
9,1.8785,0.8861111111111111,1,1,1
9,3.080899999976158,0.6916666666666667,1,-1,0
9,3.295399999976158,0.7833333333333333,1,-1,1
9,1.8939000000953672,0.8875,1,1,1
9,1.911,1,1,1,0
9,2.015,0.8694444444444445,1,1,1
9,2.5558000000715255,0.8333333333333334,1,-1,1
9,1.8687999999523166,0.8736111111111111,1,1,0
9,3.052100000023842,0.6666666666666667,1,-1,0
9,1.9882000000476834,0.7944444444444445,1,1,0
9,1.7527999999523165,0.9722222222222222,1,1,1
9,2.6391999999284743,0.6777777777777778,1,-1,1
9,4.084899999976158,0.7083333333333333,1,-1,0
202,2.315100000023842,0.8574074074074074,1,1,1
202,3.9413000000715255,0.4703703703703703,1,1,0
202,3.259900000095367,0.912962962962963,1,-1,0
202,2.609100000023842,0.7259259259259259,1,-1,1
202,2.263399999976158,0.8037037037037037,1,1,0
202,2.2162999999523163,0.837037037037037,1,1,1
202,2.798100000023842,0.7592592592592593,1,-1,1
202,3.2572999999523162,0.6537037037037037,1,-1,0
202,2.732899999976158,0.8833333333333333,1,1,1
202,2.8933000000715254,0.6703703703703704,1,-1,0
202,2.7185,0.5703703703703704,1,-1,1
202,1.8418999999761578,0.8074074074074074,1,1,0
202,2.7205,0.6481481481481481,1,-1,1
202,4.109,0.7888888888888889,1,1,0
202,2.527,0.5259259259259259,1,1,1
202,2.6017999999523163,0.4703703703703703,1,-1,0
202,2.9102000000476838,0.6759259259259259,1,-1,1
202,2.1497999999523163,0.6425925925925926,1,1,0
202,2.506,0.5629629629629629,1,-1,0
202,2.3697000000476836,0.46851851851851856,1,1,1
202,3.295,0.37222222222222223,1,1,0
202,2.233,0.6129629629629629,1,-1,0
202,2.451899999976158,0.8,1,-1,1
202,1.835,0.8759259259259259,1,1,1
202,2.1321000000238417,0.6444444444444444,1,-1,0
202,1.776,0.6296296296296297,1,1,1
202,2.156899999976158,0.6685185185185185,1,1,0
202,2.5402000000476836,0.737037037037037,1,-1,1
202,2.641399999976158,0.8111111111111111,1,-1,0
202,3.046899999976158,0.5629629629629629,1,-1,1
202,2.242399999976158,0.7462962962962962,1,1,0
202,1.8477000000476835,0.8148148148148149,1,1,1
202,2.256100000023842,0.6907407407407408,1,1,1
202,2.380100000023842,0.8166666666666667,1,1,0
202,2.0422999999523164,0.9074074074074074,1,-1,0
202,2.186399999976158,0.7759259259259259,1,-1,1
202,1.7008999999761578,0.8685185185185185,1,1,1
202,3.523600000023842,0.7537037037037038,1,-1,0
202,2.280600000023842,0.6277777777777778,1,-1,1
202,2.165100000023842,0.6925925925925926,1,1,0
202,1.762399999976158,0.8222222222222222,1,1,0
202,1.8835,0.8870370370370371,1,1,1
202,2.3085,0.8462962962962963,1,-1,0
202,2.5532999999523165,0.8648148148148148,1,-1,1
202,2.9622999999523163,0.8703703703703703,1,-1,1
202,2.4067999999523164,0.8537037037037037,1,-1,0
202,1.822100000023842,0.8,1,1,0
202,1.703399999976158,0.837037037037037,1,1,1
202,1.756399999976158,0.8703703703703703,1,1,1
202,2.2212000000476837,0.8222222222222222,1,-1,1
202,2.028899999976158,0.7851851851851852,1,-1,0
202,1.8091000000238422,0.8851851851851852,1,1,0
202,1.6925,0.9481481481481482,1,1,0
202,2.5175,0.8296296296296296,1,-1,0
202,1.9470999999046328,0.7796296296296297,1,-1,1
202,1.6717999999523165,0.8851851851851852,1,1,1
202,2.0034000000953673,0.8240740740740741,1,-1,0
202,2.1767999999523164,0.7592592592592593,1,-1,1
202,1.653600000023842,0.8851851851851852,1,1,1
202,1.703399999976158,1,1,1,0
202,1.7913999999761578,0.9333333333333332,1,1,1
202,2.3821999999284746,0.812962962962963,1,-1,0
202,1.983399999976158,0.7796296296296297,1,-1,1
202,2.1972000000476837,0.8777777777777778,1,1,0
187,3.036,0.8688888888888888,1,-1,1
187,6.658,0.508888888888889,1,1,0
187,3.86,1,1,-1,0
187,2.496,1,1,1,1
187,2.586,1,1,1,0
187,3.016,1,1,-1,1
187,2.066,1,1,1,1
187,2.345,1,1,-1,0
187,3.525,0.9177777777777778,1,1,1
187,2.105,1,1,1,0
187,1.805,1,1,-1,0
187,2.989,0.9933333333333332,1,-1,1
187,1.986,1,1,1,0
187,2.27,1,1,-1,0
187,2.403,1,1,-1,1
187,1.921,1,1,1,1
187,2.096,1,1,-1,0
187,3.718,0.7,1,-1,1
187,2.087,1,1,1,0
187,1.75,1,1,1,1
187,2.529,0.9022222222222224,1,-1,1
187,2.287,1,1,-1,0
187,1.879,1,1,1,0
187,1.819,1,1,1,1
187,2.065,1,1,1,1
187,2.244,0.9222222222222224,1,1,0
187,5.06,0.9044444444444444,1,-1,0
187,2.442,0.8711111111111112,1,-1,1
187,1.984,0.7933333333333333,1,1,0
187,2.529,1,1,1,1
187,2.776,0.8311111111111111,1,-1,0
187,3.764,1,1,-1,1
187,3.766,0.8355555555555556,1,-1,0
187,1.936,1,1,1,1
187,1.695,1,1,1,0
187,1.734,0.6288888888888888,1,-1,1
187,5.312,0.9,1,-1,0
187,3.317,1,1,1,1
187,1.843,1,1,1,0
187,3.288,1,1,-1,1
187,4.851,1,1,-1,0
187,1.881,1,1,1,1
187,1.776,1,1,1,0
187,3.577,0.8266666666666667,1,-1,1
187,2.145,0.9022222222222224,1,1,1
187,2.682,1,1,-1,0
187,1.804,1,1,1,0
187,5.499,0.8688888888888888,1,-1,1
187,2.205,0.7955555555555556,1,1,0
187,3.3,0.8311111111111111,1,-1,1
187,3.694,0.9,1,-1,0
187,4.923,0.7133333333333334,1,-1,1
187,2.363,1,1,1,1
187,1.615,1,1,1,0
187,2.299,1,1,1,0
187,1.58,1,1,1,1
187,5.309,0.8622222222222222,1,-1,1
187,4.15,0.8444444444444444,1,-1,0
187,3.595,1,1,-1,1
187,1.881,1,1,1,0
187,1.6,1,1,1,1
187,2.513,1,1,-1,0
196,1.926800000011921,0.7384259259259259,1,1,0
196,1.7705999999642372,0.8009259259259259,1,1,1
196,2.252300000011921,0.3935185185185185,1,-1,0
196,3.107800000011921,0.20138888888888884,1,-1,1
196,2.233599999964237,0.11805555555555558,1,-1,1
196,2.3915,0.1782407407407407,1,-1,0
196,3.077699999988079,0.40740740740740744,1,1,1
196,3.099300000011921,0.2245370370370371,1,1,0
196,2.0795,0.09259259259259256,1,-1,1
196,1.8125,0.22916666666666663,1,1,0
196,1.9615,0.7152777777777778,1,1,1
196,1.929,0.16666666666666663,1,-1,0
196,1.8963999999761578,0.2152777777777778,1,-1,0
196,2.4300999999642374,0.12037037037037036,1,-1,1
196,4.429,0.2685185185185185,1,1,0
196,1.907,0.5694444444444444,1,1,1
196,2.1456000000238418,0.1944444444444444,1,-1,1
196,1.9925999999642372,0.41435185185185186,1,1,0
196,1.9491999999880791,0.21759259259259256,1,-1,0
196,5.046100000023842,0.29861111111111116,1,1,1
196,1.842699999988079,0.5717592592592593,1,-1,0
196,1.8256000000238422,0.46064814814814814,1,-1,1
196,1.7270999999642371,0.3402777777777778,1,1,1
196,4.9401000000238415,0.16666666666666663,1,1,0
196,1.754600000023842,0.09259259259259256,1,1,1
196,2.1585,0.2407407407407407,1,-1,0
196,2.155199999988079,0.3912037037037037,1,-1,1
196,3.083300000011921,0.2939814814814815,1,1,1
196,1.773800000011921,0.4120370370370371,1,-1,0
196,1.8039000000357628,0.5509259259259259,1,-1,1
196,6.6165999999642375,0.19212962962962965,1,1,0
196,3.295099999964237,0.4930555555555556,1,-1,0
196,2.5905999999642373,0.3310185185185185,1,1,1
196,3.108899999976158,0.4398148148148148,1,1,0
196,1.869699999988079,0.7291666666666667,1,-1,1
196,1.9363999999761579,0.6180555555555556,1,1,1
196,1.750699999988079,0.2685185185185185,1,-1,0
196,3.085699999988079,0.17361111111111116,1,1,0
196,2.0186999999880793,0.15740740740740744,1,-1,1
196,2.7105,0.2222222222222222,1,-1,1
196,1.8878999999761579,0.5717592592592593,1,1,0
196,3.7273000000119207,0.6296296296296297,1,1,1
196,2.150300000011921,0.6458333333333333,1,-1,0
196,2.187,0.5509259259259259,1,1,1
196,2.6835,0.6388888888888888,1,1,0
196,2.191199999988079,0.5833333333333333,1,-1,0
196,2.0146999999880792,0.5925925925925926,1,-1,1
196,1.679100000023842,0.6388888888888888,1,1,0
196,2.1498999999761583,0.5810185185185186,1,-1,0
196,2.1855,0.6643518518518519,1,-1,1
196,2.1745,0.587962962962963,1,1,0
196,1.8031000000238422,0.5162037037037037,1,-1,0
196,2.152600000023842,0.7407407407407407,1,-1,1
196,4.677099999964237,0.3611111111111112,1,1,1
196,1.8620999999642371,0.3611111111111112,1,-1,0
196,6.537600000023842,0.712962962962963,1,-1,1
196,2.462800000011921,0.3796296296296297,1,1,0
196,2.003399999976158,0.4027777777777778,1,1,1
196,1.7105,0.6574074074074074,1,1,0
196,1.6735,0.7685185185185185,1,1,1
196,1.8960999999642372,0.6898148148148149,1,-1,0
196,1.8733000000119209,0.6851851851851851,1,-1,1
154,2.3094000000003727,0.9807864164698858,1,-1,0
154,2.949800000000745,1,1,-1,1
154,1.9915999999996277,1,1,1,1
154,2.1797999999988824,1,1,1,0
154,2.549800000000745,1,1,1,0
154,2.488,1,1,-1,1
154,2.116300000000745,1,1,1,1
154,2.646699999999255,1,1,-1,0
154,2.981800000000745,1,1,-1,0
154,1.9904000000003723,1,1,1,1
154,2.421,1,1,1,0
154,2.6105999999996277,1,1,-1,1
154,3.48910000000149,1,1,-1,1
154,2.6343000000007453,1,1,-1,0
154,3.3335,1,1,1,1
154,4.0605,1,1,1,0
154,2.123299999998882,1,1,1,1
154,2.3744000000003727,1,1,-1,0
154,2.8399000000003727,1,1,-1,1
154,2.2675999999996277,1,1,1,0
154,2.702,1,1,-1,0
154,3.3356000000014903,1,1,1,1
154,2.8619000000003725,1,1,1,0
154,2.7529000000003725,1,1,-1,1
154,2.1235,1,1,1,0
154,2.654,1,1,-1,1
154,2.2839000000003726,1,1,1,1
154,4.461900000000372,1,1,-1,0
154,2.811,1,1,-1,0
154,4.952199999999255,1,1,1,1
154,6.285300000000745,0.5598748883197519,0,1,0
154,2.829300000000745,1,1,-1,1
154,3.624900000000373,1,1,-1,1
154,4.1,1,1,-1,0
154,1.9954000000003722,1,0,1,0
154,2.4115,1,1,1,1
154,1.8245999999996276,1,1,1,0
154,3.781099999999627,1,1,-1,1
154,2.1980999999996276,1,1,1,1
154,2.362,1,1,-1,0
154,2.5942000000011176,1,1,-1,1
154,2.739199999999255,1,1,1,1
154,1.8645999999996277,1,1,1,0
154,2.2067999999988825,1,1,-1,0
154,2.519199999999255,1,1,-1,0
154,3.578800000000745,1,1,1,0
154,3.0177000000011174,1,1,-1,1
154,2.21039999999851,1,1,1,1
154,2.453199999999255,1,1,1,1
154,2.1445999999996275,1,1,-1,1
154,1.8427999999988824,1,1,1,0
154,2.2809000000003725,1,1,-1,0
154,2.5175,1,1,-1,0
154,1.881,0.533065236845221,1,1,0
154,3.3975,0.9995531725020574,1,1,1
154,2.2360999999996274,0.9968722073546044,1,-1,1
154,2.1195999999996276,0.9995531725020574,1,1,1
154,2.213199999999255,1,1,-1,0
154,2.1205999999996274,1,1,1,0
154,1.9945999999996278,1,1,-1,1
154,1.991800000000745,1,1,-1,0
154,2.0536000000014902,1,1,1,1
154,1.9098000000007451,1,1,-1,1
154,1.8433000000007451,1,1,1,0
71,1.92,1,1,1,0
71,2.828,1,1,-1,1
71,2.892,1,1,-1,0
71,1.831,1,1,1,1
71,2.753,1,1,-1,0
71,2.152,1,1,1,1
71,2.253,1,1,-1,1
71,1.957,1,1,1,0
71,2.813,1,1,-1,0
71,2.784,0.7555555555555555,1,1,0
71,2.377,1,1,-1,1
71,1.89,0.9944444444444444,1,1,1
71,1.939,0.9694444444444444,1,1,1
71,2.58,1,1,-1,0
71,2.743,1,1,-1,1
71,2.01,0.9861111111111112,1,1,0
71,2.083,1,1,1,0
71,2.985,1,1,-1,1
71,3.462,1,1,1,1
71,2.994,1,1,-1,0
71,3.038,1,1,-1,1
71,2.595,1,1,-1,0
71,1.881,1,1,1,1
71,2.091,1,1,1,0
71,3.023,1,1,-1,1
71,2.115,1,1,1,1
71,2.013,1,1,1,0
71,3.306,1,1,-1,0
71,2.222,1,1,1,1
71,3.029,1,1,-1,0
71,2.576,1,1,1,0
71,5.469,1,1,-1,1
71,5.004,1,1,-1,0
71,1.923,0.9972222222222222,1,1,0
71,4.113,1,1,-1,1
71,1.763,1,1,1,1
71,4.877,1,1,-1,1
71,3.256,1,1,1,0
71,1.737,1,1,1,1
71,5.159,1,1,-1,0
71,4.951,0.9861111111111112,0,1,0
71,2.077,1,1,1,1
71,4.179,1,1,-1,0
71,5.96,1,1,-1,1
71,4.601,1,1,-1,0
71,1.786,1,1,1,0
71,4.951,1,1,-1,1
71,1.484,0,0,1,1
71,1.636,1,1,1,1
71,4.992,1,1,-1,0
71,1.701,1,1,1,0
71,4.214,1,1,-1,1
71,5.778,1,1,-1,0
71,1.644,1,1,1,1
71,1.646,1,1,1,0
71,3.391,1,1,-1,1
71,1.568,0,0,1,0
71,1.75,1,0,-1,1
71,1.765,1,0,-1,0
71,1.733,1,1,1,1
71,1.693,1,1,1,0
71,6.566,0,1,-1,1
71,1.492,1,0,-1,0
71,1.685,1,1,1,1
179,2.456800000011921,1,0,-1,0
179,3.740099999964237,0.421875,1,1,0
179,2.775,0.5833333333333333,1,-1,1
179,2.607,0.0546875,1,1,1
179,4.0285,0,0,1,1
179,3.124299999952316,0.921875,1,-1,0
179,4.4966999999880795,0.9401041666666666,1,-1,1
179,4.682899999976158,0.5598958333333333,1,1,0
179,4.1456999999880795,0,0,1,0
179,2.5936000000238417,0.9375,1,-1,0
179,2.8476000000238417,0.359375,1,1,1
179,2.1434000000357627,0.38020833333333337,1,-1,1
179,1.9244000000357628,1,1,1,0
179,4.899699999988079,0.12239583333333336,1,-1,1
179,4.1828000000119205,0,0,-1,0
179,1.5481999999880791,1,1,1,1
179,2.251400000035763,0.4609375,1,1,0
179,3.730699999988079,1,1,-1,0
179,1.9179000000357629,0.44010416666666663,0,-1,1
179,1.740699999988079,1,1,1,1
179,1.7865999999642372,1,1,1,1
179,4.014400000035763,0.04947916666666663,1,-1,1
179,2.2738000000119207,1,1,1,0
179,2.711900000035763,1,1,-1,0
179,5.998299999952316,0.47135416666666663,0,-1,0
179,1.5591000000238422,0.9739583333333334,1,1,1
179,1.972100000023842,0.09895833333333336,0,1,0
179,2.264899999976158,0.9739583333333334,1,-1,1
179,3.606,0.41145833333333337,1,-1,0
179,2.809199999988079,1,0,-1,1
179,1.632199999988079,0.578125,1,1,0
179,1.828699999988079,0.9921875,1,1,1
179,1.7816000000238421,0.7135416666666667,1,1,1
179,3.3942999999523162,0.8046875,1,-1,0
179,3.364199999988079,0.9088541666666666,1,1,0
179,2.437099999964237,1,1,-1,1
179,4.811,0.8515625,1,-1,1
179,1.787800000011921,1,1,1,1
179,3.679900000035763,0.65625,1,1,0
179,1.8676000000238422,1,1,-1,0
179,6.4435,0.4921875,1,-1,1
179,2.547899999976158,0.7526041666666666,1,1,0
179,1.704199999988079,1,1,1,1
179,1.695899999976158,1,1,-1,0
179,2.059199999988079,1,1,1,0
179,2.7947999999523163,0.9479166666666666,1,-1,1
179,2.149299999952316,0.5286458333333333,0,-1,0
179,1.5961999999880792,1,1,1,1
179,1.6150999999642373,0.9192708333333334,1,1,1
179,1.6585999999642371,0.7369791666666667,1,1,0
179,2.057400000035763,1,1,-1,1
179,1.5935999999642372,1,1,-1,0
179,2.289199999988079,1,1,-1,0
179,1.916899999976158,0.8046875,1,1,0
179,1.739800000011921,0.84375,0,-1,1
179,1.756100000023842,0.875,1,1,1
179,1.8176000000238421,0.7317708333333333,0,1,0
179,1.800399999976158,0.9453125,0,-1,1
179,1.6115,1,1,-1,0
179,1.8041999999880791,0.9375,1,1,1
179,2.1183000000119208,1,1,-1,0
179,2.129300000011921,0.9869791666666666,0,1,0
179,1.5365,1,1,1,1
179,1.686,1,1,-1,1
48,3.631100000023842,0.7277777777777779,1,-1,0
48,2.941100000023842,0.7648148148148148,1,1,1
48,2.3358999999761583,0.7833333333333333,1,1,0
48,4.686400000035762,0.587037037037037,1,-1,1
48,3.1965,0.7055555555555555,1,-1,1
48,2.503600000023842,0.8,1,1,1
48,2.693600000023842,0.762962962962963,1,-1,0
48,4.859399999976159,0.3703703703703703,1,1,0
48,3.189600000023842,0.1611111111111111,1,1,1
48,2.295699999988079,0.8166666666666667,1,-1,0
48,2.082800000011921,0.7222222222222222,1,1,0
48,2.511600000023842,0.3759259259259259,1,-1,1
48,3.0935,0.8055555555555556,1,1,0
48,1.9925,0.8518518518518519,1,-1,1
48,2.387300000011921,0.5203703703703704,1,-1,0
48,2.368,0.6944444444444444,1,1,1
48,2.4223999999761583,0.6722222222222223,1,-1,1
48,1.6405,0.8185185185185185,1,1,0
48,2.215900000035763,0.6703703703703704,1,1,1
48,2.816200000047684,0.9388888888888888,1,-1,0
48,2.336099999964237,0.7944444444444445,1,1,1
48,1.8145,0.8407407407407408,1,-1,1
48,2.962899999976158,0.8240740740740741,1,1,0
48,3.233,0.8685185185185185,1,-1,0
48,1.887199999988079,1,1,-1,0
48,2.2287999999523165,0.8388888888888889,1,1,1
48,6.546800000011921,0.7666666666666666,0,1,0
48,2.170800000011921,0.8296296296296296,1,-1,1
48,2.126400000035763,0.712962962962963,1,-1,1
48,5.5525,0,1,1,0
48,3.321,0.3037037037037037,0,1,1
48,2.6530999999642373,0.737037037037037,1,-1,0
48,4.177800000011921,0.19074074074074077,1,-1,1
48,2.2900999999642373,1,1,1,0
48,1.987399999976158,0.9592592592592591,1,1,1
48,1.725699999988079,0.8777777777777778,1,1,1
48,2.4245,0.5555555555555556,1,-1,1
48,4.476800000011921,0.2592592592592593,1,-1,0
48,2.079199999988079,0.85,1,1,0
48,2.766100000023842,0.4185185185185185,1,-1,0
48,3.0656000000238417,0.35185185185185186,1,-1,1
48,1.7588000000119208,0.8555555555555556,1,1,0
48,2.783699999988079,0.7907407407407407,1,1,1
48,2.9599000000357627,0.937037037037037,1,1,0
48,1.705899999976158,0.8796296296296297,1,1,1
48,2.0793999999761583,0.5518518518518518,1,-1,0
48,2.5960999999642373,0.7259259259259259,1,-1,1
48,1.7810999999642372,0.8296296296296296,1,1,0
48,1.551,0.7314814814814814,1,1,1
48,2.3803000000119208,0.39629629629629626,1,-1,0
48,3.5345,0.3111111111111111,1,-1,1
48,2.090900000035763,0.7962962962962963,1,1,1
48,1.738199999988079,0.18333333333333335,0,-1,1
48,2.560699999988079,0.37777777777777777,1,-1,0
48,1.5795,0.575925925925926,1,1,0
48,2.156199999988079,0.062962962962963,1,1,0
48,2.023300000011921,0.7462962962962962,1,-1,1
48,2.681800000011921,0.32592592592592595,1,-1,0
48,3.149800000011921,0.37777777777777777,0,1,1
48,1.984699999988079,0.22037037037037033,1,-1,1
48,1.7485,0.6870370370370371,1,1,0
48,2.056600000023842,0.26296296296296295,1,-1,0
48,2.291699999988079,0.6907407407407408,1,1,1
120,1.717100000023842,0.7731481481481481,1,1,1
120,2.0308000000715256,0.5486111111111112,1,-1,1
120,1.6815,0.7337962962962963,1,-1,0
120,1.5914000000953674,0.8425925925925926,1,1,0
120,1.5623000000715255,0.8935185185185185,1,1,1
120,1.7371999999284744,0.4976851851851852,1,1,0
120,2.5557000000476835,0.29861111111111116,1,-1,0
120,2.496100000023842,0.4837962962962963,1,-1,1
120,2.3663999999761582,0.3125,0,-1,1
120,1.4046999999284744,0.8009259259259259,1,1,1
120,2.2258000000715255,0.28935185185185186,1,-1,0
120,1.8707000000476834,0.7847222222222222,1,1,0
120,1.9346999999284744,0.3611111111111112,1,-1,0
120,1.7725,0.8356481481481481,1,1,1
120,1.892,0.7291666666666667,1,1,0
120,2.339399999976158,0.4097222222222222,1,-1,1
120,3.0735,0.32638888888888884,1,-1,1
120,2.2655,0.3657407407407407,1,-1,0
120,1.8548000000715257,0.7731481481481481,1,1,1
120,2.154799999952316,0.7222222222222222,1,1,0
120,1.8698999999761579,0.8726851851851851,1,1,0
120,2.038,0.3587962962962963,1,-1,0
120,1.958099999904633,0.7847222222222222,1,1,1
120,2.0792999999523163,0.3657407407407407,1,-1,1
120,2.4461999999284743,0.5972222222222222,1,1,0
120,2.098600000023842,0.24768518518518523,1,-1,0
120,1.698,0.8425925925925926,1,1,1
120,1.8716999999284745,0.2847222222222222,1,-1,1
120,2.797,0.712962962962963,1,1,0
120,1.9977000000476834,0.30787037037037035,1,-1,1
120,1.8538000000715256,0.23611111111111116,1,-1,0
120,1.8196000000238421,0.8055555555555556,1,1,1
120,1.7498000000715255,0.7013888888888888,1,1,0
120,1.542100000023842,0.2662037037037037,1,-1,0
120,0.6925,0.25231481481481477,1,-1,1
120,1.4373000000715255,0.8194444444444444,1,1,1
120,1.9906000000238422,0.3402777777777778,1,-1,0
120,1.9012000000476834,0.837962962962963,1,1,1
120,1.701,0.8912037037037037,1,1,0
120,1.9105999999046328,0.2592592592592593,1,-1,1
120,1.8181999999284744,0.14120370370370372,1,-1,1
120,2.183,0.3287037037037037,1,-1,0
120,1.6872999999523166,0.7777777777777778,1,1,1
120,1.6574000000953675,0.6712962962962963,1,1,0
120,1.6975,0.8703703703703703,1,1,1
120,1.9627999999523165,0.3587962962962963,1,-1,1
120,1.943,0.2592592592592593,0,1,0
120,1.8392999999523165,0.6527777777777778,1,-1,0
120,2.6491999999284745,0.3842592592592593,1,-1,1
120,1.349,0.8425925925925926,1,1,0
120,1.5351000000238422,0.5949074074074074,1,1,1
120,1.4869000000953674,0.2939814814814815,1,-1,0
120,1.4868000000715256,0.5462962962962963,1,-1,0
120,1.373100000023842,0.7708333333333334,1,1,1
120,1.521,0.3611111111111112,1,-1,1
120,2.116600000023842,0.6805555555555556,1,1,0
120,2.2373999999761582,0.7662037037037037,1,1,1
120,2.1867000000476837,0.6597222222222222,1,1,0
120,1.7105,0.2314814814814815,1,-1,0
120,2.221899999976158,0.3310185185185185,1,-1,1
120,1.7146000000238422,0.7569444444444444,1,1,1
120,1.820100000023842,0.29861111111111116,1,-1,0
120,2.472100000023842,0.6597222222222222,1,-1,1
120,1.719399999976158,0.7569444444444444,1,1,0
32,2.7575,0.475925925925926,1,1,1
32,2.482900000095367,0.7611111111111111,1,-1,1
32,2.985400000095367,0.46111111111111114,1,1,0
32,1.9942999997138977,0.6055555555555556,1,-1,0
32,2.757,0.8,1,-1,0
32,3.173,0.3574074074074074,1,-1,1
32,1.8214000000953672,0.7333333333333334,1,1,1
32,3.3785,0.6166666666666667,0,1,0
32,1.9026000003814696,0.8092592592592592,1,1,0
32,1.9613000001907348,0.2685185185185185,0,1,1
32,1.703199999809265,0.33333333333333337,1,-1,1
32,3.6278999996185304,0.7574074074074074,1,-1,0
32,3.345099999904633,0.2759259259259259,1,-1,1
32,4.195800000190735,0.6759259259259259,1,1,0
32,1.830800000190735,0.8203703703703704,1,1,1
32,1.622,0.7166666666666667,1,-1,0
32,2.246900000095367,0.3648148148148148,1,-1,1
32,3.240300000190735,0.5722222222222222,0,1,1
32,3.8902999997138976,0.387037037037037,1,-1,0
32,2.085800000190735,0.7555555555555555,0,1,0
32,1.6717000002861022,1,1,1,1
32,1.8485,0.337037037037037,1,-1,1
32,5.801299999713898,0.8203703703703704,0,1,0
32,2.377099999904633,0.5907407407407408,1,-1,0
32,2.5421999998092653,0.2518518518518519,0,1,1
32,2.237400000095367,0.8796296296296297,1,-1,1
32,2.305300000190735,1,1,-1,0
32,2.3193000001907347,1,0,1,0
32,1.6457999997138977,0.8055555555555556,0,-1,0
32,1.8695,0.9685185185185186,0,-1,1
32,1.6456999998092652,1,1,1,1
32,3.442800000190735,0.9462962962962964,1,1,0
32,1.747699999809265,1,1,1,0
32,1.958300000190735,0.6814814814814815,1,-1,0
32,2.5545,0.05185185185185181,0,-1,1
32,1.8827999997138978,0.987037037037037,1,1,1
32,1.631,0.4796296296296296,1,-1,0
32,1.5755999999046326,0.0259259259259259,0,-1,1
32,1.5582999997138978,0.5092592592592593,1,1,0
32,1.7108000001907349,1,1,1,1
32,1.6463000001907349,0.8611111111111112,1,1,0
32,1.928,0.3851851851851852,1,-1,0
32,1.4004000000953674,0.5592592592592592,0,-1,1
32,1.3896999998092652,1,1,1,1
32,1.4224000000953674,0.7833333333333333,1,1,0
32,1.9135999999046327,0.19814814814814816,1,-1,0
32,1.718,0.6981481481481482,1,1,1
32,1.8705,0.39814814814814814,1,-1,1
32,1.5073000001907348,1,1,1,1
32,1.644,1,1,-1,0
32,1.5484000000953675,0.7962962962962963,1,1,0
32,1.6380999999046326,0,1,-1,1
32,1.6590999999046325,0.3592592592592593,1,1,0
32,1.89,0.5629629629629629,1,1,1
32,1.6795999999046325,0.4555555555555556,1,-1,0
32,2.207599999904633,0.312962962962963,1,-1,1
32,1.5065999999046327,0.6129629629629629,1,1,0
32,1.8880999999046328,0.5,1,-1,1
32,1.4746999998092651,0.837037037037037,1,1,1
32,1.6494000000953675,0.5351851851851852,1,-1,0
32,1.8934000000953672,0.2759259259259259,1,-1,0
32,1.5772000002861022,0.8444444444444444,1,1,0
32,2.479400000095367,0.6462962962962964,1,-1,1
32,1.7606999998092652,0.8962962962962963,1,1,1
36,2.6545,0.5755208333333333,1,-1,1
36,2.811899999999965,0.5963541666666667,1,-1,0
36,1.8072000000000117,0.7786458333333334,1,1,1
36,4.8255,0.41927083333333337,0,1,0
36,2.2556999999999534,0.5989583333333333,1,-1,0
36,1.8457999999999883,0.6875,1,1,1
36,1.8820999999999768,0.6796875,1,1,0
36,2.5774000000000235,0.5208333333333333,1,-1,1
36,3.0367999999999884,0.515625,1,1,0
36,2.269700000000012,0.5625,1,-1,0
36,3.0017000000000116,0.5,1,-1,1
36,1.8750999999999767,0.6510416666666667,1,1,1
36,1.9831999999999537,0.5598958333333333,1,-1,0
36,1.8406999999999536,0.6848958333333333,1,1,1
36,1.7789000000000232,0.5989583333333333,1,1,0
36,2.34570000000007,0.5755208333333333,1,-1,1
36,2.706,0.5833333333333333,1,-1,1
36,2.3060999999999767,0.5416666666666667,1,-1,0
36,4.287400000000023,0.4765625,1,1,0
36,1.7040999999999766,0.734375,1,1,1
36,1.9600999999999766,0.6536458333333333,1,-1,0
36,2.422400000000023,0.5703125,1,-1,1
36,1.6805999999999768,0.7057291666666667,1,1,1
36,2.167600000000093,0.5833333333333333,1,1,0
36,1.7285999999999768,0.625,1,1,0
36,2.5730999999999766,0.6015625,1,-1,1
36,1.7216999999999534,0.6979166666666667,1,1,1
36,2.2140999999999766,0.6875,1,-1,0
36,1.8772999999999305,0.6302083333333333,1,-1,1
36,1.5050999999999768,0.7057291666666667,1,1,0
36,1.8734000000000233,0.6276041666666667,1,-1,0
36,1.7654000000000232,0.7083333333333333,1,1,1
36,1.7225999999999768,0.6354166666666667,1,1,1
36,1.7645999999999766,0.6796875,1,1,0
36,2.3041999999999536,0.5,1,-1,1
36,2.76379999999993,0.515625,1,-1,0
36,1.9769000000000232,0.5833333333333333,1,-1,0
36,1.8596999999999537,0.6588541666666667,1,1,0
36,2.0043000000000464,0.5885416666666667,1,-1,1
36,1.7813000000000465,0.7864583333333334,1,1,1
36,2.697,0.5182291666666667,1,-1,0
36,1.7941999999999534,0.6953125,1,1,1
36,2.0082999999999305,0.46614583333333337,0,-1,1
36,3.7383000000000464,0.5807291666666667,1,1,0
36,1.7417000000000697,0.7213541666666667,1,1,1
36,3.2841000000000933,0.48697916666666663,1,-1,1
36,1.7284000000000233,0.7317708333333333,1,1,0
36,1.9815999999999767,0.59375,1,-1,0
36,3.4905,0.5651041666666667,1,-1,1
36,1.7073000000000467,0.7135416666666667,1,1,0
36,1.6969000000000234,0.7109375,1,1,1
36,2.218,0.65625,1,-1,0
36,1.9933000000000463,0.6458333333333333,1,-1,1
36,1.8961999999999537,0.7135416666666667,1,1,0
36,2.076,0.609375,1,-1,0
36,1.6699000000000233,0.7239583333333333,1,1,1
36,1.9023000000000463,0.6927083333333333,1,1,0
36,1.6458000000000466,0.7057291666666667,1,1,1
36,2.087,0.6744791666666667,1,-1,1
36,1.8985,0.5442708333333333,1,-1,0
36,2.573,0.5520833333333333,1,1,0
36,1.8468000000000464,0.5260416666666667,1,-1,0
36,1.8301999999999536,0.5755208333333333,1,-1,1
36,1.7376999999999534,0.7161458333333333,1,1,1
19,4.7405,0.9212962962962964,1,-1,0
19,4.364,1,1,1,1
19,5.4695,0.6342592592592593,1,1,0
19,4.172899999976158,0.837962962962963,1,-1,1
19,2.8377999999523165,0.8912037037037037,1,1,1
19,3.656799999952316,1,1,-1,0
19,3.544100000023842,0.9444444444444444,1,-1,1
19,2.6578999999761583,1,1,1,0
19,4.153100000023842,0.9189814814814816,1,-1,0
19,4.019400000095367,0.8912037037037037,1,-1,1
19,2.099600000023842,1,1,1,0
19,2.5197999999523164,1,1,1,1
19,4.026200000047684,1,1,1,1
19,3.438899999976158,0.8541666666666666,1,-1,1
19,3.4615,0.8703703703703703,1,-1,0
19,2.3981000000238417,1,1,1,0
19,4.389700000047684,0.8657407407407407,1,-1,1
19,2.0058000000715257,1,1,1,1
19,2.836399999976158,0.7685185185185185,1,-1,0
19,5.161,0.7291666666666667,1,1,0
19,2.0913999999761583,0.8055555555555556,1,-1,1
19,2.791100000023842,0.9282407407407408,1,-1,0
19,3.328100000023842,0.9837962962962964,1,1,0
19,2.1857999999523163,1,1,1,1
19,3.722799999952316,0.8865740740740741,1,-1,0
19,4.178799999952316,0.8356481481481481,1,-1,1
19,1.9504000000953672,1,1,1,1
19,1.7712000000476835,0.9212962962962964,1,1,0
19,2.566600000023842,0.9212962962962964,1,-1,1
19,2.9581999999284743,0.9652777777777778,1,-1,0
19,6.880799999952316,0.914351851851852,0,1,0
19,2.231899999976158,1,1,1,1
19,2.1667000000476837,1,1,1,1
19,5.8585,0.7777777777777778,1,1,0
19,2.7178000000715254,0.9837962962962964,1,-1,1
19,3.1652000000476836,1,1,-1,0
19,2.8421000000238417,1,1,-1,1
19,3.572399999976158,1,1,-1,0
19,2.2127999999523165,1,1,1,0
19,2.566,1,1,1,1
19,4.590600000023842,0.9351851851851852,1,1,0
19,2.9156999999284743,1,1,-1,0
19,2.9248999999761582,1,1,-1,1
19,2.163200000047684,1,1,1,1
19,3.029100000023842,1,1,-1,0
19,2.9213000000715255,1,1,-1,1
19,1.721600000023842,1,1,1,1
19,2.7483000000715254,1,1,1,0
19,4.318299999952316,0.914351851851852,1,-1,1
19,2.889899999976158,1,1,-1,0
19,2.1278000000715256,1,1,1,1
19,2.923600000023842,0.9976851851851852,1,1,0
19,3.2216999999284743,1,1,-1,0
19,3.274100000023842,1,1,-1,1
19,1.921899999976158,1,1,1,0
19,2.384799999952316,1,1,1,1
19,1.753,1,1,1,0
19,1.752100000023842,0.9814814814814816,1,1,1
19,3.767899999976158,0.9467592592592592,1,-1,0
19,3.501099999904633,0.8935185185185185,1,-1,1
19,1.9032999999523166,1,1,1,0
19,2.171400000095367,1,1,-1,0
19,2.0986999999284746,1,1,1,1
19,3.4397999999523163,1,1,-1,1
192,2.5656000000238417,0.5393518518518519,1,-1,0
192,1.8273999999761579,0.9074074074074074,1,1,1
192,2.047,0.7592592592592593,1,-1,1
192,2.4825,0.8842592592592593,1,1,0
192,2.332600000023842,0.8842592592592593,1,-1,1
192,2.6923000000715254,0.9375,1,1,1
192,3.4498000000715257,0.32407407407407407,1,1,0
192,2.008100000023842,0.6828703703703703,1,-1,0
192,2.649,0.46990740740740744,1,-1,0
192,2.153400000095367,0.7314814814814814,1,1,0
192,2.065100000023842,0.8148148148148149,1,1,1
192,2.234,0.9027777777777778,1,-1,1
192,2.201600000023842,0.900462962962963,1,1,1
192,2.4907000000476835,0.8726851851851851,1,-1,1
192,2.589900000095367,0.5393518518518519,1,1,0
192,1.918,0.6990740740740741,1,-1,0
192,4.215800000071526,0.7291666666666667,1,-1,0
192,2.062,0.8587962962962963,1,1,1
192,2.1538999999761583,0.42592592592592593,1,1,0
192,2.366600000023842,0.7685185185185185,1,-1,1
192,2.5738999999761583,0.5277777777777778,1,-1,1
192,2.305899999976158,0.625,1,-1,0
192,2.199100000023842,0.7037037037037037,1,1,0
192,2.6803999999761583,0.6550925925925926,1,1,1
192,1.9763000000715256,0.75,1,1,0
192,1.975899999976158,0.8125,1,-1,1
192,1.866899999976158,0.8703703703703703,1,1,1
192,2.214699999928474,0.8935185185185185,1,-1,0
192,2.2613999999761583,0.18518518518518523,1,1,0
192,2.0027000000476836,0.25,1,1,1
192,1.9995,0.4282407407407407,1,-1,0
192,1.7305,0.4305555555555556,1,-1,1
192,2.6223000000715255,0.7800925925925926,1,-1,1
192,1.9799000000953673,0.8194444444444444,1,1,1
192,2.035900000095367,0.6041666666666667,1,1,0
192,2.425,0.5740740740740741,1,-1,0
192,2.357900000095367,0.6296296296296297,1,-1,1
192,2.367299999952316,0.775462962962963,1,1,0
192,3.1681999999284742,0.8217592592592593,1,-1,0
192,1.9341000000238422,0.7731481481481481,1,1,1
192,4.198700000047683,0.8055555555555556,1,-1,0
192,3.0953999999761583,0.7685185185185185,1,1,1
192,2.1592999999523164,0.8263888888888888,1,1,0
192,4.210799999952316,0.8842592592592593,1,-1,1
192,2.5601999999284746,0.2222222222222222,0,-1,0
192,2.632,0.5,1,1,0
192,2.5206000000238418,0.34259259259259256,1,1,1
192,2.238399999976158,0.712962962962963,1,-1,1
192,2.5033000000715258,0.8472222222222222,1,1,1
192,2.0567999999523163,0.875,1,-1,0
192,1.9503999999761579,0.7962962962962963,1,1,0
192,3.2962999999523164,0.7615740740740741,1,-1,1
192,3.2507999999523163,0.7523148148148149,1,1,0
192,2.7792000000476835,0.7037037037037037,1,-1,1
192,3.1888000000715255,0.6018518518518519,1,-1,0
192,2.585399999976158,0.7152777777777778,1,1,1
192,2.795799999952316,0.6342592592592593,0,-1,1
192,1.861399999976158,0.7962962962962963,1,1,1
192,2.43,0.9444444444444444,1,-1,0
192,1.967100000023842,0.8981481481481481,1,1,0
192,1.8253999999761579,0.5092592592592593,1,1,0
192,1.8609000000953673,0.7361111111111112,1,1,1
192,1.8332000000476836,0.8819444444444444,1,-1,1
192,2.388399999976158,0.9421296296296297,1,-1,0
167,2.3240999999940395,0.9703125,1,1,1
167,1.7912999999821186,1,1,1,0
167,4.537700000017882,0.6453125,1,-1,1
167,1.8577999999821184,0.9078125,1,-1,0
167,2.2323999999761583,0.978125,1,1,0
167,2.420699999988079,0.8484375,1,-1,1
167,1.815800000011921,1,1,1,1
167,2.3610999999940394,0.8890625,1,-1,0
167,1.9080999999940396,1,1,1,1
167,2.938799999982119,0.753125,1,-1,1
167,1.9109000000059604,0.9671875,1,-1,0
167,3.102199999988079,0.703125,1,1,0
167,1.9882999999821185,0.934375,1,1,0
167,2.0871000000238418,1,1,-1,1
167,1.8249000000059605,1,1,1,1
167,2.0049000000059602,1,1,-1,0
167,2.0422000000178815,0.9953125,1,-1,0
167,2.722,0.840625,1,-1,1
167,1.7319000000059606,1,1,1,1
167,1.6864000000059605,1,1,1,0
167,1.5990999999940396,1,1,-1,0
167,1.8195,1,1,1,1
167,2.5855,1,1,1,0
167,1.786199999988079,0.8984375,1,-1,1
167,1.6850999999940395,0.946875,1,1,0
167,2.6835,1,1,-1,0
167,3.880199999988079,1,1,-1,1
167,2.1349000000059606,0.490625,1,1,1
167,1.838,0.965625,1,-1,1
167,1.735,1,1,-1,0
167,1.917100000023842,1,0,1,0
167,2.220300000011921,1,1,1,1
167,2.760700000017881,0.9921875,1,-1,1
167,2.2778000000119207,0.6921875,1,1,0
167,3.634,0.846875,1,1,1
167,1.8029000000059605,1,1,-1,0
167,2.233600000023842,0.715625,1,-1,0
167,1.456,1,1,1,0
167,1.8105,0.859375,1,-1,1
167,1.4475,1,1,1,1
167,1.680300000011921,1,1,-1,0
167,2.4105,1,1,1,1
167,1.619800000011921,1,1,1,0
167,2.0345,0.9359375,1,-1,1
167,1.5635999999940395,1,1,1,1
167,1.8017000000178816,1,1,1,0
167,2.1662999999821184,0.934375,1,-1,0
167,3.5270999999940393,0.634375,1,-1,1
167,1.500199999988079,1,1,1,1
167,1.7975,1,1,-1,1
167,2.5107999999821184,0.8328125,1,-1,0
167,1.5185999999940396,1,1,1,0
167,1.8695,0.71875,1,1,1
167,1.9495,0.815625,1,-1,1
167,1.5105,0.921875,1,1,0
167,2.001,0.8390625,1,-1,0
167,1.8495,0.9875,1,-1,0
167,2.5903000000119207,0.609375,1,-1,1
167,1.4805,0.9796875,1,1,1
167,1.5921999999880792,1,1,1,0
167,1.6846999999880792,1,1,1,0
167,2.0362000000178817,0.853125,1,-1,1
167,1.4466000000238421,1,1,1,1
167,1.6805,1,1,-1,0
55,2.4447999999821186,0.6431643625237792,1,-1,1
55,1.8012999999821186,1,1,1,1
55,1.672,0.8152073732764673,1,1,0
55,1.7459000000059606,0.2898617511566517,0,-1,0
55,2.0319000000059604,0.7568356374853766,1,-1,0
55,2.2677999999821186,0.4342549923240864,1,-1,1
55,1.6589000000059604,0.7291858679001233,1,1,1
55,1.6087000000178815,0.8889400921704765,1,1,0
55,1.4737999999821185,0.7906298003117975,1,1,0
55,1.873399999976158,0.3943164362564981,1,-1,1
55,1.5249000000059605,0.9841781874085718,1,1,1
55,1.846699999988079,0.6308755760414443,1,-1,0
55,1.8740999999940395,0.5940092165944397,1,-1,1
55,1.4099000000059605,1,1,1,0
55,1.759300000011921,0.6923195084531186,1,-1,0
55,1.5541999999880791,0.6278033794208606,1,1,1
55,2.0265,0.9841781874085718,1,1,0
55,1.4555999999940394,0.9196620583763138,1,1,1
55,1.6265999999940395,1,1,-1,0
55,1.777,0.6892473118325348,1,-1,1
55,1.543300000011921,0.7138248847972046,1,-1,0
55,1.864399999976158,0.6216589861796931,1,-1,1
55,1.5413999999761578,0.5786482334915211,0,1,0
55,1.4487000000178814,0.7814132104500464,1,1,1
55,1.776,0.7568356374853766,1,1,0
55,1.4022000000178814,0.6892473118325348,1,1,1
55,1.6587000000178813,0.9104454685145624,1,-1,0
55,1.7184000000059605,0.33901689708599114,1,-1,1
55,1.687,0.7599078341059604,1,-1,0
55,1.5227000000178814,0.6923195084531186,1,1,0
55,1.4914000000059604,0.8090629800352999,1,1,1
55,1.539300000011921,0.6923195084531186,1,-1,1
55,1.694699999988079,0.8244239631382184,1,-1,0
55,1.5719000000059604,0.6523809523855303,1,-1,1
55,1.334800000011921,0.852073732723472,1,1,0
55,1.4479000000059605,0.8674347158263905,1,1,1
55,1.641100000023842,0.55714285714743506,0,-1,1
55,1.4774000000059604,0.9012288786528114,1,1,0
55,1.529,0.8889400921704765,1,1,1
55,1.5904000000059604,0.7937019969323813,1,-1,0
55,1.783,0.8059907834147162,1,-1,0
55,1.9150999999940395,0.7291858679001233,1,1,0
55,1.922,0.8182795698970511,1,-1,1
55,1.289199999988079,0.8981566820322278,1,1,1
55,1.3949000000059604,0.8889400921704765,1,1,0
55,1.3847999999821186,0.655453149006114,0,-1,0
55,1.5345999999940396,0.830568356379386,1,1,1
55,1.7815,0.7691244239677115,1,-1,1
55,2.049,0.710752688176621,1,-1,1
55,1.3179000000059604,0.7353302611412906,1,1,0
55,1.3795,0.8029185867941324,1,1,1
55,1.472,0.7691244239677115,1,-1,0
55,1.6174000000059605,0.7168970814177884,1,-1,0
55,1.543300000011921,0.6093701996973583,1,1,0
55,1.6692999999821185,0.6923195084531186,1,-1,1
55,3.1555,0.9012288786528114,1,1,1
55,1.644800000011921,0.7599078341059604,1,-1,1
55,1.888199999988079,0.7691244239677115,1,1,0
55,1.8775,0.8643625192058069,1,1,1
55,1.5965,0.8367127496205533,1,-1,0
55,1.4859000000059606,0.7168970814177884,1,-1,0
55,3.3107999999821187,0.02258064516586822,0,-1,1
55,1.5168999999761579,0.13932411674804956,0,1,1
159,1.5810999999940396,1,1,1,1
159,2.2565,0.9111111111111112,1,1,0
159,2.4845999999940394,1,1,-1,0
159,3.9245999999940393,0.8777777777777778,1,-1,1
159,1.5707000000178815,1,1,1,0
159,2.3745,1,1,-1,0
159,2.3275999999940393,1,1,1,1
159,2.6723999999761583,1,1,-1,1
159,2.701,1,1,-1,0
159,1.687,1,1,1,0
159,3.7485,1,1,-1,1
159,1.7708000000119208,1,1,1,1
159,3.0415,1,1,-1,0
159,3.559300000011921,1,1,-1,1
159,1.541199999988079,1,1,1,1
159,2.624199999988079,1,1,1,0
159,3.8302000000178813,0.8888888888888888,1,-1,1
159,1.508699999988079,1,1,1,1
159,4.196199999988079,0.8638888888888889,1,1,0
159,3.082699999988079,0.975,1,-1,0
159,1.527,0.8111111111111111,1,1,0
159,1.518,1,1,1,1
159,2.5904000000059604,1,1,-1,0
159,3.305799999982119,0.8444444444444444,1,-1,1
159,2.3052999999821187,1,1,-1,0
159,3.157300000011921,0.95,0,1,0
159,1.9119000000059605,1,1,1,1
159,3.5647999999821187,0.9333333333333332,1,-1,1
159,1.711699999988079,1,1,1,0
159,2.0420999999940395,1,1,-1,0
159,1.6675999999940396,1,1,1,1
159,3.3895999999940396,1,1,-1,1
159,2.8560999999940395,0.4805555555555555,1,-1,1
159,1.9542000000178816,0.6111111111111112,1,1,0
159,2.1754000000059603,0.425,1,1,1
159,2.8581000000238417,0.5361111111111111,1,-1,0
159,1.698699999988079,1,1,1,1
159,2.708199999988079,0.4916666666666667,1,-1,1
159,1.6721000000238422,0.9333333333333332,1,1,0
159,2.886300000011921,0.6944444444444444,1,-1,0
159,2.6634000000059603,0.6833333333333333,1,-1,0
159,1.9245,0.6111111111111112,1,1,0
159,1.505300000011921,0.7277777777777779,1,1,1
159,1.745,0.8722222222222222,1,-1,1
159,1.8535,0.4666666666666667,1,1,0
159,1.8727999999821183,0.9611111111111112,1,-1,0
159,3.3270999999940396,0.4194444444444444,1,-1,1
159,1.615800000011921,1,1,1,1
159,2.7035999999940397,0.8111111111111111,1,-1,0
159,2.713800000011921,0.6666666666666667,1,-1,1
159,1.5216999999880791,1,1,1,1
159,2.141,0.6194444444444445,1,1,0
159,1.5635999999940395,0.5583333333333333,0,-1,1
159,1.5465,1,1,1,1
159,3.5482000000178813,0.4861111111111112,0,1,0
159,1.9470999999940395,0.9388888888888888,1,-1,0
159,2.927800000011921,0.8666666666666667,1,-1,0
159,1.5955999999940396,1,1,1,1
159,2.3739000000059605,0.65,1,1,0
159,2.478800000011921,0.9555555555555556,1,-1,1
159,1.6304000000059604,0.95,1,1,0
159,2.237199999988079,1,1,-1,0
159,3.044,0.5027777777777778,1,-1,1
159,2.3705999999940395,0.5194444444444444,1,1,1
109,2.91810000038147,0.85625,1,-1,1
109,2.139300000190735,1,1,1,0
109,2.734299999713898,0.4916666666666667,1,-1,0
109,2.544099999904633,0.825,1,1,1
109,2.857699999809265,0.74375,1,-1,1
109,2.3175,1,1,1,0
109,2.801300000190735,0.45,1,-1,0
109,3.9603000001907347,1,1,1,1
109,1.7654000000953673,1,1,1,1
109,3.317799999713898,0.4916666666666667,1,-1,1
109,2.075900000095367,1,1,1,0
109,2.9376000003814697,0.7041666666666666,1,-1,0
109,3.266900000095367,0.5166666666666666,1,-1,1
109,2.706200000286102,0.7875,1,-1,0
109,2.82289999961853,0.49375,1,1,0
109,2.3138999996185303,1,1,1,1
109,1.7298999996185305,1,1,1,0
109,2.4252999997138978,0.7583333333333333,1,-1,1
109,2.694800000190735,0.28125,1,1,1
109,3.5582999997138978,0.5041666666666667,1,-1,0
109,3.525800000190735,0.7708333333333334,1,1,0
109,2.4436000003814695,0.7166666666666667,1,-1,1
109,4.395699999809265,0.825,1,1,1
109,2.562099999904633,0.68125,1,-1,0
109,4.357599999904632,0.7625,1,-1,0
109,2.575099999904633,0.7729166666666667,1,-1,1
109,2.7768000001907347,0.8541666666666666,1,1,1
109,1.9238999996185304,0.875,1,1,0
109,1.7297999997138978,0.9,1,1,0
109,2.400400000095367,0.5270833333333333,1,-1,1
109,5.060400000095368,0.19166666666666665,1,1,1
109,2.166599999904633,0.825,1,-1,0
109,2.342,0.7666666666666666,1,-1,0
109,5.1355,0.15208333333333335,0,1,1
109,1.984,0.725,1,1,0
109,2.056,1,1,-1,1
109,1.9570999999046328,0.7729166666666667,1,1,0
109,2.638300000190735,0.46458333333333335,1,-1,0
109,2.1257999997138977,0.7708333333333334,1,-1,1
109,1.9753000001907348,0.7291666666666667,1,1,1
109,2.559199999809265,0.7791666666666667,1,1,1
109,2.0289000000953674,0.58125,1,-1,1
109,3.198699999809265,0.5708333333333333,1,-1,0
109,2.1047000002861025,0.83125,1,1,0
109,2.098599999904633,0.525,1,-1,1
109,2.7785,0.4854166666666667,1,-1,0
109,1.744,0.16666666666666663,1,1,0
109,2.5905,0.25,1,1,1
109,3.112800000190735,1,1,-1,0
109,2.9135,0.8395833333333333,1,1,0
109,3.926300000190735,0.00208333333333332,0,1,1
109,2.12739999961853,0.7041666666666666,1,-1,1
109,2.450400000095367,0.5854166666666667,1,-1,1
109,1.893800000190735,0.8083333333333333,1,1,0
109,2.7805,0.7958333333333334,1,1,1
109,2.167400000095367,0.5875,1,-1,0
109,5.4055,0,1,1,0
109,3.4152000002861023,0,1,1,1
109,2.591099999904633,0.89375,1,-1,0
109,2.309199999809265,0.84375,1,-1,1
109,3.0065,0.8041666666666667,1,-1,1
109,3.5377999997138976,0.15833333333333333,0,1,1
109,2.319599999904633,0.7833333333333333,1,-1,0
109,2.457699999809265,0.0854166666666667,1,1,0
140,1.432,0.8295238095238096,1,1,0
140,2.307,1,1,1,1
140,1.604,1,1,-1,0
140,1.781,0,1,-1,1
140,1.783,1,0,1,0
140,1.9,0.8657142857142857,1,-1,1
140,3.043,0.8695238095238096,1,1,1
140,1.602,0.861904761904762,1,-1,0
140,2.619,0.861904761904762,1,-1,1
140,2.394,0.861904761904762,1,1,0
140,0.635,0.861904761904762,1,1,1
140,2.53,0.861904761904762,1,1,0
140,2.915,0.861904761904762,1,1,1
140,2.531,0.861904761904762,1,-1,1
140,2.672,0.86,1,-1,0
140,1.732,1,1,-1,0
140,2.45,1,1,1,0
140,1.64,1,1,-1,1
140,3.004,1,1,1,1
140,3.595,1,0,1,0
140,1.687,1,1,-1,1
140,3.72,1,1,1,1
140,2.123,1,1,-1,0
140,2.083,1,1,1,0
140,1.794,1,0,1,1
140,1.821,1,1,-1,0
140,2.97,1,1,-1,1
140,2.198,1,1,-1,1
140,1.866,1,1,1,0
140,1.897,0.9552380952380952,1,-1,0
140,2.146,0.9571428571428572,1,1,1
140,1.989,1,1,1,1
140,1.807,1,1,-1,0
140,1.749,1,1,1,0
140,1.564,0.9533333333333334,1,-1,1
140,1.838,0.9533333333333334,1,1,0
140,1.984,0.9533333333333334,1,-1,1
140,1.944,0.9533333333333334,1,-1,0
140,3.187,0.9533333333333334,1,1,1
140,1.698,0.9533333333333334,1,-1,0
140,2.209,0.9533333333333334,1,1,0
140,1.781,0.9533333333333334,1,-1,1
140,1.699,0.9533333333333334,1,1,1
140,2.123,0.9552380952380952,1,1,1
140,2.683,0.9552380952380952,1,1,0
140,1.779,0.9552380952380952,1,-1,0
140,1.924,0.9552380952380952,1,-1,1
140,1.722,0,1,1,0
140,1.831,1,1,-1,1
140,1.672,1,1,1,1
140,1.807,1,1,-1,0
140,1.715,1,0,1,0
140,1.628,1,1,-1,0
140,1.904,1,1,-1,1
140,1.719,1,1,1,1
140,1.978,1,1,1,0
140,1.819,1,1,-1,1
140,1.698,1,1,-1,0
140,1.812,1,1,1,1
140,3.065,1,0,1,0
140,1.852,1,0,1,1
140,1.539,1,1,-1,1
140,1.626,1,1,-1,0
67,4.144200000047683,0.46064814814814814,1,-1,1
67,2.0746999999284745,0.6666666666666667,1,1,1
67,2.659600000023842,0.4189814814814815,1,1,0
67,2.9811999999284744,0.6643518518518519,1,-1,0
67,4.991299999952316,0.3888888888888888,1,1,0
67,2.517100000023842,0.662037037037037,1,-1,0
67,2.405900000095367,0.6782407407407407,1,1,1
67,2.5365,0.75,1,-1,1
67,2.722900000095367,0.5208333333333333,1,-1,1
67,2.5171999999284744,0.41666666666666663,1,-1,0
67,1.5327000000476836,0.8680555555555556,1,1,1
67,2.7436999999284746,0.5162037037037037,1,1,0
67,1.5885,0.6087962962962963,1,1,1
67,1.7720999999046325,0.662037037037037,1,-1,1
67,2.641299999952316,0.525462962962963,1,1,0
67,1.9672000000476835,0.7291666666666667,1,-1,0
67,3.5597999999523164,0.4814814814814815,1,-1,0
67,1.468100000023842,0.6643518518518519,1,1,1
67,1.9476999999284745,0.7615740740740741,1,1,0
67,3.084700000047684,0.6759259259259259,1,-1,1
67,3.0485,0.5509259259259259,1,-1,0
67,2.6592999999523164,0.3796296296296297,1,-1,1
67,1.7307000000476835,0.6643518518518519,1,1,0
67,2.3091000000238417,0.6944444444444444,1,1,1
67,1.7722999999523166,0.587962962962963,1,1,0
67,2.709399999976158,0.4236111111111112,1,-1,1
67,3.2363999999761583,0.29861111111111116,1,1,1
67,2.9715,0.6134259259259259,1,-1,0
67,3.058600000023842,0.4722222222222222,1,-1,1
67,1.7412999999523164,0.6041666666666667,1,1,0
67,3.7918999999761582,0.47685185185185186,1,1,1
67,2.916099999904633,0.6805555555555556,1,-1,0
67,2.926600000023842,0.46990740740740744,1,-1,1
67,4.551,0.3796296296296297,1,-1,0
67,2.0085999999046327,0.6296296296296297,1,1,1
67,2.361200000047684,0.5949074074074074,1,1,0
67,2.7945,0.4398148148148148,1,-1,0
67,1.7771999999284744,0.525462962962963,1,1,0
67,4.389,0.3402777777777778,1,-1,1
67,1.609399999976158,0.6180555555555556,1,1,1
67,2.973599999904633,0.6157407407407407,1,-1,0
67,2.3198999999761583,0.7777777777777778,1,1,0
67,2.5653000000715256,0.7407407407407407,1,-1,1
67,2.033,0.5138888888888888,1,1,1
67,1.7551000000238421,0.7083333333333333,1,1,0
67,2.582400000095367,0.4537037037037037,1,-1,1
67,2.165399999976158,0.5486111111111112,1,-1,0
67,3.5702999999523164,0.6296296296296297,1,1,1
67,1.874899999976158,0.6041666666666667,1,1,1
67,2.586399999976158,0.5555555555555556,1,-1,1
67,2.453799999952316,0.5300925925925926,1,-1,0
67,1.7125,0.712962962962963,1,1,0
67,2.5537000000476837,0.7037037037037037,1,-1,1
67,2.1652000000476836,0.6990740740740741,1,1,1
67,1.7477000000476834,0.6736111111111112,1,1,0
67,2.1665,0.6851851851851851,1,-1,0
67,2.2707999999523163,0.4976851851851852,1,-1,1
67,2.368899999976158,0.5324074074074074,1,1,0
67,2.962899999976158,0.32638888888888884,1,1,1
67,2.219600000023842,0.5300925925925926,1,-1,0
67,4.397199999928475,0.5069444444444444,1,1,1
67,2.0625,0.7199074074074074,1,1,0
67,2.251,0.6481481481481481,1,-1,1
67,3.510399999976158,0.6458333333333333,1,-1,0
114,1.767,1,1,1,1
114,1.936,1,1,1,0
114,1.919,1,1,-1,0
114,2.111,1,1,-1,1
114,2.038,1,1,-1,1
114,1.644,1,1,1,0
114,1.76,1,1,1,1
114,2.057,1,1,-1,0
114,2.319,1,1,-1,1
114,1.986,1,1,-1,0
114,1.689,1,1,1,1
114,1.899,1,1,1,0
114,1.598,1,1,1,1
114,2.131,1,1,-1,0
114,1.759,1,1,-1,1
114,1.902,1,1,1,0
114,2.105,1,1,-1,1
114,1.55,1,1,1,1
114,1.714,1,1,-1,0
114,1.635,1,1,1,0
114,1.725,1,1,-1,0
114,1.617,1,1,1,1
114,1.578,1,1,1,0
114,1.862,1,1,-1,1
114,1.524,1,1,1,1
114,1.874,1,1,-1,0
114,2.231,1,1,-1,1
114,1.639,1,1,1,0
114,2.705,1,1,-1,0
114,1.789,1,1,1,1
114,2.047,1,1,-1,1
114,2.191,1,1,1,0
114,1.715,1,1,1,0
114,1.963,1,1,-1,0
114,1.681,1,1,-1,1
114,1.719,1,1,1,1
114,1.998,1,1,-1,0
114,1.776,1,1,-1,1
114,1.493,1,1,1,0
114,2.413,1,1,1,1
114,1.609,1,1,1,0
114,1.874,1,1,-1,0
114,1.684,1,1,1,1
114,1.881,1,1,-1,1
114,1.976,1,1,-1,1
114,1.699,1,1,-1,0
114,2,1,1,1,1
114,1.622,1,1,1,0
114,1.796,1,1,1,1
114,1.778,1,1,-1,0
114,2.001,1,1,1,0
114,2.046,1,1,-1,1
114,1.711,1,1,-1,1
114,1.693,1,1,1,1
114,1.658,1,1,-1,0
114,2.068,1,1,1,0
114,1.662,1,1,1,0
114,1.832,0.9666666666666668,1,-1,1
114,1.815,1,1,-1,0
114,1.673,1,1,1,1
114,2.227,1,1,1,0
114,1.729,1,1,1,1
114,1.676,1,1,-1,1
114,1.843,1,1,-1,0
50,2.514900000095367,1,1,-1,0
50,3.236200000047684,1,1,-1,1
50,2.702,1,1,1,1
50,2.731100000023842,1,1,1,0
50,2.3947999999523164,1,1,1,1
50,3.294900000095367,1,1,1,0
50,3.929,1,1,-1,0
50,2.779899999976158,1,1,-1,1
50,2.988900000095367,1,1,-1,0
50,2.118,1,1,1,1
50,2.252200000047684,1,1,1,0
50,6.679,1,1,-1,1
50,3.3982999999523162,1,1,-1,0
50,2.361600000023842,1,1,1,0
50,1.9601999999284745,1,1,1,1
50,4.014100000023842,1,1,-1,1
50,2.5992999999523163,1,1,-1,0
50,2.2988999999761583,0.9934644303341144,1,-1,1
50,2.3477000000476838,1,1,1,1
50,6.602700000047684,1,1,1,0
50,3.639899999976158,1,1,-1,1
50,3.030799999952316,1,1,-1,0
50,2.6046999999284743,1,1,1,0
50,2.278,1,1,1,1
50,3.717,1,1,1,0
50,1.9972999999523164,1,1,1,1
50,2.9985,1,1,-1,1
50,2.181900000095367,1,1,-1,0
50,2.752600000023842,1,1,1,0
50,2.715200000047684,1,1,-1,0
50,2.048,1,1,1,1
50,3.293400000095367,1,1,-1,1
50,3.7988999999761583,1,1,1,1
50,2.489100000023842,1,1,-1,0
50,2.8747999999523164,1,1,1,0
50,3.872299999952316,1,1,-1,1
50,2.9757999999523164,1,1,-1,1
50,2.5467000000476836,1,1,1,0
50,3.5125,1,1,-1,0
50,2.094099999904633,1,1,1,1
50,2.6883999999761583,1,1,1,0
50,2.3825999999046332,1,1,1,1
50,4.716700000047684,1,1,-1,0
50,2.947899999976158,1,1,-1,1
50,2.789600000023842,0.9999421631276366,1,-1,0
50,3.637399999976158,1,1,-1,1
50,2.104599999904633,1,1,1,1
50,2.477,1,1,1,0
50,1.951899999976158,1,1,1,0
50,4.022200000047684,1,1,-1,0
50,2.551700000047684,1,1,1,1
50,4.924700000047684,1,1,-1,1
50,2.826,1,1,-1,0
50,3.0532999999523165,1,1,1,1
50,2.496399999976158,1,1,-1,1
50,4.804100000023842,1,1,1,0
50,2.428,1,1,1,1
50,3.2705,1,1,-1,0
50,3.1506999999284746,1,0,1,0
50,2.7965,1,1,-1,1
50,4.077599999904633,1,0,1,0
50,2.693299999952316,1,1,-1,0
50,3.180600000023842,1,1,-1,1
50,2.2878000000715257,1,1,1,1
160,1.587,0.901851851851852,1,1,0
160,2.214,1,1,-1,1
160,1.474,1,1,1,1
160,1.855,1,1,-1,0
160,1.455,1,1,1,1
160,1.75,0.812962962962963,1,-1,0
160,1.537,0.8870370370370371,1,1,0
160,2.14,0.8555555555555556,1,-1,1
160,1.437,0.925925925925926,1,1,1
160,1.762,1,1,1,0
160,1.736,0.8166666666666667,1,-1,1
160,1.412,0,0,-1,0
160,1.346,0.962962962962963,1,1,0
160,1.535,0.7537037037037038,1,1,1
160,1.869,0.8962962962962963,1,-1,0
160,1.868,0.9203703703703704,1,-1,1
160,1.55,1,1,-1,1
160,1.471,1,1,1,0
160,1.752,1,1,-1,0
160,2.211,0.974074074074074,1,1,1
160,1.614,0.8518518518518519,1,1,0
160,1.776,0.9055555555555556,1,-1,0
160,1.781,0.9666666666666668,1,-1,1
160,1.603,0.9092592592592592,1,1,1
160,1.618,0.937037037037037,1,1,1
160,1.719,0.925925925925926,1,-1,1
160,1.49,0.9351851851851852,1,1,0
160,1.682,0.937037037037037,1,-1,0
160,1.868,0.8888888888888888,1,1,1
160,1.709,0.6351851851851852,1,1,0
160,1.435,0.8870370370370371,1,-1,1
160,1.788,0.9314814814814816,1,-1,0
160,4.72,1,1,-1,1
160,2.996,0.9407407407407408,1,1,0
160,1.715,0.9092592592592592,1,1,1
160,1.752,0.8407407407407408,1,1,1
160,2.574,0.9148148148148147,1,-1,0
160,2.025,0.95,1,-1,1
160,2.337,0.8962962962962963,1,1,0
160,1.664,0.8574074074074074,1,-1,1
160,1.672,0.9481481481481482,1,-1,0
160,1.504,0.9814814814814816,1,1,1
160,1.787,0.712962962962963,1,1,0
160,1.647,0.924074074074074,1,-1,0
160,1.532,0.9388888888888888,1,1,1
160,1.584,0.9555555555555556,1,-1,1
160,1.823,0.812962962962963,1,1,0
160,1.688,0.8833333333333333,1,-1,1
160,1.537,0.9074074074074074,1,1,1
160,1.92,0.924074074074074,1,-1,0
160,1.907,0.95,1,1,0
160,1.547,0.9574074074074074,1,-1,0
160,1.628,0.9333333333333332,1,1,0
160,1.963,0.8833333333333333,1,1,1
160,3.107,0.8870370370370371,1,-1,1
160,1.938,0.9037037037037036,1,-1,1
160,1.645,0.9185185185185184,1,1,1
160,1.579,0.9296296296296296,1,-1,0
160,1.57,0.962962962962963,1,1,0
160,3.315,0.9796296296296296,1,-1,0
160,1.605,0.95,1,-1,1
160,1.538,1,1,1,0
160,1.603,0.9648148148148148,1,1,1
156,1.9552999999523164,0.35111111111111115,1,1,1
156,1.5275,0.7111111111111111,1,1,0
156,2.0255,0.7422222222222222,1,-1,1
156,1.9486000000238421,0.6222222222222222,1,-1,0
156,1.4331999999284744,0.8533333333333333,1,1,0
156,1.6887000000476835,0.6911111111111111,1,-1,1
156,1.7072999999523164,0.5822222222222222,1,1,1
156,1.6931999999284744,0.7111111111111111,1,-1,0
156,1.7782000000476834,0.6244444444444445,1,1,0
156,1.594,0.7155555555555555,1,-1,0
156,2.687,0.5222222222222221,1,1,1
156,2.2655,0.6755555555555556,1,-1,1
156,1.7272999999523164,0.8555555555555556,1,1,0
156,1.6463000000715255,0.6733333333333333,1,-1,0
156,1.498399999976158,0.8066666666666666,1,1,1
156,1.7157000000476834,0.6044444444444445,1,-1,1
156,1.8206999999284745,0.5844444444444444,1,-1,0
156,1.6369000000953675,0.6311111111111112,1,-1,1
156,1.7849000000953674,0.7511111111111111,1,1,1
156,1.556,0.8977777777777778,1,1,0
156,1.6975,0.6177777777777778,1,1,1
156,1.4593000000715255,0.62,1,1,0
156,1.6672000000476834,0.40888888888888886,1,-1,1
156,2.4326999999284746,0,0,-1,0
156,2.223899999976158,0.15555555555555556,1,-1,1
156,1.9525,0.6844444444444444,1,-1,0
156,1.744,0.19333333333333336,0,1,1
156,1.4547999999523165,0.9,1,1,0
156,1.5495,0.5955555555555556,1,1,1
156,1.4866000000238422,0.8466666666666667,1,-1,0
156,1.4588999999761578,0.24888888888888897,0,-1,1
156,1.5101999999284745,0.6511111111111111,1,1,0
156,1.727,0.6511111111111111,1,1,1
156,1.5908000000715257,0.7866666666666666,1,1,0
156,1.579100000023842,0.7866666666666666,1,-1,1
156,1.6489000000953675,0.8022222222222222,1,-1,0
156,1.506399999976158,0.7644444444444445,1,1,1
156,1.538399999976158,0.8688888888888888,1,-1,1
156,1.5463000000715257,1,1,1,0
156,1.4847999999523165,0.8711111111111112,1,-1,0
156,1.5410999999046326,1,1,1,1
156,1.5431000000238422,1,1,-1,0
156,1.481600000023842,1,1,1,0
156,1.6723999999761578,0.7488888888888889,1,-1,1
156,1.4203999999761578,0.8177777777777777,1,1,0
156,1.7192999999523164,0.8622222222222222,1,1,1
156,1.6028000000715257,0.72,1,-1,1
156,1.5351000000238422,0.6066666666666667,1,-1,0
156,1.754,0.3911111111111111,0,-1,0
156,1.4557999999523166,0.8822222222222222,1,1,0
156,1.587,0.9488888888888888,1,-1,1
156,1.519600000023842,0.8422222222222222,1,1,1
156,1.5926999999284743,0.7955555555555556,1,-1,0
156,1.4387999999523164,0.9288888888888888,1,1,1
156,1.7977000000476835,0.7555555555555555,1,1,0
156,1.958,0.6555555555555556,1,-1,1
156,1.379600000023842,0.96,1,1,1
156,1.5453000000715256,0.6933333333333334,1,-1,0
156,1.3807999999523166,0.5333333333333333,1,1,0
156,1.5047999999523165,0.74,1,-1,1
156,1.6243000000715255,0.8977777777777778,1,-1,0
156,1.66,0.8355555555555556,1,-1,1
156,1.4882999999523165,0.9177777777777778,1,1,0
156,1.338600000023842,0.9177777777777778,1,1,1
213,2.613699999988079,0.8722222222222222,1,-1,0
213,3.3432000000476836,0.9203703703703704,1,1,1
213,2.5097000000476837,0.95,1,1,0
213,2.8351999999880793,0.8222222222222222,1,-1,1
213,2.652199999988079,0.825925925925926,1,-1,1
213,1.8685,0.9388888888888888,1,1,1
213,2.354899999976158,0.9425925925925926,1,-1,0
213,1.7587999999523165,0.9722222222222222,1,1,0
213,4.221600000023842,0.6703703703703704,1,1,0
213,2.250699999988079,0.8925925925925926,1,-1,1
213,3.040599999964237,0.95,1,-1,0
213,3.443,0.7814814814814814,1,1,1
213,1.7965999999642372,0.95,1,1,0
213,3.3781000000238417,0.9407407407407408,1,-1,1
213,1.7205,0.8888888888888888,1,1,1
213,1.6141999999880792,0.9407407407407408,1,-1,0
213,2.0075,0.825925925925926,1,1,1
213,2.220800000011921,0.9092592592592592,1,-1,0
213,2.3243000000119207,0.9092592592592592,1,-1,1
213,2.2165,0.8222222222222222,1,1,0
213,2.160599999964237,0.9,1,-1,1
213,1.860899999976158,0.9481481481481482,1,1,0
213,5.205900000035763,0.6685185185185185,1,1,1
213,2.092199999988079,0.9037037037037036,1,-1,0
213,2.488699999988079,0.9092592592592592,1,-1,1
213,2.2205,0.9092592592592592,1,-1,0
213,2.528599999964237,0.9166666666666666,1,1,1
213,5.2386999999880794,0.3907407407407407,1,1,0
213,1.9277000000476834,0.9074074074074074,1,-1,1
213,2.1716999999880793,0.46111111111111114,1,1,1
213,1.916800000011921,0.925925925925926,1,-1,0
213,1.6646000000238421,0.9055555555555556,1,1,0
213,3.229800000011921,0.9296296296296296,1,1,0
213,1.724800000011921,0.9,1,1,1
213,2.6884000000357626,0.46111111111111114,1,-1,1
213,2.3152000000476836,0.8814814814814815,1,-1,0
213,1.6458000000119208,0.9462962962962964,1,1,0
213,2.5485,0.8907407407407407,1,1,1
213,2.594699999988079,0.9796296296296296,1,-1,0
213,2.155200000047684,0.9148148148148147,1,-1,1
213,2.4470999999642373,0.9351851851851852,1,1,0
213,1.9719000000357627,0.9203703703703704,1,1,1
213,4.247099999964237,0.9185185185185184,1,-1,0
213,2.6005,0.7185185185185186,1,-1,1
213,1.5408000000119209,0.9185185185185184,1,1,1
213,2.307399999976158,0.8481481481481481,1,-1,0
213,1.891199999988079,0.9425925925925926,1,-1,1
213,1.608,0.9703703703703704,1,1,0
213,1.7108999999761578,0.9481481481481482,1,1,0
213,1.7545,0.925925925925926,1,-1,0
213,2.191900000035763,0.9574074074074074,1,-1,1
213,1.694,0.9277777777777778,1,1,1
213,1.730800000011921,0.9425925925925926,1,-1,0
213,1.5635,0.9722222222222222,1,1,1
213,2.571,0.8055555555555556,1,1,0
213,1.817,0.937037037037037,1,-1,1
213,1.7836000000238421,0.9277777777777778,1,-1,0
213,1.933100000023842,0.9574074074074074,1,-1,1
213,2.255,0.9481481481481482,1,1,1
213,2.3058000000119208,0.9592592592592591,1,1,0
213,1.8738999999761579,0.8462962962962963,1,-1,0
213,1.791199999988079,0.912962962962963,1,1,0
213,1.9451999999880791,0.8537037037037037,1,-1,1
213,1.688199999988079,0.9833333333333332,1,1,1
77,5.204,0.6148148148148148,1,-1,0
77,3.595,0.5814814814814815,1,-1,1
77,3.714,0.8629629629629629,1,1,0
77,2.211,1,1,1,1
77,3.036,0.5018518518518518,1,1,0
77,1.897,1,1,-1,1
77,1.985,0.8648148148148148,1,-1,0
77,1.887,1,1,1,1
77,2.036,1,1,1,1
77,1.974,0.8462962962962963,1,-1,0
77,2.472,0.5685185185185185,1,-1,1
77,2.595,0.7833333333333333,1,1,0
77,1.959,0.8592592592592593,1,-1,0
77,3.039,0.5148148148148148,0,1,0
77,1.782,0.7518518518518519,1,-1,1
77,1.89,1,1,1,1
77,2.829,0.8092592592592592,1,1,0
77,1.874,0.8611111111111112,1,1,1
77,2.01,1,1,-1,1
77,2.338,1,1,-1,0
77,1.952,1,1,-1,0
77,2.102,0.674074074074074,1,-1,1
77,2.125,1,1,1,1
77,2.359,0.7666666666666666,1,1,0
77,1.738,1,1,-1,1
77,2.821,1,1,1,0
77,1.671,1,1,1,1
77,1.897,1,1,-1,0
77,2.151,0.8425925925925926,1,1,1
77,1.78,1,1,1,0
77,1.88,1,1,-1,0
77,1.689,1,1,-1,1
77,1.747,0.8703703703703703,1,1,1
77,1.568,1,1,1,0
77,1.701,0.9185185185185184,1,-1,1
77,2.599,0.9444444444444444,1,-1,0
77,1.649,1,1,1,0
77,2.396,0.5685185185185185,0,-1,1
77,2.055,0.6592592592592592,1,-1,0
77,1.505,1,1,1,1
77,2.031,0.7574074074074074,0,-1,0
77,1.521,1,1,1,1
77,1.877,0.7185185185185186,1,1,0
77,1.757,0.8166666666666667,1,-1,1
77,1.777,1,1,1,1
77,1.957,1,1,-1,0
77,1.901,0.7851851851851852,1,-1,1
77,1.51,1,1,1,0
77,3.418,0.38148148148148153,1,-1,0
77,1.691,0.8055555555555556,1,1,1
77,1.808,1,1,1,0
77,1.997,0.4555555555555556,1,-1,1
77,1.875,1,1,1,1
77,1.669,0.46851851851851856,1,-1,0
77,1.829,1,1,1,0
77,1.861,0.7907407407407407,1,-1,1
77,2.118,1,1,1,0
77,1.841,0.9185185185185184,1,-1,1
77,1.846,1,1,1,1
77,1.723,0.9574074074074074,1,-1,0
77,1.933,0.5240740740740741,1,-1,1
77,1.779,0.6722222222222223,1,-1,0
77,2.008,0.9166666666666666,1,1,0
77,1.426,1,1,1,1
142,2.893899999976158,1,1,-1,1
142,4.2511000000238415,1,1,-1,0
142,2.977099999904633,1,1,1,0
142,4.879899999976158,1,0,1,1
142,2.477900000095367,1,1,1,1
142,4.425799999952316,1,1,-1,0
142,3.906799999952316,1,1,-1,1
142,4.0215,1,1,1,0
142,2.2091000000238417,1,1,1,0
142,5.272199999928475,1,1,-1,0
142,3.652900000095367,1,1,-1,1
142,3.7526999999284745,1,1,1,1
142,3.0105,1,1,1,1
142,3.128900000095367,1,0,-1,0
142,2.864200000047684,1,1,-1,1
142,4.484400000095367,1,0,1,0
142,3.2045,1,1,1,0
142,2.4366000000238417,1,1,-1,1
142,2.3638999999761583,1,1,1,1
142,2.573400000095367,1,1,-1,0
142,3.998899999976158,1,1,1,1
142,3.8508000000715255,1,1,1,0
142,3.4793999999761582,1,1,-1,1
142,2.712,1,1,-1,0
142,2.107899999976158,1,1,1,1
142,2.0862999999523164,1,1,1,0
142,4.5675,1,0,-1,1
142,3.696600000023842,1,1,-1,0
142,2.8108000000715254,1,1,-1,0
142,3.310099999904633,1,1,1,0
142,2.1746000000238417,1,1,1,1
142,2.1222000000476835,1,1,-1,1
142,2.4663000000715254,1,1,-1,0
142,2.3912000000476836,1,1,1,1
142,5.5475,1,1,1,0
142,3.179099999904633,1,1,-1,1
142,3.4657000000476836,1,1,1,0
142,3.885100000023842,1,1,1,1
142,3.6636999999284745,1,1,-1,1
142,3.375700000047684,1,1,-1,0
142,2.3272000000476836,1,1,1,1
142,4.880600000023842,1,1,-1,1
142,6.352,1,0,1,0
142,3.4482000000476836,1,1,-1,0
142,2.0073000000715258,1,1,1,0
142,1.991600000023842,1,1,1,1
142,2.468299999952316,1,1,-1,0
142,2.415,1,1,-1,1
142,3.4722000000476836,1,1,-1,0
142,1.8182000000476835,1,1,1,1
142,2.243,1,1,-1,1
142,2.2933999999761583,1,1,1,0
142,3.2121999999284743,1,1,-1,1
142,2.9231999999284746,1,1,-1,0
142,2.2857999999523164,1,1,1,0
142,2.5457000000476837,1,1,1,1
142,2.695899999976158,1,1,-1,0
142,3.862899999976158,1,1,-1,1
142,2.4493000000715255,1,1,1,0
142,1.9362000000476836,1,1,1,1
142,1.9955,1,1,1,1
142,4.920900000095368,1,1,-1,1
142,2.9596999999284743,1,1,-1,0
142,2.16,1,1,1,0
151,2.601,0.8944444444444445,1,1,0
151,3.434,0.5592592592592592,1,-1,1
151,2.267,1,1,1,1
151,3.215,0.6574074074074074,1,-1,0
151,2.203,0.9333333333333332,1,1,0
151,4.35,0.9666666666666668,1,1,1
151,2.381,0.95,1,-1,1
151,2.24,0.8907407407407407,1,-1,0
151,2.058,0.9907407407407408,1,1,0
151,2.297,0.8555555555555556,1,-1,1
151,2.622,1,1,-1,0
151,2.092,1,1,1,1
151,4.786,0.6037037037037036,1,1,0
151,2.818,1,1,1,1
151,1.952,1,1,-1,0
151,2.375,0.8296296296296296,1,-1,1
151,2.296,1,1,-1,0
151,1.929,0.924074074074074,1,1,1
151,1.654,1,1,1,0
151,1.858,1,1,-1,1
151,3.468,0.24629629629629635,1,-1,1
151,2.182,1,1,1,0
151,2.026,1,1,1,1
151,2.801,0.6962962962962963,1,-1,0
151,2.107,1,1,1,0
151,2.036,1,1,1,1
151,1.911,1,1,-1,1
151,2.094,0.9944444444444444,1,-1,0
151,1.977,1,1,-1,0
151,1.82,1,1,1,0
151,2.016,1,1,1,1
151,2.553,0.6407407407407407,1,-1,1
151,2.519,1,1,1,0
151,1.831,0.7481481481481482,1,-1,0
151,1.658,1,1,1,1
151,1.843,0.837037037037037,1,-1,1
151,1.885,0.6574074074074074,1,-1,1
151,2.772,0.5851851851851853,1,-1,0
151,1.629,1,1,1,1
151,1.989,0.8388888888888889,1,1,0
151,1.848,0.9777777777777776,1,1,0
151,2.269,1,1,1,1
151,6.938,0.475925925925926,1,-1,0
151,2.815,0.5722222222222222,1,-1,1
151,2.02,1,1,1,0
151,1.925,0.9092592592592592,1,-1,0
151,2.948,0.5555555555555556,1,-1,1
151,2.566,1,1,1,1
151,1.848,1,1,1,0
151,1.971,0.8444444444444444,1,-1,1
151,1.911,1,1,1,1
151,1.876,0.6722222222222223,1,-1,0
151,2.62,1,1,1,1
151,2.42,1,1,-1,1
151,3.545,0.6370370370370371,1,1,0
151,1.956,0.7388888888888889,1,-1,0
151,3.324,0.09444444444444444,1,-1,1
151,2.667,0.9111111111111112,1,-1,0
151,1.97,1,1,1,0
151,1.705,1,1,1,1
151,2.076,0.7111111111111111,1,-1,1
151,2.041,0.7796296296296297,1,-1,0
151,3.518,1,1,1,0
151,1.861,1,1,1,1
108,2.279,0.5186625194401244,0,-1,1
108,2.187,0.9930015552099534,1,1,1
108,2.326,1,1,-1,0
108,1.757,1,1,1,0
108,1.883,1,1,1,0
108,1.776,1,1,1,1
108,2.173,0.9199066874027994,0,-1,1
108,2.503,1,1,-1,0
108,2.162,1,1,-1,0
108,1.572,1,1,1,1
108,1.938,1,1,1,0
108,2.532,0.364696734059098,1,-1,1
108,2.252,0.28382581648522553,1,-1,0
108,2.14,0.9572317262830482,1,-1,1
108,1.76,1,1,1,1
108,1.759,1,1,1,0
108,1.84,1,1,-1,0
108,2.37,1,1,-1,1
108,1.857,1,1,1,1
108,1.904,1,1,1,0
108,2.23,1,1,-1,1
108,2.636,0.2325038880248833,0,-1,0
108,1.88,0.9930015552099534,1,1,0
108,1.676,0.999222395023328,1,1,1
108,1.673,1,1,1,0
108,1.923,0.8685847589424572,1,-1,1
108,2.26,1,1,-1,0
108,1.614,0.999222395023328,1,1,1
108,1.603,1,1,1,0
108,2.076,0.9401244167962676,1,-1,0
108,1.707,0.9852255054432348,1,1,1
108,2.308,0.9199066874027994,0,-1,1
108,1.796,1,1,-1,1
108,1.635,1,1,1,1
108,1.975,1,1,-1,0
108,1.549,1,1,1,0
108,2.054,0.905909797822706,0,-1,1
108,1.968,1,1,-1,0
108,1.57,1,1,1,1
108,1.664,1,1,1,0
108,1.473,1,1,1,1
108,1.761,1,1,-1,0
108,1.487,1,1,1,0
108,1.82,1,1,-1,1
108,1.716,1,1,-1,1
108,1.549,1,1,1,1
108,1.696,1,1,-1,0
108,1.626,1,1,1,0
108,2.118,1,1,-1,1
108,1.679,0.994556765163297,1,1,1
108,1.594,0.9914463452566096,1,1,0
108,1.97,0.999222395023328,1,-1,0
108,2.04,0.9883359253499222,1,-1,1
108,1.547,1,1,1,1
108,1.593,1,1,1,0
108,1.736,1,1,-1,0
108,1.817,1,1,-1,0
108,1.653,1,1,1,0
108,1.802,1,1,1,1
108,1.817,1,1,-1,1
108,1.716,1,1,1,0
108,1.643,1,1,-1,0
108,1.641,1,1,1,1
108,1.834,1,1,-1,1
134,4.912699999988079,0.5416666666666667,1,-1,1
134,2.003300000011921,0.9921875,1,1,1
134,6.264199999988079,0.7005208333333333,1,1,0
134,5.233200000017882,0.7578125,1,-1,1
134,2.8924000000059604,0.8515625,1,1,0
134,2.909399999976158,0.875,1,-1,0
134,1.6359000000059605,1,1,1,1
134,2.9917000000178815,0.6770833333333333,1,-1,0
134,2.166,0.8932291666666666,1,1,0
134,5.007300000011921,0.7421875,1,-1,1
134,1.8389000000059605,1,1,1,1
134,1.5973000000119209,0.9010416666666666,1,1,1
134,1.9124000000059604,0.9921875,1,1,0
134,2.763199999988079,0.5729166666666667,0,-1,0
134,6.602,0.6119791666666667,1,-1,1
134,2.477,0.84375,1,1,0
134,2.8410999999940394,0.6770833333333333,1,-1,0
134,1.8879000000059605,1,1,1,1
134,4.319800000011921,0.8645833333333334,1,-1,1
134,1.7895,1,1,1,1
134,2.1861999999880792,0.9010416666666666,1,1,0
134,3.7806999999880793,0.7317708333333333,1,-1,1
134,1.9361000000238422,0.9869791666666666,1,-1,0
134,1.8925999999940395,0.9583333333333334,1,1,1
134,3.121,0.7369791666666667,1,-1,1
134,5.4355,0.8333333333333334,1,-1,0
134,5.438900000005961,0.5677083333333333,0,1,0
134,3.7162000000178814,0.8125,1,-1,0
134,6.470300000011921,0.5755208333333333,1,1,0
134,4.657699999988079,0.9661458333333334,1,-1,1
134,2.2932000000178814,0.9947916666666666,1,1,1
134,1.659,1,1,1,0
134,2.560199999988079,0.9947916666666666,1,-1,0
134,3.9155,0.9088541666666666,1,-1,1
134,1.654,1,1,1,1
134,3.79,0.6796875,1,-1,1
134,2.1505999999940397,0.859375,1,1,0
134,2.4142000000178814,0.9375,1,-1,0
134,1.6550999999940395,1,1,1,1
134,3.5867999999821185,1,1,-1,1
134,3.1969000000059604,0.9036458333333334,1,-1,0
134,1.918800000011921,0.9869791666666666,1,1,0
134,1.468800000011921,0.9765625,1,1,1
134,3.2504000000059605,0.796875,1,-1,1
134,2.037699999988079,0.9609375,1,1,0
134,1.4305,1,1,1,1
134,3.2145999999940393,0.9583333333333334,1,-1,0
134,3.678599999994039,0.7005208333333333,1,-1,0
134,1.5215999999940395,1,1,1,1
134,2.8701000000238417,0.765625,1,-1,1
134,1.5550999999940396,1,1,1,0
134,1.5675999999940395,1,1,1,1
134,1.560600000023842,0.9661458333333334,0,-1,1
134,3.5375999999940397,0.8854166666666666,1,-1,0
134,2.6105,0.9322916666666666,1,1,0
134,2.876,0.6015625,1,1,0
134,1.924300000011921,0.9713541666666666,1,1,1
134,3.0032999999821186,0.8958333333333334,1,-1,0
134,2.6849000000059604,0.9921875,1,-1,1
134,2.8050999999940394,0.7760416666666666,1,1,1
134,3.709599999994039,0.5598958333333333,1,-1,1
134,3.3391999999880793,0.6796875,1,1,0
134,3.0630999999940394,0.765625,1,-1,0
168,4.2838000000119205,1,1,1,1
168,2.4445999999642374,0.4351851851851852,1,-1,1
168,2.332199999988079,0.39814814814814814,1,-1,0
168,1.958,1,1,1,0
168,2.6915,0.512962962962963,1,1,1
168,2.1855,0.4037037037037037,1,-1,1
168,2.064300000011921,0.8444444444444444,1,1,1
168,2.0270999999642374,0.6870370370370371,1,-1,1
168,2.6138999999761583,1,1,-1,0
168,3.577699999988079,0.3740740740740741,0,1,0
168,2.324600000023842,0.7648148148148148,1,-1,0
168,1.8705,0.7555555555555555,1,1,1
168,2.829300000011921,1,1,-1,1
168,1.9868999999761578,1,1,1,0
168,2.2259000000357627,1,1,-1,0
168,3.849900000035763,0.6518518518518519,1,1,1
168,4.747300000011921,0.4574074074074074,0,1,0
168,1.965600000023842,1,1,-1,1
168,1.867199999988079,0.6462962962962964,1,1,1
168,1.7551000000238421,0.5111111111111111,1,-1,1
168,2.181199999988079,1,1,-1,0
168,1.661899999976158,1,1,1,0
168,1.8598999999761578,1,1,1,1
168,1.898199999988079,1,1,-1,1
168,2.8358999999761583,1,1,1,0
168,1.646300000011921,1,1,-1,0
168,1.9668999999761578,0.5481481481481482,1,1,0
168,2.145599999964237,1,1,-1,0
168,2.0725,0.4796296296296296,1,-1,1
168,2.4692999999523164,0.6888888888888889,1,1,1
168,2.9295999999642373,0.6148148148148148,1,-1,1
168,1.779199999988079,1,1,1,1
168,1.9507999999523165,1,1,1,0
168,2.2675999999642373,0.5296296296296297,1,-1,0
168,1.848,1,1,-1,1
168,2.175099999964237,0.7425925925925926,1,-1,0
168,1.751300000011921,1,1,1,0
168,1.7574000000357628,1,1,1,1
168,1.6518999999761579,1,1,1,0
168,2.0403999999761577,1,1,1,1
168,2.147,0.4648148148148148,1,-1,1
168,2.632199999988079,0.5833333333333333,1,-1,0
168,1.6923000000119208,1,1,1,1
168,1.558399999976158,1,1,1,0
168,2.040199999988079,0.5518518518518518,1,-1,1
168,1.870800000011921,1,1,-1,0
168,1.815199999988079,1,1,-1,1
168,1.756600000023842,1,1,-1,0
168,3.121,0.6537037037037037,0,1,1
168,1.8011000000238422,1,1,1,0
168,2.220699999988079,1,1,1,0
168,1.5285,1,1,1,1
168,2.611,1,1,-1,1
168,3.309900000035763,1,1,-1,0
168,2.231,1,1,1,0
168,2.215800000011921,1,1,-1,1
168,1.8725,1,1,1,1
168,2.037899999976158,1,1,-1,0
168,2.935600000023842,1,1,-1,0
168,2.220300000011921,0.7018518518518518,1,1,0
168,2.926699999988079,0.6444444444444444,1,-1,1
168,2.245899999976158,1,1,1,1
203,3.6636999999880793,0.6638888888888889,1,-1,0
203,2.739800000011921,1,1,-1,1
203,1.738199999988079,1,1,1,1
203,1.6481000000238422,1,1,1,0
203,2.008599999964237,1,1,-1,1
203,1.6705,1,1,1,0
203,2.173100000023842,1,1,-1,0
203,1.783300000011921,1,1,1,1
203,1.611400000035763,1,1,1,1
203,2.43,1,1,-1,1
203,3.1528000000119207,1,1,-1,0
203,1.6842999999523165,1,1,1,0
203,1.9435,1,1,-1,0
203,2.655199999988079,1,1,-1,1
203,1.9025,1,1,1,1
203,1.952100000023842,1,1,1,0
203,1.941,1,1,1,0
203,1.591800000011921,1,1,1,1
203,1.985600000023842,1,1,-1,0
203,2.325300000011921,1,1,-1,1
203,2.019699999988079,1,1,1,1
203,1.943600000023842,1,1,-1,1
203,1.692100000023842,1,1,1,0
203,1.739,1,1,-1,0
203,1.7209000000357628,1,1,1,0
203,1.8381999999880791,1,1,-1,0
203,4.397800000011921,1,1,1,1
203,1.711,1,1,-1,1
203,3.361300000011921,1,1,1,0
203,1.650600000023842,1,1,1,1
203,1.8743999999761578,1,1,-1,0
203,1.9207999999523164,1,1,-1,1
203,1.987,1,1,-1,0
203,2.9485,1,1,1,1
203,1.837199999988079,1,1,1,0
203,1.659100000023842,1,1,1,0
203,3.0935,1,1,-1,0
203,3.2685,1,1,-1,1
203,1.792,1,1,1,1
203,1.9899000000357627,1,1,1,1
203,1.6195999999642372,1,1,1,0
203,1.5745,1,1,-1,1
203,2.083800000011921,1,1,-1,0
203,1.6815,1,1,1,0
203,1.995,1,1,-1,0
203,1.729699999988079,1,1,1,1
203,1.756600000023842,1,1,-1,1
203,1.9946000000238422,1,1,-1,0
203,2.2852000000476838,1,1,1,0
203,2.047600000023842,1,1,1,1
203,1.604,1,1,-1,1
203,1.6372999999523166,1,1,1,0
203,1.6080999999642371,1,1,1,1
203,1.8761999999880792,1,1,-1,1
203,1.933100000023842,1,1,-1,0
203,1.8635,1,1,1,0
203,1.7395,1,1,-1,1
203,1.973,1,1,-1,0
203,1.550399999976158,1,1,1,1
203,1.8501000000238421,1,1,1,1
203,4.591699999988079,1,1,1,0
203,2.2855,1,1,-1,1
4,1.791,1,1,1,0
4,2.317,1,1,-1,1
4,2.089,1,1,-1,0
4,1.618,1,1,1,1
4,1.675,1,1,1,1
4,1.539,1,1,1,0
4,3.47,1,1,-1,0
4,2.508,1,1,-1,1
4,1.894,1,1,1,0
4,1.899,1,1,1,1
4,2.554,1,1,-1,0
4,3.167,1,1,-1,1
4,1.722,1,1,1,1
4,1.506,1,1,1,0
4,1.761,1,1,-1,0
4,2.331,1,1,-1,1
4,2.432,1,1,-1,0
4,2.729,1,1,-1,1
4,1.476,1,1,1,1
4,1.546,1,1,1,0
4,1.421,1,1,1,1
4,1.898,1,1,-1,1
4,1.664,1,1,-1,0
4,1.843,1,1,1,0
4,1.674,1,1,1,0
4,1.89,1,1,-1,1
4,5.392,1,1,1,1
4,2.321,1,1,-1,0
4,1.447,1,1,1,1
4,2.152,1,1,-1,0
4,1.417,1,1,1,0
4,1.851,1,1,-1,1
4,1.499,1,1,1,1
4,1.645,1,1,-1,1
4,1.734,1,1,-1,0
4,1.722,1,1,1,0
4,1.558,1,0,-1,1
4,1.64,1,1,1,0
4,1.655,1,1,1,1
4,2.253,1,1,-1,0
4,2.359,1,1,-1,1
4,1.523,1,1,1,1
4,4.01,1,1,-1,0
4,1.873,1,1,1,0
4,4.332,1,1,-1,0
4,2.036,1,1,-1,1
4,1.761,1,1,1,0
4,1.722,1,1,1,1
4,1.849,1,1,1,1
4,2.627,1,1,-1,0
4,1.661,1,1,1,0
4,1.872,1,1,-1,1
4,1.483,1,1,1,1
4,1.952,1,1,-1,1
4,1.467,1,1,1,0
4,1.617,1,1,-1,0
4,1.666,1,1,1,0
4,2.623,1,1,-1,1
4,1.426,1,1,1,1
4,1.637,1,1,-1,0
4,1.639,1,1,-1,1
4,2.033,1,1,-1,0
4,1.571,1,1,1,0
4,3.536,1,1,1,1
76,2.4115,0.6035031017793971,1,-1,1
76,1.82839999999851,1,1,1,0
76,2.18639999999851,1,1,-1,0
76,1.6343000000044703,1,1,1,1
76,1.9325,1,1,1,0
76,2.17620000000298,1,1,1,1
76,2.1145,1,1,-1,0
76,2.00289999999851,1,1,-1,1
76,1.8725,1,1,-1,0
76,1.88820000000298,1,1,-1,1
76,1.6894000000059604,1,1,1,0
76,1.5875,1,1,1,1
76,2.3897999999970203,1,0,1,1
76,1.7347999999970198,1,1,1,0
76,1.87889999999851,1,1,-1,1
76,2.478,1,1,-1,0
76,2.07219999999553,0.6213374966838557,1,1,1
76,2.50420000000298,0.7130572419067857,0,1,0
76,1.866,1,1,-1,0
76,1.7831999999955297,1,1,-1,1
76,1.7747000000029802,1,1,-1,1
76,2.5495,1,1,-1,0
76,1.6356000000014899,1,1,1,1
76,1.9243999999985102,1,0,1,0
76,1.6587000000029801,1,1,1,0
76,2.1317000000029798,1,1,-1,0
76,2.611,1,0,1,1
76,2.1868999999985097,1,1,-1,1
76,2.31389999999851,1,1,-1,0
76,2.6549000000059606,1,0,1,1
76,2.4021000000014903,1,1,-1,1
76,1.81629999999702,1,1,1,0
76,2.0596999999955297,1,1,-1,0
76,2.2813999999985097,0.13471329286219969,1,1,1
76,1.8273999999985102,1,1,-1,1
76,1.61510000000149,1,1,1,0
76,1.92079999999702,1,1,1,0
76,1.87110000000149,1,1,-1,0
76,2.88620000000298,1,1,-1,1
76,2.31970000000298,1,1,1,1
76,2.08730000000447,1,1,-1,0
76,2.35389999999851,1,1,-1,1
76,2.5589000000059605,1,0,1,1
76,1.9076999999955297,1,1,1,0
76,2.88069999999553,1,1,-1,0
76,2.26680000000447,1,0,1,0
76,1.6527000000029803,1,1,1,1
76,1.9476999999955296,1,1,-1,1
76,1.896,1,0,-1,0
76,1.82279999999702,1,1,1,0
76,1.71239999999851,1,1,-1,1
76,1.7067000000029802,1,1,-1,1
76,2.04060000000149,1,1,1,1
76,2.2094000000059606,1,0,-1,0
76,1.87970000000298,1,1,1,0
76,1.81979999999702,1,1,1,1
76,1.99960000000149,0.2391718915883143,0,-1,1
76,1.85079999999702,1,1,-1,0
76,1.6417999999970199,1,1,1,0
76,1.5496000000014898,1,1,1,1
76,2.01479999999702,1,1,-1,0
76,1.855,1,1,1,0
76,1.87479999999702,1,1,-1,1
212,2.3162000000178815,0.7552380952380953,1,1,1
212,2.6445999999940395,0.4733333333333334,0,-1,1
212,3.9308000000119208,0.7019047619047619,1,-1,0
212,1.959,1,1,1,0
212,2.5884000000059606,0.43333333333333335,1,-1,0
212,1.7397000000178815,1,1,1,1
212,1.7277999999821185,0.9990476190476192,1,1,0
212,2.446300000011921,0.7304761904761905,1,-1,1
212,2.533199999988079,0.8961904761904762,1,-1,0
212,3.0650999999940396,0.9723809523809523,1,1,0
212,2.7245999999940396,0.4542857142857143,1,-1,1
212,1.9710999999940395,0.9133333333333332,1,1,1
212,2.3231999999880792,0.9685714285714284,1,-1,0
212,1.8761999999880792,0.9628571428571427,1,1,1
212,4.197800000011921,0.6123809523809524,1,1,0
212,1.9427000000178816,0.680952380952381,1,-1,1
212,2.3735999999940396,0.7838095238095238,1,1,0
212,1.795,0.6352380952380952,1,-1,1
212,2.6155,0.6352380952380952,1,-1,0
212,2.104300000011921,0.7780952380952381,1,1,1
212,2.0349000000059605,0.6447619047619048,1,-1,1
212,2.35,0.621904761904762,1,1,0
212,1.8542999999821184,0.7838095238095238,1,1,1
212,3.002700000017881,0.8066666666666666,1,-1,0
212,1.8569000000059606,0.8828571428571429,1,1,1
212,4.0265,0.4485714285714286,0,1,0
212,2.0070999999940393,0.8142857142857143,1,-1,0
212,1.9865999999940396,0.8523809523809524,1,-1,1
212,1.7569000000059605,0.6085714285714285,1,-1,0
212,2.6295,0.6866666666666666,1,-1,1
212,2.9379000000059605,0.7666666666666666,1,1,0
212,2.158800000011921,0.5342857142857143,1,1,1
212,2.5735999999940393,0.5152380952380953,1,-1,1
212,1.4762000000178814,0.8866666666666667,1,1,1
212,2.7395999999940397,0.6314285714285715,1,-1,0
212,2.652,0.5495238095238095,1,1,0
212,1.6810999999940395,0.861904761904762,1,1,1
212,2.2912999999821184,0.7838095238095238,1,-1,1
212,1.891399999976158,0.9228571428571428,1,1,0
212,3.085200000017881,0.7076190476190476,1,-1,0
212,1.6269000000059604,0.9476190476190476,1,1,1
212,2.369,0.7038095238095239,1,-1,0
212,1.708,1,1,1,0
212,2.098899999976158,0.7342857142857142,1,-1,1
212,2.912100000023842,0.7838095238095238,1,-1,0
212,2.026800000011921,0.7038095238095239,1,-1,1
212,1.6824000000059605,0.8847619047619047,1,1,1
212,1.7085,0.8123809523809524,1,1,0
212,2.5915999999940396,0.7171428571428571,1,1,1
212,1.712199999988079,0.8371428571428572,1,1,0
212,1.8605999999940395,0.720952380952381,1,-1,1
212,1.842,0.6466666666666667,1,-1,0
212,1.4592000000178813,0.8276190476190476,1,1,0
212,2.174,0.439047619047619,1,1,1
212,3.057,0.3933333333333333,1,-1,0
212,1.8025999999940396,0.6733333333333333,1,-1,1
212,1.9150999999940395,0.7304761904761905,1,-1,0
212,2.3409000000059605,0.5495238095238095,1,1,0
212,1.6744000000059605,0.7685714285714286,1,1,1
212,1.8960999999940396,0.6961904761904762,1,-1,1
212,2.5170999999940395,0.86,1,1,1
212,1.5467999999821187,1,1,1,0
212,1.8917000000178816,0.6238095238095238,1,-1,0
212,1.7235999999940395,0.5247619047619048,1,-1,1
193,6.034999999999971,0.9,1,-1,1
193,2.477,0.8803571428571428,1,1,1
193,6.000999999999971,0.7678571428571428,1,1,0
193,2.717999999999971,0.9410714285714286,1,1,0
193,6.931,0.7446428571428572,1,1,1
193,4.933,0.9625,1,-1,0
193,5.718,1,1,-1,1
193,2.619,1,1,1,1
193,5.763,0.9339285714285714,1,-1,0
193,6.81,0.9339285714285714,1,-1,1
193,2.352,0.9339285714285714,1,1,0
193,5.962,0.9928571428571428,1,-1,0
193,3.5649999999999418,0.8607142857142858,1,1,0
193,4.049,0.9767857142857144,1,-1,1
193,2.543,0.9071428571428573,1,1,1
193,4.921999999999942,0.9553571428571428,1,-1,1
193,2.842,0.9214285714285716,1,1,0
193,5.92,0.9196428571428572,1,-1,0
193,2.869,0.8892857142857142,1,1,0
193,6.203000000000058,1,1,-1,1
193,4.284,1,1,-1,0
193,2.549,1,1,1,1
193,2.358,0.9642857142857144,1,1,0
193,2.252,1,1,1,1
193,5.780000000000058,0.75,1,-1,0
193,3.451,1,1,-1,1
193,3.854,0.7571428571428571,1,1,1
193,2.536,1,1,1,0
193,3.866,1,1,-1,1
193,6.801999999999942,1,1,-1,0
193,4.930999999999884,0.8267857142857142,1,-1,0
193,3.4459999999998834,0.8303571428571428,1,1,1
193,4.1200000000001165,1,1,-1,1
193,5.871,0.8517857142857143,1,1,0
193,2.048,0.8839285714285714,1,1,0
193,3.542,1,1,-1,1
193,2.258,0.9946428571428572,1,1,1
193,4.014999999999883,1,1,-1,0
193,4.336000000000117,1,1,-1,1
193,2.359,0.8678571428571429,1,1,1
193,5.211,1,1,-1,0
193,2.677,0.9428571428571428,1,1,0
193,4.259,0.8321428571428572,1,1,1
193,2.748,1,1,1,0
193,3.692,1,1,-1,1
193,4.197999999999883,0.7892857142857143,1,-1,0
193,5.608,0.8089285714285714,1,-1,0
193,3.775,0.8125,1,-1,1
193,4.323,1,1,1,1
193,2.329,1,1,1,0
193,3.872999999999883,1,1,-1,0
193,2.321,0.8660714285714286,1,1,0
193,1.9800000000001163,0.9410714285714286,1,1,1
193,3.1549999999998835,1,1,-1,1
193,2.466,0.9196428571428572,1,1,1
193,3.352,1,1,-1,1
193,2.298,0.9035714285714286,1,1,0
193,4.99,0.7446428571428572,1,-1,0
193,4.097,0.8142857142857143,1,-1,1
193,1.963,1,1,1,0
193,3.816,1,1,-1,0
193,4.456,0.8142857142857143,1,1,1
208,1.8937000000476836,0.9735362998076847,1,-1,0
208,2.4538000000715257,0.6503512880980828,1,1,0
208,2.6581999999284744,1,1,-1,1
208,2.8947999999523164,0.7112412178404717,1,1,1
208,3.1087999999523164,0.7416861827116661,1,-1,0
208,2.6947999999523162,0.6854800937186918,1,1,1
208,2.2708000000715254,0.6316159251004247,1,1,0
208,2.7198000000715257,0.7299765808381298,1,-1,1
208,3.224,0.7042154567163499,1,-1,1
208,3.292399999976158,0.7440281030863733,1,1,1
208,2.047600000023842,0.795550351329933,1,1,0
208,2.423399999976158,0.8423887588240782,1,-1,0
208,2.2253999999761582,0.8400468384493709,1,1,1
208,2.5846999999284743,0.8704918033205653,1,1,0
208,2.3556999999284742,0.8962529274423452,1,-1,1
208,3.62,0.8962529274423452,1,-1,0
208,3.3577000000476835,0.9337236534376614,1,-1,1
208,2.171799999952316,0.9103044496905888,1,1,1
208,1.8235,0.8447306791987854,1,1,0
208,2.2451000000238417,0.7463700234610806,1,-1,0
208,1.9179000000953672,0.5847775176062796,1,-1,1
208,1.671,0.6925058548428136,1,1,0
208,1.7442999999523165,0.6105386417280595,1,1,1
208,1.8867999999523166,0.5730679157327433,1,-1,0
208,1.9815,0.5262295082385982,1,-1,0
208,3.0022999999523163,0.5262295082385982,1,1,1
208,2.856399999976158,0.6480093677233756,1,-1,1
208,1.851399999976158,0.8049180328287621,1,1,0
208,2.449799999952316,0.8447306791987854,1,1,1
208,2.306,0.8189695550770056,1,1,0
208,2.320400000095367,0.8447306791987854,1,-1,0
208,2.8795,0.8470725995734927,1,-1,1
208,2.459599999904633,0.795550351329933,1,-1,0
208,3.066200000047684,0.16557377053368005,0,-1,1
208,2.1972000000476837,0.7885245902058112,1,1,1
208,1.8883000000715255,0.9009367681917596,1,1,0
208,2.430900000095367,0.8236533958264202,1,-1,0
208,2.404100000023842,0.8494145199481999,1,1,0
208,1.8152999999523165,0.8283372365758346,1,1,1
208,3.085299999952316,0.7838407494563967,1,-1,1
208,1.9406000000238421,0.7838407494563967,1,1,0
208,2.7731000000238417,0.7838407494563967,1,-1,0
208,2.766400000095367,0.7838407494563967,1,-1,1
208,1.7216999999284743,0.7838407494563967,1,1,1
208,3.1155,0.786182669831104,1,-1,0
208,2.1266000000238416,0.786182669831104,1,-1,1
208,1.7211000000238421,0.786182669831104,1,1,0
208,2.281600000023842,0.786182669831104,1,1,1
208,2.0141000000238423,0.786182669831104,1,1,0
208,1.819,0.786182669831104,1,-1,1
208,1.6537999999523165,0.786182669831104,1,1,1
208,1.9565,0.786182669831104,1,-1,0
208,3.1702000000476835,0.786182669831104,1,-1,1
208,1.7052000000476835,0.786182669831104,1,1,1
208,2.852399999976158,0.786182669831104,1,-1,0
208,3.3116000000238417,0.786182669831104,1,1,0
208,1.9885,0.786182669831104,1,-1,0
208,1.7728999999761579,0.786182669831104,1,1,1
208,2.0332999999523165,0.786182669831104,1,-1,1
208,2.485200000047684,0.786182669831104,1,1,0
208,6.314600000023842,0.786182669831104,1,-1,1
208,2.7785,0.786182669831104,1,1,0
208,2.0781999999284744,0.786182669831104,1,1,1
208,2.226,0.786182669831104,1,-1,0
34,1.7320999999046325,0.7888888888888889,1,1,0
34,1.9174000000953673,0.6944444444444444,1,1,1
34,2.3697999999523165,0.7,1,-1,1
34,2.0912999999523163,0.7777777777777778,1,-1,0
34,2.2537999999523164,0.675,1,-1,0
34,2.255600000143051,0.6833333333333333,1,1,0
34,2.1845,0.8277777777777777,1,-1,1
34,1.8275,0.8638888888888889,1,1,1
34,1.8077000000476835,0.7583333333333333,1,1,1
34,1.8649000000953673,0.7333333333333334,1,-1,1
34,1.9864000000953672,0.775,1,-1,0
34,1.577100000143051,0.7111111111111111,1,1,0
34,1.8675999999046329,0.7888888888888889,1,-1,0
34,1.5895,0.7416666666666667,1,1,1
34,1.9212000000476834,0.65,1,-1,1
34,2.1283999998569487,0.7277777777777779,1,1,0
34,1.5608999998569488,0.7027777777777777,1,1,1
34,3.025799999952316,0.6805555555555556,1,1,0
34,1.9473000001907348,0.8194444444444444,1,-1,0
34,1.8842999999523165,0.6666666666666667,1,-1,1
34,1.795,0.725,1,1,1
34,1.5537000000476835,0.7861111111111111,1,1,0
34,1.8607999999523166,0.8527777777777777,1,-1,0
34,1.7417999999523166,0.8444444444444444,1,-1,1
34,2.1605,0.6805555555555556,1,-1,0
34,1.6172999999523165,0.65,1,1,0
34,1.8029000000953672,0.75,1,-1,1
34,1.6178999998569488,0.7611111111111111,1,1,1
34,1.6072000000476836,0.7722222222222223,1,1,1
34,2.770700000047684,0.8222222222222222,0,1,0
34,1.7776000001430512,0.7444444444444445,1,-1,0
34,1.6672999999523166,0.8444444444444444,1,-1,1
34,2.022,0.7555555555555555,1,-1,0
34,1.7465999999046327,0.825,1,1,1
34,1.9531000001430512,0.825,1,1,0
34,1.963,0.6722222222222223,1,-1,1
34,2.0555,0.8361111111111111,1,-1,0
34,1.7100999999046325,0.8555555555555556,1,1,1
34,1.869,0.5722222222222222,0,-1,1
34,1.5473999998569488,0.7916666666666666,1,1,0
34,1.5367999999523165,0.8,1,1,0
34,1.9782999999523165,0.6194444444444445,1,-1,0
34,2.7946000001430513,0.6777777777777778,1,-1,1
34,1.521,0.8111111111111111,1,1,1
34,2.362899999856949,0.6166666666666667,1,-1,0
34,2.284799999952316,0.7194444444444444,1,-1,1
34,1.5512000000476835,0.6333333333333333,1,1,1
34,1.572399999856949,0.7361111111111112,1,1,0
34,1.5553000001907349,0.6055555555555556,0,-1,1
34,1.568,0.7611111111111111,1,1,1
34,2.2735,0.5888888888888889,1,-1,0
34,1.6,0.7222222222222222,1,1,0
34,1.9394000000953673,0.6055555555555556,1,-1,0
34,2.111599999904633,0.6194444444444445,1,-1,1
34,1.496,0.7888888888888889,1,1,0
34,1.6307999999523166,0.6694444444444445,1,1,1
34,1.5597000000476835,0.7944444444444445,1,1,0
34,1.7047000000476835,0.825,1,1,1
34,1.7437999999523166,0.5527777777777778,1,-1,1
34,1.9062000000476835,0.5333333333333333,1,-1,0
34,2.168700000047684,0.5888888888888889,1,-1,0
34,1.5123999998569488,0.7638888888888888,1,1,0
34,1.5188999998569488,0.8222222222222222,1,1,1
34,1.709399999856949,0.7222222222222222,1,-1,1
44,1.5868999998569489,0.8796296296296297,1,-1,0
44,2.104899999856949,0.8263888888888888,1,1,0
44,2.961200000047684,0.8194444444444444,1,1,1
44,2.391400000095367,0.7615740740740741,1,-1,1
44,2.2177999999523164,0.9930555555555556,1,-1,0
44,1.8560999999046328,1,1,-1,1
44,1.924900000095367,1,1,1,1
44,4.579,0.7685185185185185,1,1,0
44,1.7849000000953674,0.8981481481481481,1,-1,1
44,2.364,0.8935185185185185,1,-1,0
44,2.446,0.7407407407407407,1,1,0
44,2.108900000095367,0.6481481481481481,1,1,1
44,3.8411000001430513,0.46064814814814814,0,1,0
44,2.154799999952316,1,1,-1,0
44,1.8252999999523165,1,1,-1,1
44,2.258700000047684,0.8819444444444444,1,1,1
44,3.2367999999523165,1,1,-1,0
44,3.666699999809265,1,1,1,1
44,2.874099999904633,0.4722222222222222,1,1,0
44,2.090200000047684,0.9652777777777778,1,-1,1
44,2.1615,0.5462962962962963,1,1,1
44,2.0453000001907347,0.988425925925926,1,-1,1
44,1.7761000001430511,0.7777777777777778,1,1,0
44,2.0486000001430513,1,1,-1,0
44,2.048,1,1,-1,1
44,1.9642000000476836,0.8518518518518519,1,1,0
44,2.1027000000476836,0.8217592592592593,1,1,1
44,2.0686000001430513,1,1,-1,0
44,2.467,0.4351851851851852,1,1,0
44,2.3347999999523164,0.7175925925925926,1,1,1
44,2.056100000143051,0.5694444444444444,1,-1,1
44,1.763,0.4236111111111112,1,-1,0
44,1.5855999999046326,1,1,1,0
44,2.504700000047684,0.6319444444444444,1,1,1
44,2.297900000095367,0.9050925925925926,1,-1,0
44,2.290199999809265,0.9814814814814816,1,-1,1
44,2.474900000095367,0.12268518518518524,0,1,0
44,2.749600000143051,1,1,1,1
44,2.787,0.6921296296296297,1,-1,0
44,2.3009000000953668,0.7777777777777778,1,-1,1
44,2.475299999952316,0.3796296296296297,0,-1,0
44,2.329600000143051,0.6481481481481481,1,-1,1
44,2.269700000047684,0.4351851851851852,1,1,1
44,1.9453000001907348,1,1,1,0
44,3.009099999904633,1,1,1,0
44,3.427,0.5277777777777778,1,-1,1
44,2.261400000095367,1,1,1,1
44,2.2522999999523163,1,1,-1,0
44,2.7107000000476837,1,1,1,1
44,2.0261999998092652,1,1,-1,1
44,2.483700000047684,1,1,-1,0
44,2.435900000095367,0.4861111111111112,1,1,0
44,2.724400000095367,0.9976851851851852,1,1,1
44,2.2845,1,1,-1,0
44,2.2907999999523163,1,1,-1,1
44,2.394,1,1,1,0
44,2.381,0.7592592592592593,1,-1,0
44,2.292,1,1,1,1
44,2.093599999904633,0.9328703703703703,1,-1,1
44,2.3032999999523165,0.8101851851851851,1,1,0
44,2.260400000095367,0.9421296296296297,1,-1,0
44,2.1252000000476836,0.9027777777777778,1,-1,1
44,3.5557999999523164,0.625,1,1,0
44,2.123600000143051,1,1,1,1
138,6.14,0.27222222222222225,0,-1,1
138,3.05,0.7722222222222223,1,1,0
138,2.495,0.8518518518518519,1,1,1
138,5.144,0.5111111111111111,1,-1,0
138,6.771,0.39629629629629626,1,-1,1
138,3.044,0.8,1,1,1
138,4.017,0.6129629629629629,1,-1,0
138,2.375,0.6814814814814815,1,1,0
138,4.199,0.4555555555555556,1,-1,0
138,2.962,0.8092592592592592,1,1,1
138,4.559,0.5666666666666667,1,-1,1
138,2.972,0.6333333333333333,1,1,0
138,3.341,0.5462962962962963,1,-1,0
138,2.713,0.6055555555555556,1,1,0
138,2.035,0.9166666666666666,1,1,1
138,4.086,0.28148148148148144,1,-1,1
138,1.771,0.8074074074074074,1,1,0
138,2.42,0.3851851851851852,1,-1,1
138,2.213,0.7296296296296296,1,1,1
138,2.777,0.6203703703703703,1,-1,0
138,2.461,0.7740740740740741,1,1,1
138,2.953,0.537037037037037,1,-1,1
138,2.889,0.587037037037037,1,-1,0
138,2.199,0.7185185185185186,1,1,0
138,4.051,0.587037037037037,1,-1,0
138,2.459,0.8407407407407408,1,1,1
138,2.181,0.8092592592592592,1,-1,1
138,3.716,0.4796296296296296,1,1,0
138,3.599,0.7055555555555555,0,1,0
138,2.015,0.8425925925925926,1,-1,1
138,2.033,0.8666666666666667,1,1,1
138,1.835,0.5277777777777778,1,-1,0
138,2.336,0.8277777777777777,1,1,1
138,2.916,0.6537037037037037,1,1,0
138,3.43,0.8296296296296296,1,-1,1
138,2.446,0.8759259259259259,1,-1,0
138,2.103,0.6574074074074074,1,1,1
138,2.073,0.762962962962963,1,-1,1
138,2.844,0.7722222222222223,1,-1,0
138,2.128,0.6370370370370371,1,1,0
138,2.102,0.7833333333333333,1,-1,1
138,2.264,0.6981481481481482,1,1,0
138,1.859,0.9037037037037036,1,-1,0
138,1.934,0.8722222222222222,1,1,1
138,1.871,0.9222222222222224,1,-1,0
138,2.925,0.9314814814814816,1,1,1
138,2.226,0.5777777777777777,1,-1,1
138,1.91,0.8351851851851853,1,1,0
138,2.976,0.8092592592592592,1,-1,1
138,3.202,0.6111111111111112,1,-1,0
138,1.831,0.8666666666666667,1,1,1
138,2.181,0.7759259259259259,1,1,0
138,1.947,0.8722222222222222,1,-1,0
138,2.476,0.7574074074074074,1,-1,1
138,2.134,0.7018518518518518,1,1,1
138,3.972,0.6574074074074074,0,1,0
138,1.82,0.9185185185185184,1,1,1
138,2.069,0.7666666666666666,1,-1,0
138,3.384,0.5925925925925926,1,-1,1
138,2.94,0.7148148148148148,1,1,0
138,4.313,0.5703703703703704,1,1,0
138,2.544,0.6018518518518519,1,1,1
138,2.002,0.7962962962962963,1,-1,0
138,2.649,0.7814814814814814,1,-1,1
181,1.9621000000014899,0.49,1,-1,1
181,2.5664000000059604,0.9075,1,1,0
181,2.9055,0.7375,1,-1,0
181,2.0843999999985097,0.875,1,1,1
181,1.7942000000029803,0.835,1,-1,0
181,1.77410000000149,0.735,1,1,1
181,2.0482999999970204,0.735,1,-1,1
181,1.861,0.5175000000000001,1,1,0
181,2.0766999999955296,0.69,1,-1,0
181,2.0395,0.615,1,1,1
181,1.7702000000029803,0.7475,1,1,0
181,1.74760000000149,0.76,1,-1,1
181,1.6777000000029803,0.8275,1,-1,1
181,1.83039999999851,0.7675,1,1,1
181,1.6666000000014898,0.675,1,-1,0
181,1.5970999999940396,0.845,1,1,0
181,3.4427000000029797,0.72,1,1,0
181,2.04310000000149,0.3675000000000001,1,1,1
181,2.04970000000298,0.8125,1,-1,1
181,1.7751000000014898,0.8375,1,-1,0
181,1.62539999999851,0.8125,1,-1,0
181,1.644,0.9075,1,1,1
181,1.7308000000044703,0.8049999999999999,1,-1,1
181,1.9083999999985102,0.74,1,1,0
181,1.5922999999970198,0.685,1,-1,0
181,1.5938999999985102,1,1,1,0
181,1.92710000000149,0.8975,1,-1,1
181,1.6918000000044704,0.8075,1,1,1
181,1.6622000000029802,0.64,1,-1,0
181,2.1065,0.8475,1,1,0
181,1.557,0.7175,1,-1,1
181,1.9753999999985101,0.5925,1,1,1
181,2.55989999999851,0.78,1,1,0
181,1.97570000000298,0.75,1,-1,1
181,2.1902999999970203,0.905,1,1,1
181,2.08639999999851,0.775,1,-1,0
181,1.7288999999985102,1,1,1,1
181,3.1854000000059606,0.77,1,-1,0
181,1.9215,0.8725,0,-1,1
181,1.9481999999955297,0.765,1,1,0
181,2.69229999999702,0.9025,1,1,0
181,2.68029999999702,0.43500000000000005,1,-1,1
181,1.8471000000014899,1,1,1,1
181,2.1926999999955297,0.9175,1,-1,0
181,1.9263000000044703,0.28,1,1,0
181,1.817,0.20499999999999996,1,-1,1
181,3.22310000000149,0.37749999999999995,1,-1,0
181,1.85079999999702,0.7424999999999999,1,1,1
181,2.4707999999970203,0.6174999999999999,1,-1,0
181,1.6668000000044703,0.4925000000000001,1,1,0
181,1.81670000000298,0.33499999999999996,1,-1,1
181,1.7042999999970199,0.52,1,1,1
181,1.8258999999985102,0.5800000000000001,1,1,0
181,1.7233999999985101,0.1925,0,-1,1
181,1.8103000000044704,0.37250000000000005,0,-1,0
181,1.747,0.725,1,1,1
181,1.7635,0.84,1,1,1
181,1.8611999999955295,0.41,1,1,0
181,2.2555,0.24750000000000005,1,-1,0
181,2.127,0.3824999999999999,1,-1,1
181,1.61110000000149,0.495,1,1,0
181,1.7422000000029803,0.62,1,1,1
181,1.7493000000044703,0.5475,1,-1,1
181,1.8745,0.38,1,-1,0
21,3.7703000001907347,0.8611111111111112,1,1,0
21,3.91989999961853,0.8333333333333334,1,-1,1
21,3.468800000190735,0.8861111111111111,1,1,1
21,3.9716999998092652,0.8722222222222222,1,-1,0
21,5.7180999999046325,0.8666666666666667,1,1,0
21,2.4884000000953668,0.8861111111111111,1,1,1
21,4.687900000095367,0.9,1,-1,0
21,4.668599999904632,0.9111111111111112,1,-1,1
21,4.089700000286102,0.9055555555555556,1,-1,0
21,2.958,0.9083333333333332,1,1,1
21,3.645800000190735,0.9111111111111112,1,-1,1
21,3.496699999809265,0.9166666666666666,1,-1,0
21,2.556699999809265,0.8972222222222223,1,1,1
21,4.185599999904633,0.8888888888888888,1,1,0
21,4.450900000095367,0.8611111111111112,1,-1,1
21,2.8207000002861022,0.9,1,1,0
21,2.0955,0.8777777777777778,1,1,1
21,4.014300000190735,0.8861111111111111,1,-1,1
21,3.683699999809265,0.8722222222222222,1,-1,0
21,4.316799999713898,0.8583333333333334,1,1,1
21,2.770900000095367,0.8972222222222223,1,-1,0
21,3.749,0.8222222222222222,1,-1,1
21,2.2888000001907347,0.8333333333333334,1,1,1
21,5.167900000095368,0.8611111111111112,1,-1,1
21,6.032599999904632,0.8277777777777777,1,1,0
21,5.286200000286103,0.8444444444444444,1,-1,0
21,6.82689999961853,0.8555555555555556,1,-1,0
21,5.482099999904633,0.8638888888888889,1,1,1
21,6.493300000190735,0.875,1,1,0
21,2.667,0.8805555555555555,1,1,0
21,2.1366999998092653,0.9138888888888888,1,1,1
21,5.0986999998092655,0.7888888888888889,1,-1,0
21,3.6795,0.8555555555555556,1,1,1
21,3.960699999809265,0.8027777777777778,1,-1,1
21,6.638600000381469,0.8472222222222222,1,-1,0
21,3.543599999904633,0.9055555555555556,1,1,0
21,3.9458000001907347,0.8972222222222223,1,1,1
21,4.338799999713897,0.9055555555555556,1,1,1
21,5.212399999618531,0.8611111111111112,1,-1,1
21,2.4490999999046332,0.8777777777777778,1,1,0
21,4.0775,0.8611111111111112,1,-1,1
21,4.535199999809265,0.8777777777777778,1,1,0
21,6.214299999713898,0.825,1,-1,0
21,1.893599999904633,0.8777777777777778,1,1,1
21,3.740700000286102,0.85,1,-1,0
21,5.375799999713898,0.8055555555555556,1,-1,1
21,4.922400000095368,0.8722222222222222,1,1,0
21,2.355200000286102,0.9,1,1,1
21,4.435800000190735,0.9027777777777778,1,1,0
21,4.135400000095367,0.85,1,-1,0
21,4.047099999904633,0.8444444444444444,1,-1,1
21,5.067599999904632,0.8666666666666667,1,1,1
21,2.323699999809265,0.8694444444444445,1,1,0
21,1.6463000001907349,0.8805555555555555,1,1,1
21,2.742900000095367,0.8111111111111111,1,-1,0
21,2.414599999904633,0.8138888888888889,1,-1,1
117,2.418699999988079,0.34259259259259256,1,-1,0
117,1.880899999976158,0.7611111111111111,1,1,1
117,2.389300000011921,0.2574074074074074,1,-1,1
117,1.733699999988079,0.8351851851851853,1,1,0
117,1.7895,0.7481481481481482,1,1,0
117,1.661,0.7981481481481482,1,1,1
117,2.2451000000238417,0.23703703703703705,1,-1,1
117,2.428399999976158,0.512962962962963,1,-1,0
117,2.640699999988079,0.6481481481481481,1,-1,1
117,1.8598999999761578,0.9296296296296296,1,1,0
117,1.7665,0.6814814814814815,1,1,1
117,2.1594000000357627,0.4185185185185185,1,-1,0
117,1.951300000011921,0.412962962962963,1,-1,1
117,1.7159000000357627,0.6833333333333333,1,1,0
117,2.207699999988079,0.7462962962962962,1,-1,0
117,1.7476999999880791,0.8944444444444445,1,1,1
117,1.5965,0.8037037037037037,1,1,0
117,1.568300000011921,0.488888888888889,1,-1,1
117,1.829800000011921,0.6092592592592593,1,1,1
117,3.510399999976158,0.22592592592592595,1,-1,0
117,1.847,0.7092592592592593,1,-1,0
117,1.700199999988079,0.5111111111111111,1,1,1
117,2.243699999988079,0.2222222222222222,1,-1,1
117,1.790399999976158,0.8555555555555556,1,1,0
117,1.799899999976158,0.22592592592592595,1,-1,0
117,1.8410999999642372,0.7481481481481482,1,-1,1
117,1.765199999988079,0.7314814814814814,0,1,1
117,1.8361999999880791,0.8314814814814815,1,1,0
117,3.2433000000119208,0.6574074074074074,1,-1,1
117,1.9930999999642371,0.8666666666666667,1,1,1
117,1.9685,0.6296296296296297,1,-1,0
117,1.7664000000357627,0.9092592592592592,1,1,0
117,2.895699999988079,0.37222222222222223,0,-1,0
117,1.677,0.8481481481481481,1,1,1
117,1.6957000000476834,0.7833333333333333,1,1,0
117,3.015699999988079,0.5092592592592593,1,-1,1
117,2.039,0.6796296296296296,1,1,1
117,2.0538999999761582,0.912962962962963,1,-1,1
117,1.622899999976158,0.9,1,1,0
117,3.851399999976158,0.9203703703703704,1,-1,0
117,1.654800000011921,1,1,1,1
117,1.437100000023842,1,1,1,0
117,2.7716000000238417,0.7055555555555555,1,-1,1
117,4.141199999988079,0.6425925925925926,1,-1,0
117,2.052699999988079,0.8555555555555556,1,-1,0
117,1.718699999988079,0.825925925925926,1,1,1
117,2.1015,0.537037037037037,1,-1,1
117,1.7840999999642373,0.8981481481481481,1,1,0
117,1.6774000000357627,0.7481481481481482,1,1,0
117,1.987,0.6462962962962964,1,-1,1
117,4.119,0.6833333333333333,1,-1,0
117,1.6278000000119208,0.7759259259259259,1,1,1
117,1.5314000000357628,0.962962962962963,1,1,0
117,1.7228999999761578,0.8388888888888889,1,-1,0
117,1.6971999999880791,0.8574074074074074,1,1,1
117,1.730800000011921,0.7888888888888889,1,-1,1
117,1.880800000011921,0.7981481481481482,1,1,0
117,1.7362999999523165,0.8388888888888889,1,1,1
117,1.823,0.7444444444444445,1,-1,0
117,1.7782999999523166,0.8203703703703704,1,-1,1
117,1.7205,0.7944444444444445,1,-1,1
117,1.725899999976158,0.8592592592592593,1,-1,0
117,1.6902000000476836,0.7333333333333334,0,1,0
117,1.6265,0.9296296296296296,1,1,1
152,1.7686999998092652,0.6155555555555556,1,-1,1
152,1.731,0.7022222222222223,1,-1,0
152,2.062099999904633,0.6155555555555556,1,1,1
152,1.483199999809265,0.7733333333333333,1,1,0
152,2.644199999809265,0.3177777777777778,1,1,0
152,2.6839000000953668,0.25555555555555554,0,-1,0
152,3.7645,0.49777777777777776,1,1,1
152,5.002699999809265,0.7888888888888889,1,-1,1
152,1.8484000000953673,0.4133333333333334,1,-1,0
152,2.240900000095367,0.5977777777777777,1,1,1
152,2.788599999904633,0.7711111111111111,1,1,1
152,1.5387000002861022,0.7511111111111111,1,-1,1
152,1.791,0.6688888888888889,1,1,0
152,1.622699999809265,0.33111111111111113,1,-1,0
152,2.009200000286102,0.7222222222222222,1,-1,1
152,1.7066000003814694,0.33777777777777773,0,1,0
152,1.6782999997138977,0.8511111111111112,1,-1,0
152,1.6734000000953675,0.76,1,1,1
152,2.504400000095367,0.78,1,1,1
152,1.5235,0.3555555555555555,1,-1,0
152,1.9579000000953672,0.7111111111111111,1,1,0
152,1.4122000002861024,0.6822222222222223,1,-1,1
152,1.4738999996185305,1,1,-1,0
152,1.9400999999046329,0.02000000000000001,0,1,1
152,1.7257999997138977,1,1,1,0
152,2.077,0.3888888888888888,1,-1,1
152,1.469199999809265,0.8955555555555555,1,1,1
152,1.5469000000953674,0.3155555555555556,1,-1,1
152,1.5887000002861023,0.8888888888888888,1,1,0
152,1.6169000000953675,0.7555555555555555,1,-1,0
152,1.6084000000953673,0.6044444444444445,1,-1,1
152,1.5084000000953675,0.9177777777777778,1,1,0
152,1.3664000000953673,0.0955555555555555,0,-1,0
152,1.3765,0.8266666666666667,1,1,1
152,2.963800000190735,0.6266666666666667,1,-1,1
152,1.7307999997138976,0.9044444444444444,1,1,0
152,1.5645,1,1,1,1
152,1.6540999999046326,0.5422222222222222,1,-1,0
152,1.9087000002861023,0.4355555555555556,1,-1,1
152,1.4689000000953674,1,1,1,0
152,1.3823999996185306,1,1,1,1
152,2.142200000286102,0.528888888888889,1,-1,0
152,3.454599999904633,1,1,-1,1
152,1.4446999998092651,1,1,1,1
152,1.444,0.00222222222222223,0,-1,0
152,1.561300000190735,1,1,1,0
152,2.7725,0.8511111111111112,1,-1,0
152,1.3140999999046326,1,1,1,0
152,2.0771000003814697,0.6955555555555555,1,-1,1
152,1.7446999998092652,1,1,1,1
152,2.3893999996185302,0.07777777777777772,1,-1,0
152,1.675,0.28,1,-1,1
152,1.3015,0.9777777777777776,1,1,0
152,1.4327999997138976,0.9866666666666668,1,1,1
152,1.425800000190735,0.9933333333333332,1,1,0
152,1.4762000002861022,0.37111111111111106,0,-1,0
152,1.6875,0.4666666666666667,1,-1,1
152,4.059199999809265,0.5511111111111111,1,1,1
152,1.6136999998092652,0.4,1,-1,0
152,1.4352999997138978,0.8888888888888888,1,1,0
152,1.5126999998092652,0.3955555555555555,1,1,1
152,1.855,0.36,1,-1,1
178,1.6312000000001865,0.7537037037037038,1,1,1
178,2.309899999999441,0.2240740740740741,0,-1,0
178,2.664200000000186,0.7574074074074074,1,-1,1
178,1.5047999999998134,0.8388888888888889,1,1,0
178,2.2839000000003726,0.362962962962963,1,-1,1
178,1.6083999999994412,0.7388888888888889,1,1,0
178,1.7145,0.8537037037037037,1,1,1
178,2.120200000000186,0.49629629629629635,1,-1,0
178,2.1795,0.2833333333333333,1,-1,0
178,2.4515999999996274,0.5444444444444445,1,-1,1
178,1.9385,0.7685185185185185,1,1,1
178,1.989,0.46851851851851856,1,1,0
178,2.074300000000745,0.3944444444444445,1,1,0
178,2.0242000000001865,0.6574074074074074,1,-1,1
178,1.7474000000003722,0.6777777777777778,1,-1,0
178,1.8565,0.5666666666666667,1,1,1
178,1.8330999999996278,0.6574074074074074,1,1,1
178,1.6859000000003723,0.6203703703703703,1,-1,1
178,2.2105,0.5277777777777778,1,-1,0
178,1.4675999999996276,0.7574074074074074,1,1,0
178,1.6487999999998135,0.4814814814814815,1,-1,1
178,2.8372000000001862,0.7759259259259259,1,1,1
178,1.9677999999998135,0.7740740740740741,1,1,0
178,2.0076000000005587,0.6148148148148148,1,-1,0
178,2.4395,0.3388888888888889,1,-1,0
178,2.609,0.7055555555555555,1,1,1
178,2.0454000000003725,0.7425925925925926,1,-1,1
178,6.115299999999814,0.8148148148148149,1,1,0
178,1.6347000000001866,0.6277777777777778,1,1,1
178,1.9557000000001865,0.6648148148148147,1,-1,1
178,2.3107000000001863,0.75,1,-1,0
178,1.7277000000001865,0.7444444444444445,1,1,0
178,2.2380999999996276,0.8703703703703703,1,1,1
178,2.1861999999992547,0.6962962962962963,1,-1,1
178,2.3905999999996275,0.5296296296296297,1,1,0
178,1.8175999999996277,0.41481481481481486,1,-1,0
178,1.6277000000011177,0.3740740740740741,1,-1,1
178,1.9197000000011175,0.6185185185185185,1,1,1
178,2.0487999999988826,0.49629629629629635,1,-1,0
178,1.6405999999996277,0.6148148148148148,1,1,0
178,1.7329000000003723,0.475925925925926,1,1,1
178,1.6300999999996277,0.6166666666666667,1,-1,1
178,1.5569000000003723,0.7740740740740741,1,1,0
178,2.060800000000745,0.7259259259259259,1,-1,0
178,2.0167000000011175,0.5851851851851853,1,-1,0
178,1.4822999999988824,0.6222222222222222,1,1,1
178,1.9054000000003724,0.7388888888888889,1,1,0
178,2.112800000000745,0.8666666666666667,1,-1,1
178,1.5296999999992549,0.7018518518518518,1,1,0
178,1.7559000000003724,0.7259259259259259,1,-1,1
178,2.122199999999255,0.5240740740740741,1,-1,0
178,1.9887000000011177,0.537037037037037,1,1,1
178,2.48760000000149,0.7092592592592593,1,-1,0
178,1.6074000000003723,0.6333333333333333,1,1,0
178,1.5512999999988824,0.5185185185185186,1,-1,1
178,1.622800000000745,0.5203703703703704,1,1,1
178,3.5246000000014903,0.6388888888888888,1,-1,1
178,1.7812000000011177,1,1,1,0
178,1.5089000000003723,0.6388888888888888,1,-1,0
178,1.428,0.6388888888888888,1,1,1
178,1.641,0.624074074074074,1,-1,0
178,3.0114000000003727,0.33518518518518514,1,1,0
178,2.3815,0.41481481481481486,1,1,1
178,1.95989999999851,0.5648148148148149,1,-1,1
22,2.2602999999523163,0.8314814673529731,1,1,1
22,2.6973999998569487,0.5462962680392796,1,-1,0
22,2.442,0.5944444444444444,1,-1,1
22,2.1322000000476837,0.8277777777777777,1,1,0
22,2.0009000000953674,0.8074073791503906,1,1,0
22,3.3858000001907347,1,1,-1,1
22,2.177400000095367,0.7,1,1,1
22,1.9616999998092652,0.7574073791503906,1,-1,0
22,1.9945,0.531481424967448,1,-1,1
22,2.4085,0.7296296013726129,1,-1,0
22,2.5432000000476838,0.488888888888889,0,1,0
22,1.7697999999523164,0.9574073791503906,1,1,1
22,1.9552999999523164,0.9629629347059462,1,1,1
22,2.516400000095367,0.8222222222222222,0,-1,1
22,2.429200000047684,1,1,1,0
22,2.052900000095367,0.6777777777777778,1,-1,0
22,1.9612999999523164,0.7074073791503906,1,-1,0
22,1.8407000000476834,1,1,-1,1
22,1.9649000000953671,1,1,1,1
22,2.0437999999523164,1,1,1,0
22,2.2857999999523164,0.5462962680392796,1,-1,0
22,2.0515,1,1,1,1
22,2.725900000095367,1,1,-1,1
22,1.8132999999523165,1,1,1,0
22,1.9964000000953672,0.7833333333333333,1,1,1
22,1.8287000000476834,0.6870369805230034,1,1,0
22,2.577099999904633,1,1,-1,1
22,2.0905,0.7222222222222222,1,-1,0
22,2.040900000095367,0.6870369805230034,1,1,1
22,2.216,0.6722222222222223,1,-1,0
22,2.0677000000476835,0.6888888888888889,1,1,0
22,2.4179000000953668,1,1,-1,1
22,1.8867000000476835,0.5537036471896701,1,-1,1
22,3.121,0.6018518235948351,1,-1,0
22,2.363099999904633,0.751851823594835,1,1,0
22,2.250700000047684,0.7370369805230035,1,1,1
22,3.178100000143051,0.5925925360785591,0,-1,0
22,1.8010999999046327,1,1,1,1
22,2.0375,1,1,-1,1
22,2.8327000000476836,1,1,1,0
22,2.0209000000953674,1,1,1,0
22,1.7925999999046325,0.8018518235948351,1,1,1
22,3.712299999952316,1,1,-1,0
22,2.531599999904633,0.701851823594835,0,-1,1
22,2.731300000190735,0.6444444444444444,1,-1,0
22,2.655599999904633,1,1,1,1
22,1.9414000000953673,1,1,1,0
22,2.303400000095367,1,0,-1,1
22,3.9835,1,1,-1,1
22,1.6972999999523166,1,1,1,0
22,3.0287999999523163,0.5629629347059462,1,-1,0
22,2.7117000000476836,1,1,1,1
22,3.12,0.5592592027452257,1,-1,0
22,2.646399999856949,0.7203703138563369,1,1,1
22,1.7772999999523165,0.6962962680392795,1,1,0
22,2.315,1,1,-1,1
22,1.9285,0.6740740458170573,0,-1,0
22,1.6935,0.7611111111111111,1,1,0
22,2.420399999856949,1,1,-1,1
22,2.160300000190735,0.8370370229085287,0,1,1
22,2.085099999904633,0.5722222222222222,1,-1,0
22,2.0317000000476835,1,1,1,1
22,1.9727999999523165,1,1,1,0
22,2.2929000000953668,0.8222222222222222,1,-1,1
107,3.902099999904633,0.650855365474339,1,-1,0
107,2.121,0.5357698289269051,1,1,1
107,3.221100000143051,0.6866251944012441,1,-1,1
107,4.345200000047684,0.3180404354587869,1,1,0
107,2.2285,0.48600311041990674,1,1,1
107,2.750400000095367,0.5808709175738724,1,-1,1
107,2.344799999952316,0.6835147744945568,1,1,0
107,2.498,0.7037325038880249,1,-1,0
107,3.484900000095367,0.33670295489891133,1,-1,1
107,2.9867000000476835,0.5746500777604977,1,1,0
107,1.7777000000476835,0.7674961119751167,1,1,1
107,2.2272999999523164,0.7566096423017108,1,-1,0
107,2.786599999904633,0.5855365474339036,1,-1,1
107,2.416900000095367,0.5777604976671851,1,1,0
107,1.7489000000953674,0.5590979782270606,1,1,1
107,1.8722999999523164,0.6461897356143079,1,-1,0
107,2.881099999904633,0.6912908242612752,1,-1,0
107,1.9767999999523165,0.5730948678071539,1,1,1
107,2.330100000143051,0.4548989113530326,1,1,0
107,1.810800000190735,0.6213063763608087,1,-1,1
107,2.4452999999523164,0.5793157076205288,1,1,0
107,2.303,0.7068429237947123,1,-1,0
107,1.7545999999046327,0.7939346811819595,1,1,1
107,2.302099999904633,0.7674961119751167,1,-1,1
107,3.0472000000476838,0.6197511664074651,1,1,1
107,1.888699999809265,0.6384136858475895,1,-1,0
107,1.9287000000476835,0.7488335925349923,1,-1,1
107,1.7878000001907348,0.6679626749611198,1,1,0
107,2.51,0.7348367029548989,1,-1,0
107,2.215300000190735,0.7908242612752722,1,-1,1
107,2.3997999999523163,0.9525660964230172,1,1,1
107,4.5012000000476835,0.2978227060653188,1,1,0
107,3.403900000095367,0.24027993779160184,1,1,0
107,1.9397999999523166,0.422239502332815,1,1,1
107,1.9574000000953673,0.5653188180404354,1,-1,0
107,2.386700000047684,0.40979782270606535,1,-1,1
107,3.511,0.437791601866252,1,-1,1
107,2.0205999999046327,0.6446345256609642,1,1,1
107,2.565599999904633,0.5513219284603421,1,-1,0
107,4.212599999904633,0.6695178849144634,1,1,0
107,2.553,0.557542768273717,1,-1,0
107,2.643900000095367,0.843701399688958,1,1,1
107,2.218400000095367,0.14541213063763603,1,-1,1
107,3.0952999999523163,0.23716951788491447,1,1,0
107,1.967,0.5544323483670295,1,-1,0
107,3.601199999809265,0.3724727838258165,1,1,0
107,2.1887000000476835,0.2744945567651633,1,1,1
107,3.604799999952316,0.635303265940902,1,-1,1
107,2.694400000095367,0.7628304821150855,1,1,1
107,2.4792000000476837,0.708398133748056,1,-1,1
107,2.1986000001430512,0.7783825816485226,1,1,0
107,1.9752000000476835,0.7783825816485226,1,-1,0
107,1.9173999998569489,0.8421461897356143,1,1,1
107,1.9452000000476835,0.7737169517884914,1,-1,0
107,2.9797999999523164,0.6477449455676516,1,-1,1
107,2.446099999904633,0.7348367029548989,1,1,0
107,3.1366999998092653,0.7659409020217729,1,-1,1
107,2.451599999904633,0.8623639191290824,1,-1,0
107,1.7567999999523165,0.9105754276827372,1,1,1
107,3.155900000095367,0.8374805598755832,0,1,0
107,2.178900000095367,0.8405909797822706,1,-1,1
107,6.4795,0.48444790046656294,1,1,0
107,2.233400000095367,0.30093312597200617,1,1,1
107,1.894,0.6710730948678072,1,-1,0
94,2.2378000000000466,0.5,0,-1,1
94,1.840600000000093,0.6851851851851851,1,1,0
94,1.704,0.7333333333333334,1,1,1
94,2.348600000000093,0.6574074074074074,1,-1,0
94,1.627,0.7518518518518519,1,1,1
94,1.6631999999999534,0.6814814814814815,1,-1,1
94,2.6721999999999535,0.6037037037037036,1,-1,0
94,1.5375,0.7296296296296296,1,1,0
94,2.0017000000001866,0.7148148148148148,1,-1,1
94,2.9826999999999533,0.3833333333333333,0,-1,0
94,1.6728000000000465,0.6851851851851851,1,1,1
94,1.7346999999999535,0.6648148148148147,1,1,0
94,1.7753000000000465,0.6296296296296297,1,-1,0
94,1.746100000000093,0.7037037037037037,1,1,1
94,1.5499000000001397,0.7462962962962962,1,1,0
94,1.764399999999907,0.7092592592592593,1,-1,1
94,1.5874000000001396,0.7759259259259259,1,1,0
94,2.3381999999999534,0.6925925925925926,1,-1,0
94,1.7831999999999535,0.737037037037037,1,1,1
94,2.1795,0.6703703703703704,1,-1,1
94,2.2080999999998605,0.6055555555555556,1,1,1
94,1.7191999999999534,0.6833333333333333,1,-1,1
94,2.1937000000001863,0.7111111111111111,1,-1,0
94,1.6728999999999068,0.7185185185185186,1,1,0
94,2.4592999999998137,0.5833333333333333,1,1,0
94,2.230100000000093,0.45185185185185184,1,1,1
94,1.8641999999999537,0.575925925925926,1,-1,0
94,1.7896000000000931,0.6481481481481481,1,-1,1
94,1.6371999999999534,0.5851851851851853,1,1,0
94,1.8376000000000932,0.6074074074074074,1,-1,0
94,1.7743000000000466,0.7481481481481482,1,1,1
94,1.7885,0.7888888888888889,1,-1,1
94,1.7506999999999535,0.6518518518518519,1,-1,1
94,1.6385999999998604,0.7981481481481482,1,1,1
94,1.672,0.7314814814814814,1,-1,0
94,1.4915,0.8240740740740741,1,1,0
94,1.5485999999998603,0.912962962962963,1,1,0
94,1.6451999999999534,0.5574074074074074,1,-1,0
94,2.581,0.512962962962963,1,-1,1
94,1.5359000000001397,0.7518518518518519,1,1,1
94,1.455899999999907,0.8814814814814815,1,1,1
94,1.4064000000001398,0.5518518518518518,1,-1,1
94,1.6643999999999068,0.5203703703703704,1,-1,0
94,1.5731999999999535,0.6537037037037037,1,1,0
94,1.7774000000001398,0.662962962962963,1,-1,0
94,1.9097999999998134,0.5833333333333333,1,-1,1
94,1.6001999999999534,0.5648148148148149,1,1,1
94,1.4891999999999534,0.6851851851851851,1,1,0
94,1.4851999999999534,0.6481481481481481,1,1,0
94,1.5205999999998603,0.6870370370370371,1,1,1
94,1.7335,0.5944444444444444,1,-1,1
94,1.768100000000093,0.5407407407407407,1,-1,0
94,1.7843000000000466,0.4796296296296296,1,-1,0
94,1.8578000000000463,0.3888888888888888,1,1,0
94,1.5680999999998604,0.6777777777777778,1,1,1
94,1.709600000000093,0.6407407407407407,1,-1,1
94,1.7794000000001398,0.6925925925925926,1,1,1
94,1.6982999999998134,0.5185185185185186,1,-1,0
94,1.7471000000000931,0.5851851851851853,1,-1,1
94,1.6045,0.624074074074074,1,1,0
94,1.852,0.6,1,-1,1
94,1.6615,0.7277777777777779,1,1,0
94,1.4473999999999068,0.7814814814814814,1,1,1
94,1.9646000000000932,0.7037037037037037,1,-1,0
43,5.436799999952316,0.6967592592592593,1,1,0
43,2.379100000023842,0.8425925925925926,1,-1,1
43,2.233899999976158,0.912037037037037,1,-1,0
43,2.908,0.9189814814814816,1,1,1
43,2.3156999999284746,1,1,-1,0
43,1.9677999999523166,1,1,-1,1
43,1.7771000000238422,1,1,1,0
43,4.032799999952315,0.724537037037037,1,1,1
43,2.4718000000715254,0.8518518518518519,1,1,0
43,1.777899999976158,1,1,1,1
43,2.0687999999523163,1,1,-1,0
43,1.9244000000953672,1,1,-1,1
43,1.9847000000476835,0.976851851851852,1,-1,0
43,1.679399999976158,1,1,-1,1
43,2.511899999976158,1,1,1,0
43,2.0003999999761577,0.8472222222222222,1,1,1
43,3.2248000000715256,1,1,1,0
43,1.947100000023842,0.7708333333333334,1,1,1
43,1.7613000000715255,1,1,-1,0
43,2.203,1,1,-1,1
43,1.9607000000476835,1,1,-1,0
43,1.7662000000476834,1,1,1,1
43,2.628899999976158,1,1,-1,1
43,1.5658999999761578,0.6851851851851851,1,1,0
43,1.7905999999046325,1,1,-1,0
43,2.459,0.8125,1,1,1
43,2.336799999952316,1,1,1,0
43,1.8972999999523166,1,1,-1,1
43,2.6202000000476837,0.787037037037037,1,1,0
43,1.6995,1,1,-1,0
43,1.9878000000715255,1,1,1,1
43,1.8325,1,1,-1,1
43,1.7512000000476835,1,1,1,1
43,2.087600000023842,1,1,-1,0
43,1.689899999976158,1,1,-1,1
43,2.3372999999523163,1,1,1,0
43,1.6405,1,1,1,1
43,1.6918000000715256,1,1,1,0
43,2.755900000095367,1,1,-1,0
43,1.8765999999046328,1,1,-1,1
43,2.118100000023842,1,1,-1,1
43,2.649900000095367,1,1,-1,0
43,2.343,1,1,1,1
43,2.342299999952316,0.7361111111111112,1,1,0
43,1.7778000000715255,1,1,-1,0
43,1.783899999976158,1,1,-1,1
43,2.465600000023842,0.8263888888888888,1,1,0
43,2.0123000000715257,0.8402777777777778,1,1,1
43,2.908099999904633,1,1,1,0
43,1.9841999999284745,0.8935185185185185,1,1,1
43,1.7216999999284743,1,1,-1,1
43,1.754,1,1,-1,0
43,2.467600000023842,0.5509259259259259,1,1,0
43,1.8002000000476834,1,1,-1,0
43,1.6812999999523166,1,1,-1,1
43,2.161700000047684,1,1,1,1
43,3.956799999952316,0.7407407407407407,1,1,0
43,3.863100000023842,0.6018518518518519,1,1,1
43,2.013599999904633,1,1,-1,0
43,1.719,1,1,-1,1
43,2.9908000000715256,0.7638888888888888,1,1,0
43,2.195100000023842,0.7662037037037037,1,1,1
43,2.4235,1,1,-1,1
43,1.6821000000238422,1,1,-1,0
184,4.452100000000035,0.25260416666666663,1,-1,1
184,2.502799999999988,0.6875,1,1,0
184,1.9704000000000232,0.6744791666666667,1,1,1
184,2.035399999999965,0.7213541666666667,1,-1,0
184,3.1835,0.40885416666666663,1,-1,0
184,2.125100000000035,0.5677083333333333,1,-1,1
184,5.3802999999999885,0.21875,1,1,0
184,3.134,0.26302083333333337,1,1,1
184,2.2955,0.6927083333333333,1,-1,0
184,2.4642000000000115,0.23958333333333337,1,-1,1
184,3.6490999999999767,0.6822916666666667,1,1,1
184,4.241299999999988,0.31510416666666663,1,1,0
184,3.3870999999999767,0.796875,1,-1,0
184,3.6119000000000234,0.7265625,1,1,1
184,2.370600000000035,0.7734375,1,-1,1
184,2.8473999999999653,0.828125,1,1,0
184,2.9215,0.6979166666666667,1,-1,1
184,2.9322000000000115,0.703125,1,1,1
184,3.7051999999999534,0.8802083333333334,1,-1,0
184,2.775899999999965,0.9010416666666666,1,1,0
184,1.94,0.9010416666666666,1,-1,1
184,2.5367999999999884,0.9453125,1,-1,0
184,2.5325,1,1,1,1
184,2.703,1,1,1,0
184,2.000100000000035,0.6875,1,-1,1
184,2.732099999999977,0.9375,1,1,1
184,2.7098000000000466,0.8645833333333334,1,-1,0
184,4.530400000000023,0.25260416666666663,0,1,0
184,2.238600000000035,0.5390625,1,-1,1
184,2.7945,0.25260416666666663,1,-1,0
184,2.1955999999999767,0.7916666666666666,1,1,1
184,2.1067000000000697,0.26041666666666663,1,-1,1
184,1.8609000000000233,0.7630208333333334,1,1,1
184,2.3073000000000468,0.9244791666666666,1,1,0
184,2.4844000000000235,0.140625,1,-1,0
184,3.2004000000000232,0.8359375,1,-1,0
184,1.9150999999999767,1,1,1,1
184,3.2164000000000232,0.8125,1,-1,1
184,1.6924000000000232,1,1,1,0
184,1.9200999999999768,0.8515625,1,-1,1
184,2.776800000000047,0.859375,1,-1,0
184,1.8344000000000233,1,1,1,1
184,2.9386999999999532,0.8567708333333334,1,1,0
184,1.72220000000007,0.7057291666666667,1,-1,0
184,2.5960999999999768,0.9010416666666666,1,1,1
184,1.8193000000000463,0.8411458333333334,1,1,0
184,2.8581999999999534,0.8411458333333334,1,-1,1
184,2.8296999999999533,0.41666666666666663,1,-1,0
184,2.7622000000000697,0.859375,1,1,0
184,2.645599999999977,0.9036458333333334,1,-1,1
184,2.011899999999907,0.9453125,1,1,1
184,2.773,0.30729166666666663,0,-1,1
184,2.515,0.8932291666666666,1,1,1
184,3.3728000000000464,0.9583333333333334,1,1,0
184,2.0237000000000696,0.921875,1,-1,0
184,2.2299000000000233,0.9817708333333334,1,1,0
184,2.3207000000000697,0.8828125,1,-1,1
184,2.1379000000000232,0.8854166666666666,1,-1,0
184,1.983899999999907,0.8411458333333334,1,1,1
184,3.0689000000000233,0.8411458333333334,1,1,0
184,1.9165999999999768,0.8333333333333334,1,1,1
184,1.981899999999907,1,1,-1,1
184,3.0406000000000932,1,1,-1,0
174,2.6556999999999533,0.2711111111111111,0,-1,1
174,1.8707000000000116,0.8,1,-1,0
174,1.6712000000000116,0.8444444444444444,1,1,1
174,1.5716999999999535,1,1,1,0
174,1.824,0.09111111111111114,1,-1,0
174,2.0572000000000115,0.5911111111111111,1,1,1
174,2.3085,1,1,-1,1
174,1.7986000000000348,0.9733333333333334,1,1,0
174,1.5767999999999884,1,1,1,0
174,1.8787999999999883,0.7822222222222223,1,-1,1
174,1.8655999999999766,0.9422222222222222,1,-1,0
174,2.2460999999999767,0.7155555555555555,1,1,1
174,2.5000999999999767,0.9533333333333334,1,-1,0
174,2.2257999999999303,0.9177777777777778,1,-1,1
174,1.5701999999999534,1,1,1,0
174,1.4859000000000233,1,1,1,1
174,2.109900000000023,0.8288888888888889,1,-1,0
174,1.887,0.9888888888888888,1,-1,1
174,1.4833999999999068,0.8733333333333333,1,1,0
174,1.724,0.7222222222222222,1,1,1
174,2.22670000000007,0.6088888888888888,1,1,0
174,1.6709000000000234,1,1,-1,1
174,1.5830999999999766,0.8666666666666667,1,1,1
174,1.6663000000000465,1,1,-1,0
174,2.483400000000023,1,1,-1,1
174,1.61720000000007,0.8644444444444445,1,1,0
174,1.9143000000000463,1,1,1,1
174,1.7345999999999768,1,1,-1,0
174,1.6645999999999768,1,1,-1,0
174,1.5959000000000232,1,1,-1,1
174,1.8452999999999304,1,1,1,1
174,1.6386999999999534,1,1,1,0
174,1.6578000000000466,0.9311111111111112,1,1,0
174,1.5452999999999302,1,1,1,1
174,1.883,1,1,-1,0
174,2.160400000000023,0.9755555555555556,1,-1,1
174,1.4234000000000233,1,1,1,0
174,1.7653999999999068,1,1,-1,1
174,1.7221000000000932,1,1,-1,0
174,1.502,0.9933333333333332,1,1,1
174,1.559,1,1,1,0
174,1.781,1,1,-1,0
174,1.59270000000007,1,1,1,1
174,1.76179999999993,0.74,1,-1,1
174,1.6415999999999766,0.9844444444444445,1,1,1
174,1.4903000000000466,1,1,-1,0
174,1.6021999999999534,1,1,1,0
174,1.6724000000000232,1,1,-1,1
174,2.2756999999999534,1,1,-1,0
174,1.593,1,1,1,0
174,1.8243999999999068,1,1,-1,1
174,1.609,1,1,1,1
174,1.5572999999999302,1,1,1,1
174,1.7585,1,1,-1,1
174,1.4867000000000699,1,1,1,0
174,1.5508000000000466,1,1,-1,0
174,1.582,1,1,1,0
174,1.5425,1,1,-1,0
174,1.4421999999999535,1,1,1,1
174,1.7246999999999535,1,1,-1,1
174,1.7407000000000699,1,1,-1,1
174,1.554,1,1,1,1
174,1.4382000000000699,1,1,1,0
174,1.5360999999999767,1,1,-1,0
205,3.242699999999255,0.458984375,0,-1,0
205,1.7873999999985102,0.8515625,1,1,1
205,1.7770999999977648,0.76171875,1,1,0
205,2.6187999999970204,0.474609375,1,-1,1
205,2.08389999999851,0.728515625,1,-1,0
205,1.65789999999851,0.736328125,1,1,0
205,1.9751999999992549,0.451171875,1,-1,1
205,1.7412999999970198,0.9765625,1,1,1
205,2.194300000000745,0.513671875,0,-1,1
205,1.7631000000014898,0.875,1,1,0
205,2.31460000000149,0.390625,1,-1,0
205,1.817,0.84765625,1,1,1
205,3.075699999999255,0.48828125,1,-1,1
205,2.636699999999255,0.453125,1,-1,0
205,1.517,1,1,1,0
205,1.6265,1,1,1,1
205,1.6286999999992549,0.931640625,1,1,1
205,2.00110000000149,0.611328125,0,-1,1
205,1.768699999999255,0.421875,1,-1,0
205,1.6440999999977648,0.935546875,1,1,0
205,2.087300000000745,0.44140625,0,-1,1
205,1.6675,0.951171875,1,1,0
205,1.4976999999992548,1,1,1,1
205,1.8415,0.724609375,1,-1,0
205,2.0281000000014897,0.712890625,1,-1,0
205,2.648199999999255,0.666015625,1,1,0
205,2.088,0.453125,1,-1,1
205,1.6951999999992549,0.869140625,1,1,1
205,1.7486000000014899,0.8828125,1,1,0
205,0.7065,0.26953125,0,-1,1
205,2.362,0.802734375,1,1,1
205,2.00210000000149,0.712890625,1,-1,0
205,1.5811000000014899,0.900390625,1,1,0
205,1.980199999999255,0.642578125,1,-1,1
205,1.9400999999977648,0.36328125,0,-1,0
205,1.6808999999985101,0.8984375,1,1,1
205,1.6963999999985102,0.96484375,1,1,0
205,2.2153000000007452,0.509765625,1,-1,1
205,1.8745,0.228515625,0,-1,0
205,1.486800000000745,1,1,1,1
205,1.938699999999255,0.478515625,1,-1,0
205,1.6053000000007451,0.9140625,1,1,1
205,1.760800000000745,0.89453125,1,-1,1
205,1.518,0.921875,1,1,0
205,1.658199999999255,0.9921875,1,-1,0
205,1.594900000002235,0.923828125,1,-1,1
205,1.5234000000022352,0.916015625,1,1,1
205,1.3866999999992549,0.998046875,1,1,0
205,1.6175,0.98046875,1,1,0
205,1.5715,0.798828125,1,-1,1
205,1.879099999997765,0.548828125,1,-1,0
205,1.389,0.9453125,1,1,1
205,1.93189999999851,0.578125,1,-1,1
205,1.4891000000014898,0.93359375,1,1,0
205,1.5984000000022351,0.921875,1,1,1
205,1.5406000000014899,0.45703125,0,-1,0
205,1.6141000000014898,0.98046875,1,-1,1
205,1.46789999999851,1,1,1,0
205,1.7972000000029802,1,1,1,1
205,1.5309000000022353,0.408203125,0,-1,0
205,1.4265,1,1,1,0
205,1.5385999999977649,1,1,-1,1
205,1.8471000000014899,0.7890625,1,-1,0
205,1.7333999999985101,0.96875,1,1,1
180,1.9825999999046329,1,1,1,1
180,2.0548000000715256,1,1,1,0
180,2.019399999976158,1,1,-1,0
180,2.322600000023842,1,1,-1,1
180,3.2282999999523163,0.9166666666666666,1,-1,1
180,1.8995,1,1,1,0
180,2.718399999976158,1,1,-1,0
180,1.9732000000476835,1,1,-1,1
180,1.9972000000476835,1,1,-1,0
180,1.8478000000715256,1,1,1,0
180,1.901600000023842,0.8802083333333334,1,1,1
180,1.7612999999523165,1,1,1,0
180,1.9815,1,1,-1,1
180,1.9253000000715255,1,1,-1,0
180,2.161700000047684,1,1,1,1
180,2.558899999976158,1,1,-1,0
180,1.9221000000238422,1,1,1,0
180,1.8867999999523166,1,1,-1,1
180,2.0242999999523166,1,1,-1,0
180,1.7685,1,1,1,0
180,1.8111000000238422,1,1,1,1
180,1.919,1,1,-1,1
180,2.270100000023842,1,1,1,0
180,2.008,1,1,-1,0
180,1.9527999999523165,1,1,1,1
180,1.9211999999284743,1,1,-1,1
180,2.0326000000238422,1,1,-1,1
180,1.909,1,1,1,1
180,1.967399999976158,1,1,1,0
180,2.935399999976158,1,1,-1,0
180,2.2527999999523165,0.90625,1,-1,0
180,1.8205999999046327,1,1,1,0
180,2.267399999976158,1,0,-1,1
180,2.0292000000476835,1,1,1,1
180,1.845399999976158,1,1,1,1
180,2.4947999999523165,1,1,-1,1
180,1.860899999976158,1,1,1,0
180,3.205399999976158,1,1,-1,0
180,3.248899999976158,1,1,-1,0
180,2.2103000000715256,1,1,-1,1
180,1.8575,1,1,1,1
180,1.8469000000953673,1,1,1,0
180,2.189400000095367,1,1,-1,1
180,1.8517000000476835,1,1,1,1
180,1.803,0.9270833333333334,1,1,0
180,2.160700000047684,0.921875,1,-1,0
180,1.6681000000238422,1,1,-1,1
180,2.0255,1,1,-1,0
180,1.834,1,1,1,0
180,2.235799999952316,1,1,1,1
180,1.753899999976158,1,1,-1,1
180,3.411399999976158,1,1,-1,0
180,2.0145,1,1,1,0
180,1.957399999976158,1,1,1,1
180,1.8558000000715256,1,1,1,1
180,1.9017000000476836,1,1,-1,1
180,2.0407999999523163,1,1,-1,0
180,1.941100000023842,1,1,-1,1
180,2.5671000000238418,1,1,1,0
180,2.2768000000715256,1,1,1,1
180,1.9422999999523165,1,1,-1,0
7,1.89729999999702,1,1,1,1
7,2.7373000000044705,0.8999255862020028,1,-1,0
7,2.8815,0.9580168725090568,1,1,0
7,3.09439999999851,0.659261685787065,1,-1,1
7,1.957,0.993978144984852,1,1,1
7,3.8392999999970203,0.6122354063956404,1,-1,1
7,2.1176000000014903,0.9829131380692228,1,1,0
7,2.58510000000149,0.8943930827441882,1,-1,0
7,1.8583999999985101,1,1,1,1
7,2.366,0.9635493759668714,1,-1,0
7,5.5636000000014905,0.650962930600343,1,-1,1
7,1.692,0.993978144984852,1,1,0
7,2.6551999999955296,0.9192893483043542,1,-1,0
7,2.3776999999955297,0.8418342998949488,1,1,0
7,2.03460000000149,1,1,1,1
7,2.1520999999940393,0.9469518655934276,1,-1,1
7,2.57,0.9054580896598174,1,1,0
7,1.8083000000044704,1,1,1,1
7,2.3892000000029796,0.6813916996183237,1,-1,1
7,2.86710000000149,0.8611980619973002,1,-1,0
7,2.2818000000044703,0.8446005516238562,1,1,0
7,1.6461999999955297,0.90269183793091,1,1,1
7,2.08579999999702,0.8860943275574662,1,-1,1
7,2.82989999999851,0.9248218517621688,1,-1,0
7,2.56179999999702,0.9054580896598174,1,-1,1
7,2.10819999999553,0.9331206069488908,1,-1,0
7,1.84329999999702,1,1,1,1
7,2.337,0.993978144984852,1,1,0
7,1.94939999999851,0.9718481311535934,1,-1,1
7,1.6847999999970198,0.9497181173223348,1,1,0
7,1.895,1,1,-1,0
7,1.7452999999970198,0.9829131380692228,1,1,1
7,1.7285,0.9220556000332616,1,1,1
7,1.84689999999851,0.9663156276957788,1,-1,1
7,2.17439999999851,0.9497181173223348,1,-1,0
7,3.0869000000059605,0.9165230965754468,0,1,0
7,2.7007999999970203,0.8722630689129295,1,-1,1
7,2.5092000000029797,0.8860943275574662,1,-1,0
7,3.0940999999940395,0.927588103491076,1,1,1
7,1.99189999999851,0.8722630689129295,1,1,0
7,4.89460000000149,0.5375466097151425,1,1,0
7,1.6567000000029801,0.9497181173223348,1,1,1
7,1.4971999999955297,0.2885839541134828,0,-1,0
7,2.7928000000044704,0.7782105101300802,1,-1,1
7,2.1404000000059606,0.8058730274191536,1,-1,0
7,2.1985,0.8003405239613389,1,-1,1
7,2.221,0.9054580896598174,1,1,0
7,1.62289999999851,1,1,1,1
7,2.1305,1,1,1,1
7,2.4884000000059605,0.8501330550816708,1,-1,1
7,2.20739999999851,0.9303543552199834,1,1,0
7,2.117,0.8058730274191536,1,-1,0
7,2.52329999999702,0.8556655585394856,1,-1,0
7,3.1647000000029797,0.8999255862020028,1,1,0
7,2.8086999999955298,0.6979892099917677,1,-1,1
7,2.43789999999851,0.8224705377925976,1,1,1
7,2.3171999999955295,0.8722630689129295,1,1,1
7,2.7285,0.8418342998949488,1,-1,1
7,2.7468999999985098,0.8667305654551148,1,-1,0
7,2.61460000000149,0.8833280758285589,1,1,0
7,2.255,0.927588103491076,1,1,1
7,2.6269000000059606,0.7782105101300802,1,-1,0
7,3.4175999999940396,0.9082243413887248,1,-1,1
7,3.1445,0.9663156276957788,1,1,0
105,3.148199999999255,0.6888888888888889,1,-1,1
105,4.220700000002981,0.5416666666666667,1,-1,0
105,4.723900000002235,0.28888888888888886,0,1,1
105,3.405099999997765,0.6888888888888889,0,1,0
105,2.859400000002235,0.8194444444444444,0,1,1
105,1.9418000000007452,0.8194444444444444,1,-1,1
105,1.8236000000014898,0.49444444444444446,1,-1,0
105,2.562699999999255,0.6194444444444445,0,1,0
105,2.14460000000149,0.14722222222222223,1,1,1
105,2.6668999999985097,0.5944444444444444,0,1,0
105,4.239,0.6277777777777778,1,-1,1
105,3.629800000000745,1,1,-1,0
105,3.1275999999977646,0.09999999999999998,1,1,1
105,2.229,0.8111111111111111,1,-1,0
105,2.676,0.8944444444444445,0,1,0
105,1.898199999999255,0.21944444444444444,0,-1,1
105,4.29129999999702,0.7361111111111112,0,1,1
105,1.7242999999970197,0.7361111111111112,1,-1,0
105,6.0971000000014905,0.7361111111111112,0,1,0
105,6.085900000002235,0.8,1,-1,1
105,3.0600999999977647,0.5527777777777778,1,1,0
105,2.07639999999851,0.7138888888888889,1,-1,1
105,4.1665,0.7805555555555556,1,-1,0
105,3.220900000002235,1,1,1,1
105,3.148300000000745,0.8277777777777777,0,1,0
105,1.822300000000745,0.8555555555555556,1,-1,0
105,3.7142999999970203,0.7638888888888888,1,-1,1
105,2.884,0.9944444444444444,1,1,1
105,2.073599999997765,0.9694444444444444,1,-1,0
105,4.179300000000745,0.8611111111111112,1,1,0
105,3.765800000000745,0.4833333333333333,0,-1,1
105,1.9566000000014898,0.8861111111111111,1,1,1
105,1.627,1,1,1,1
105,2.14520000000298,1,1,1,0
105,1.787800000000745,0.7277777777777779,0,-1,1
105,4.82610000000149,0.7277777777777779,1,-1,0
105,2.0279000000022354,1,1,1,0
105,1.542699999999255,1,1,1,1
105,3.83939999999851,0.8111111111111111,1,-1,1
105,2.074,1,1,-1,0
105,2.060400000002235,0.8777777777777778,1,-1,0
105,1.737900000002235,0.9777777777777776,1,1,1
105,3.02039999999851,0.9722222222222222,1,1,0
105,2.4595,0.6611111111111111,1,-1,1
105,2.41139999999851,0.8583333333333334,1,1,1
105,2.793,0.7388888888888889,1,-1,1
105,4.015800000000745,0.9805555555555556,1,-1,0
105,3.093800000000745,1,1,1,0
105,1.990800000000745,0.8666666666666667,1,-1,0
105,1.6838000000007451,1,1,-1,1
105,1.6227000000029803,1,1,1,1
105,1.7830999999977648,0.8944444444444445,1,1,0
105,2.2274000000022354,0.8111111111111111,1,1,1
105,2.273699999999255,0.8444444444444444,1,-1,0
105,2.3715,0.8361111111111111,1,-1,1
105,1.464199999999255,0.8444444444444444,1,1,0
105,1.603,0.9222222222222224,1,1,1
105,1.880800000000745,0.7833333333333333,1,-1,1
105,1.55889999999851,1,1,1,0
105,1.79089999999851,0.9805555555555556,1,-1,0
105,1.755800000000745,0.7444444444444445,0,-1,1
105,1.9983000000007451,1,1,1,1
105,1.80629999999702,1,1,1,0
105,1.8938999999985102,0.9583333333333334,1,-1,0
126,2.2742000000476836,1,1,-1,0
126,2.3222000000476837,0.543783378943469,1,-1,1
126,1.705199999809265,1,1,1,0
126,1.7094000000953675,1,1,1,1
126,1.7787999999523165,0.26242347273010447,1,-1,1
126,2.707799999952316,0.9798912335741842,1,1,0
126,1.9554000000953673,0.10767552431275385,0,1,1
126,1.7144000000953674,0.34214211282389106,1,-1,0
126,1.6572000000476834,1,1,1,1
126,1.8375,0,1,-1,0
126,3.710400000095367,0.22959815033854525,1,-1,1
126,3.377200000047684,0.5789533672201396,1,1,0
126,1.9125999999046328,0.5789533672201396,1,-1,0
126,2.420099999904633,1,1,1,0
126,1.6204000000953673,0.03499088187430133,1,-1,1
126,1.8364000000953673,0.890793929939952,1,1,1
126,1.779899999856949,0.9681679041486272,1,1,0
126,2.1599000000953668,0.7805946333397176,1,1,1
126,1.4117999999523165,0.23897681387899072,1,-1,1
126,1.6805999999046326,0.33979744693877967,1,-1,0
126,2.070600000143051,0.5601960401392486,1,-1,1
126,1.5853999998569488,0.782939299224829,1,1,0
126,2.314899999856949,0.3679334375601161,1,1,1
126,1.7024000000953674,0.03030155010407864,1,-1,0
126,1.8305,0.726667317982156,0,-1,1
126,1.9377999999523166,0.6657060049692604,1,1,1
126,1.6985,0.2929041292365523,1,-1,0
126,2.446399999856949,0.8439006122377246,1,1,0
126,1.7728999998569488,0.618812687267033,1,1,1
126,1.7700999999046325,0.23194281622365653,1,-1,1
126,2.097100000143051,0.543783378943469,1,1,0
126,1.6085999999046325,0.2577341409598817,1,-1,0
126,2.328399999856949,0.9189299205612884,1,1,0
126,1.956899999856949,0.4124820893772322,1,1,1
126,1.5457000000476835,0.42889475057301185,1,-1,0
126,1.6030999999046325,0.4499967435390142,1,-1,1
126,2.321899999856949,0.4687540706199051,1,-1,1
126,1.6906000001430512,1,1,1,1
126,1.5247000000476836,0.9845805653444069,1,1,0
126,2.960400000095367,0.11002019019786524,1,-1,0
126,1.4645,0.8556239416632814,1,1,0
126,1.7475,0.360899439904782,1,-1,0
126,1.9942000000476834,0.3702781034452275,1,-1,1
126,1.6472999999523166,0.8439006122377246,1,1,1
126,1.7352000000476835,0.01388888890829898,1,-1,0
126,1.5199000000953675,0.6680506708543716,1,1,0
126,1.5272000000476835,1,1,1,1
126,1.669600000143051,0,1,-1,1
126,2.2947999999523163,0.7665266380290493,1,1,0
126,1.4722999999523165,0.4523414094241255,1,-1,0
126,1.5121000001430511,0.581298033105251,1,-1,1
126,1.4542000000476836,0.7970072945354971,1,1,1
126,1.5428999998569488,0.37965676698567297,1,-1,1
126,2.6402000000476837,0.9705125700337388,1,1,1
126,1.7935,0.05609287484030367,1,-1,0
126,2.089900000095367,0.6305360166925897,1,1,0
126,1.5556000001430512,0,1,-1,0
126,1.7097000000476834,0.11002019019786524,1,-1,1
126,1.5809000000953675,1,1,1,1
126,1.4281999998092652,0.6281913508074783,1,1,0
126,1.6782999999523165,0.5344047154030236,1,1,0
126,1.380199999809265,0.07016087015097194,1,-1,0
126,1.4836000001430512,1,1,1,1
126,1.6257999999523165,0.41951608703256626,1,-1,1
15,3.554400000095367,1,1,-1,1
15,1.621800000190735,1,1,1,1
15,1.9897000000476834,1,1,1,0
15,2.173,1,1,-1,0
15,1.7535,1,1,1,1
15,1.9917000000476834,1,1,-1,0
15,1.6872999999523166,1,1,1,0
15,2.123,1,1,-1,1
15,1.7605999999046327,1,1,1,1
15,2.109,1,1,-1,0
15,1.606699999809265,1,1,1,0
15,1.796800000190735,1,1,-1,1
15,1.8268999998569488,1,1,1,0
15,1.7897999999523164,1,1,1,1
15,2.071599999904633,1,1,-1,0
15,2.872,1,1,-1,1
15,2.015,1,1,-1,0
15,1.9135,1,1,1,1
15,1.866399999856949,1,1,-1,1
15,2.021,1,1,1,0
15,1.7125999999046326,1,1,1,1
15,1.853,1,1,1,0
15,2.3135,1,1,-1,1
15,1.9015999999046327,1,1,-1,0
15,1.897599999904633,1,1,-1,0
15,2.1072999999523163,1,1,-1,1
15,2.074,1,1,1,1
15,1.8633999998569488,1,1,1,0
15,1.5862000000476835,1,1,1,0
15,2.439100000143051,1,1,-1,0
15,1.9452000000476835,1,1,-1,1
15,1.6895,1,1,1,1
15,2.037100000143051,1,1,-1,0
15,1.9792000000476835,1,1,-1,1
15,1.5525,1,1,1,0
15,1.4989000000953674,1,1,1,1
15,1.6547999999523164,1,1,1,0
15,1.7917000000476835,1,1,-1,1
15,1.6258999998569488,1,1,1,1
15,2.7747999999523163,1,1,-1,0
15,1.8764000000953671,1,1,-1,1
15,1.6774000000953675,1,1,1,0
15,1.9306000001430512,1,1,-1,0
15,1.6332999999523166,1,1,1,1
15,2.168400000095367,1,1,-1,1
15,1.4656000001430511,1,1,1,1
15,1.7581000001430511,1,1,-1,0
15,1.53,1,1,1,0
15,1.5997999999523165,1,1,1,0
15,1.7397999999523166,1,1,1,1
15,2.121299999952316,1,1,-1,0
15,1.8513999998569488,1,1,-1,1
15,1.8487999999523166,1,1,-1,1
15,1.4142999999523165,1,1,1,0
15,1.770600000143051,1,1,-1,0
15,1.6577000000476836,1,1,1,1
15,1.9645999999046329,1,1,1,0
15,2.1182000000476835,1,1,-1,1
15,1.8064000000953673,1,1,-1,0
15,2.1656000001430513,1,1,1,1
15,1.5633999998569488,1,1,1,1
15,1.7190999999046326,1,1,-1,1
15,1.6509000000953675,1,1,1,0
15,1.9183999998569488,1,1,-1,0
161,2.505,0.6377777777777778,1,1,0
161,1.791,1,1,1,1
161,3.28,0.5022222222222222,1,-1,1
161,2.183,0.7822222222222223,0,-1,0
161,2.413,0.9711111111111111,1,1,1
161,2.877,0.8577777777777778,1,-1,0
161,3.474000000000029,0.76,1,-1,1
161,1.676,0.8733333333333333,1,1,0
161,1.792,0.7977777777777778,1,1,0
161,1.8449999999999709,0.9688888888888888,1,1,1
161,4.649,0.5977777777777777,1,-1,0
161,3.478,0.6511111111111111,1,-1,1
161,1.773,0.7333333333333334,1,1,0
161,2.691,0.8177777777777777,1,-1,1
161,1.961,0.9066666666666666,1,1,1
161,4.62,0.7066666666666667,1,-1,0
161,3.372,0.7533333333333333,1,-1,1
161,1.604,0.8844444444444445,1,1,1
161,1.697,0.7666666666666666,1,1,0
161,4.4,0.7844444444444445,1,-1,0
161,1.711,0.8488888888888889,1,1,0
161,2.367,0.8822222222222222,1,-1,0
161,1.706,0.9933333333333332,1,1,1
161,2.321,0.9755555555555556,1,-1,1
161,2.724,0.8888888888888888,1,-1,1
161,1.666,1,1,1,1
161,3.753,0.88,1,-1,0
161,4.587,0.6288888888888888,0,1,0
161,2.691,0.6733333333333333,1,-1,1
161,4.254,0.6822222222222223,1,-1,0
161,1.708,0.8155555555555556,1,1,0
161,1.705,0.8155555555555556,1,1,1
161,2.232,0.9311111111111112,1,-1,0
161,3.868,0.7911111111111111,1,-1,1
161,1.6949999999999419,0.8777777777777778,1,1,0
161,1.887,0.9311111111111112,1,1,1
161,3.033,0.9044444444444444,1,-1,0
161,1.6369999999999418,0.9911111111111112,1,1,1
161,3.312,0.8622222222222222,1,-1,1
161,1.7470000000001165,0.9688888888888888,1,1,0
161,2.841,0.8377777777777777,1,-1,0
161,3.624,0.8555555555555556,1,-1,1
161,1.7369999999998835,0.9822222222222222,1,1,0
161,1.6029999999998836,1,1,1,1
161,1.724,1,1,1,0
161,2.594,0.9622222222222222,1,-1,1
161,3.847,0.9555555555555556,1,-1,0
161,1.768,0.9955555555555556,1,1,1
161,1.7589999999998835,1,1,1,0
161,3.286,0.8622222222222222,1,-1,0
161,3.511,0.8488888888888889,1,-1,1
161,1.578,0.92,1,1,1
161,1.637,0.9177777777777778,1,1,1
161,1.89,0.9377777777777778,1,1,0
161,2.3870000000001164,0.9266666666666666,1,-1,1
161,3.0090000000001162,0.9333333333333332,1,-1,0
161,1.773,0.94,1,1,0
161,2.1319999999998838,0.9355555555555556,1,-1,1
161,2.936,0.9422222222222222,1,-1,0
161,2.335,0.9266666666666666,1,1,1
161,1.655,0.9355555555555556,1,1,1
161,2.946,0.9155555555555556,1,-1,0
161,2.78,0.94,1,-1,1
161,2.678,0.9222222222222224,1,1,0
12,1.9017999992370602,0.9270833333333334,1,1,1
12,1.9936999969482425,1,1,-1,0
12,2.216599998474121,0.8515625,1,-1,1
12,2.209599998474121,0.9427083333333334,1,1,0
12,2.8476000022888184,0.7057291666666667,1,-1,1
12,1.840900001525879,1,1,1,1
12,2.7961999969482423,0.8619791666666666,1,1,0
12,2.441900001525879,0.7994791666666666,1,-1,0
12,1.9289000015258788,0.84375,1,1,1
12,2.756900001525879,0.8385416666666666,1,-1,1
12,5.778899997711181,0.8072916666666666,1,1,0
12,2.208,0.8645833333333334,1,-1,0
12,2.6897000007629392,0.8645833333333334,0,1,1
12,2.5467000007629395,0.7213541666666667,1,-1,0
12,3.277,0.7526041666666666,1,-1,1
12,2.835099998474121,0.78125,0,1,0
12,2.143099998474121,0.7369791666666667,0,1,1
12,2.5487999992370605,0.7916666666666666,1,-1,1
12,4.049599998474121,0.6510416666666667,1,1,0
12,2.2256000022888185,0.6875,1,-1,0
12,2.4962000007629395,0.6979166666666667,1,-1,0
12,2.6475,0.7838541666666666,1,1,1
12,2.7046999969482424,0.7447916666666667,0,1,0
12,2.164300003051758,0.765625,1,-1,1
12,2.9583999977111817,0.7682291666666666,1,-1,1
12,2.7715,0.75,1,1,0
12,2.2192000007629393,0.8619791666666666,0,1,1
12,3.075599998474121,0.9947916666666666,1,-1,0
12,2.8997999992370604,0.953125,1,-1,1
12,3.6675,0.9140625,1,-1,0
12,2.8482000007629393,0.875,0,1,0
12,3.0347000007629394,0.8541666666666666,0,1,1
12,1.860099998474121,1,1,-1,0
12,1.9305,0.765625,1,1,0
12,2.2884000015258787,0.8203125,0,1,1
12,2.8227999992370605,1,1,-1,1
12,2.766400001525879,1,0,1,1
12,3.775400001525879,0.7916666666666666,1,-1,0
12,3.315900001525879,0.8072916666666666,1,-1,1
12,3.332400001525879,0.828125,0,1,0
12,3.0988999977111815,0.7916666666666666,0,1,0
12,2.591,0.9010416666666666,1,-1,1
12,2.042,1,1,-1,0
12,3.122900001525879,0.9427083333333334,0,1,1
12,2.1191000022888185,0.9270833333333334,1,-1,1
12,2.648899997711182,0.9296875,0,1,1
12,3.4716000022888185,0.9296875,1,-1,0
12,2.703,0.9296875,0,1,0
12,2.935599998474121,0.7057291666666667,1,-1,0
12,3.187900001525879,0.7057291666666667,0,1,0
12,3.2437000007629395,0.7057291666666667,0,1,1
12,4.17979999923706,0.7317708333333333,1,-1,1
12,3.5661000022888185,0.7473958333333333,1,-1,1
12,4.6165,0.78125,0,1,0
12,3.075,0.8671875,1,-1,0
12,4.611399997711182,0.9166666666666666,0,1,1
12,4.0909000015258785,0.8802083333333334,1,-1,1
12,3.1812999992370607,0.8802083333333334,0,1,0
12,2.395,0.7265625,1,-1,0
12,3.4322999992370606,0.7526041666666666,0,1,1
12,3.6081000022888183,1,1,-1,0
12,3.3671000022888182,0.8098958333333334,0,1,0
12,3.702,0.7447916666666667,0,1,1
12,2.787099998474121,0.7447916666666667,1,-1,1
80,2.093,1,1,1,1
80,1.614,1,1,1,0
80,3.632,0.7055555555555555,1,-1,1
80,3.298,0.7375,1,-1,0
80,1.658,1,1,1,0
80,1.95,0.8291666666666666,1,1,1
80,4.472,0.6847222222222222,1,-1,1
80,3.726,0.8027777777777778,1,-1,0
80,2.41,0.7763888888888889,1,-1,0
80,3.857,0.8319444444444444,1,-1,1
80,2.045,1,1,1,0
80,1.751,0.875,1,1,1
80,1.887,1,1,1,1
80,1.81,0.7819444444444444,1,1,0
80,2.219,0.7944444444444445,1,-1,1
80,2.294,0.7972222222222223,1,-1,0
80,2.416,0.775,1,-1,1
80,1.649,1,1,1,1
80,2.018,0.7430555555555556,1,-1,0
80,2.051,1,1,1,1
80,1.773,0.6513888888888889,1,-1,1
80,3.96,0.7597222222222222,1,1,0
80,4.42,0.6888888888888889,1,-1,0
80,1.861,0.7902777777777777,1,1,1
80,2.58,1,1,1,0
80,2.723,0.5875,1,-1,0
80,3.101,0.7666666666666666,1,-1,1
80,1.753,1,1,1,1
80,1.89,0.6652777777777779,1,-1,0
80,3.586,0.6666666666666667,1,-1,1
80,2.635,0.8194444444444444,1,1,0
80,1.882,0.7777777777777778,1,-1,1
80,1.6,1,1,1,0
80,1.718,0.7472222222222222,1,-1,0
80,1.861,1,1,1,1
80,2.653,0.5777777777777777,1,-1,1
80,2.735,0.6319444444444444,1,1,0
80,5.062,0.7486111111111111,0,1,1
80,1.818,0.7486111111111111,1,-1,0
80,1.926,0.5694444444444444,1,1,1
80,3.841,0.7416666666666667,0,1,0
80,2.844,0.7125,1,-1,1
80,2.701,0.7388888888888889,1,-1,0
80,2.9,0.8055555555555556,1,-1,1
80,1.828,0.7694444444444444,1,-1,0
80,1.944,0.7680555555555555,1,1,0
80,2.664,0.8763888888888889,1,1,1
80,1.85,1,1,-1,0
80,1.998,0.6902777777777778,1,1,0
80,1.804,1,1,-1,1
80,1.998,0.7180555555555556,1,1,1
80,5.254,0.488888888888889,0,1,1
80,1.977,0.8625,1,-1,0
80,2.244,0.5791666666666666,1,1,0
80,1.781,0.8069444444444445,1,-1,1
80,3.101,1,1,-1,0
80,2.446,1,1,-1,1
80,2.109,0.6055555555555556,1,1,0
80,3,0.5611111111111111,1,1,1
80,1.947,0.7847222222222222,1,-1,1
80,5.198,0.3458333333333333,0,1,1
80,2.778,0.7777777777777778,1,1,0
80,1.798,1,1,-1,0
40,1.9392999999523166,1,0,-1,1
40,2.4422999999523163,1,1,-1,0
40,2.5082000000476836,0.5199937519618252,0,1,1
40,1.6762000000476835,1,1,1,0
40,2.133399999976158,1,0,1,1
40,2.6076999999284745,1,1,-1,1
40,1.76,1,1,1,0
40,2.8543999999761582,1,1,-1,0
40,1.9673000000715255,1,1,-1,1
40,2.4425,1,0,1,1
40,1.7260999999046325,1,0,-1,0
40,1.9172999999523166,1,1,1,0
40,2.6422000000476835,1,1,1,0
40,2.1563999999761583,1,0,1,1
40,2.4718000000715254,1,1,-1,0
40,2.062,1,1,-1,1
40,1.697100000023842,1,1,1,0
40,1.8632999999523165,1,1,-1,1
40,2.189400000095367,1,1,1,1
40,2.3325,1,1,-1,0
40,2.3277999999523162,0.4937519525241494,1,1,0
40,2.1447999999523164,1,0,1,1
40,1.8091000000238422,1,1,-1,1
40,2.2627999999523163,1,0,-1,0
40,1.873399999976158,1,1,-1,0
40,2.245299999952316,1,0,1,1
40,2.0895,1,1,-1,1
40,2.423599999904633,1,1,1,0
40,3.0971999999284745,1,1,1,1
40,2.764600000023842,1,1,-1,0
40,2.725600000023842,1,1,-1,1
40,1.7836000000238421,1,1,1,0
40,1.6042000000476835,1,1,1,1
40,2.238100000023842,0.6999375195344587,0,1,0
40,1.9505,1,1,-1,1
40,2.2672999999523165,0.9661043424023124,1,-1,0
40,1.8647999999523166,1,1,1,1
40,2.370299999952316,1,1,-1,0
40,1.9617999999523166,1,1,1,0
40,1.925899999976158,1,1,-1,1
40,2.092599999904633,1,1,1,0
40,2.220200000047684,1,1,-1,1
40,1.7880999999046325,1,1,1,1
40,2.145700000047684,1,1,-1,0
40,2.8142000000476837,1,1,-1,0
40,1.6174000000953674,1,1,1,0
40,2.160899999976158,1,1,-1,1
40,2.6178999999761583,1,1,1,1
40,2.002899999976158,0.9792252421211504,1,-1,0
40,2.457799999952316,0.9792252421211504,1,-1,1
40,2.153399999976158,0.9792252421211504,1,1,0
40,3.360799999952316,0.9792252421211504,1,1,1
40,1.6832000000476834,0.9792252421211504,1,1,1
40,3.404100000023842,0.9792252421211504,1,-1,0
40,1.697600000023842,0.9792252421211504,0,-1,1
40,4.6036000000238415,1,0,1,0
40,4.518900000095368,1,1,-1,1
40,1.701,1,1,1,0
40,1.6015999999046326,1,1,1,1
40,1.6713000000715257,1,0,-1,0
40,3.6935,1,1,-1,0
40,2.9412999999523164,1,1,-1,1
40,4.5224000000953675,1,0,1,0
40,1.8053999999761579,1,1,1,1
35,2.376,0.9933333333333332,1,1,1
35,3.963,0.8133333333333334,1,-1,0
35,3.114999999999971,0.8044444444444444,1,-1,1
35,2.823,0.4755555555555555,0,1,0
35,2.180000000000029,0.9088888888888887,1,1,1
35,3.202,0.7111111111111111,1,1,0
35,3.161,0.8866666666666667,1,-1,0
35,2.866000000000029,0.8822222222222222,0,-1,1
35,3.903,0.5111111111111111,1,-1,0
35,2.9069999999999707,0.42666666666666664,0,1,0
35,3.365,0.9444444444444444,1,1,1
35,3.264,0.8244444444444444,1,-1,1
35,2.726,0.5511111111111111,1,-1,1
35,3.264,0.3155555555555556,1,-1,0
35,2.758,0.5511111111111111,1,1,0
35,1.9850000000000292,0.6488888888888888,1,1,1
35,1.63,0.4733333333333334,1,1,1
35,2.34,0.4133333333333334,1,-1,1
35,1.844,0.8444444444444444,1,-1,0
35,1.977999999999971,0.78,1,1,0
35,1.471,0.9755555555555556,1,1,1
35,3.3989999999999707,0.8377777777777777,1,-1,1
35,2.221999999999971,0.4911111111111112,1,-1,0
35,1.922,0.8333333333333334,1,1,0
35,1.908,0.9333333333333332,1,-1,0
35,1.682,0.9688888888888888,1,1,1
35,1.57,1,1,1,0
35,2.086,0.5,0,-1,1
35,1.688,0.9688888888888888,1,1,1
35,1.909,0.9377777777777778,1,1,0
35,2.852,1,1,-1,0
35,1.5689999999999418,0.8733333333333333,0,-1,1
35,2.371,1,1,1,0
35,1.866,0.7911111111111111,0,-1,1
35,1.7679999999999418,0.9933333333333332,1,1,1
35,2.279,0.9533333333333334,0,-1,0
35,1.991,0.8555555555555556,1,1,1
35,1.905,1,1,1,0
35,3.963,1,0,-1,1
35,4.081000000000058,0.6311111111111112,1,-1,0
35,2.163,0.8422222222222222,0,-1,1
35,1.6439999999999417,1,1,1,1
35,1.6819999999999418,1,1,1,0
35,4.039,0.3222222222222222,1,-1,0
35,1.611,0.9311111111111112,1,1,1
35,2.512,0.42,1,-1,1
35,2.5,0.9133333333333332,1,1,0
35,2.9300000000000583,0.46,1,-1,0
35,1.97,0.8933333333333333,1,1,1
35,2.111,0.6311111111111112,1,-1,1
35,1.5639999999999419,0.8311111111111111,1,1,0
35,2.004,1,1,-1,0
35,1.759,1,1,1,0
35,3.4899999999999416,0.96,1,1,1
35,2.71,0.768888888888889,1,-1,1
35,2.334999999999942,0.6599999999999999,1,-1,0
35,3.2829999999999417,0.6933333333333334,1,-1,0
35,2.029,0.8533333333333333,1,1,1
35,2.418999999999942,0.5266666666666666,0,1,0
35,3.546000000000058,0.7622222222222222,0,-1,1
35,2.269,0.4222222222222223,1,-1,1
35,2.1800000000000583,0.8088888888888889,1,1,0
35,2.175000000000058,0.9311111111111112,1,-1,0
35,2.0779999999999417,1,1,1,1
70,2.7565,0.9444444444444444,1,1,1
70,3.659899999976158,0.6511111111111111,0,1,0
70,3.0591000000238417,0.8355555555555556,1,-1,0
70,2.995,0.25111111111111106,1,-1,1
70,2.693600000023842,0.86,1,1,1
70,2.741900000095367,0.9266666666666666,1,1,0
70,2.8907999999523164,0.88,0,-1,0
70,3.207,0.8333333333333334,1,-1,1
70,2.681900000095367,0.74,1,1,0
70,3.8155,0.9111111111111112,1,1,1
70,2.999299999952316,0.5755555555555556,1,-1,1
70,2.8211999999284743,0.8866666666666667,1,-1,0
70,2.920100000023842,0.8866666666666667,1,-1,1
70,3.341,0.15555555555555556,1,1,1
70,2.572600000023842,0.9155555555555556,1,-1,0
70,2.969799999952316,0.6599999999999999,0,1,0
70,3.493899999976158,0.8666666666666667,1,1,1
70,2.5543000000715255,0.9333333333333332,1,-1,0
70,2.9421000000238418,0.30000000000000004,1,-1,1
70,3.0207999999523163,0.19999999999999996,1,1,0
70,2.956599999904633,0.48,1,1,1
70,2.821600000023842,0.20444444444444443,1,1,0
70,4.3045,0.8022222222222222,1,-1,1
70,2.8062000000476837,0.7488888888888889,1,-1,0
70,2.414600000023842,0.6799999999999999,1,-1,1
70,3.146099999904633,0.7777777777777778,0,1,0
70,4.067100000023842,0.23333333333333328,1,1,1
70,3.036399999976158,0.1844444444444444,1,-1,0
70,3.0977999999523163,0.7866666666666666,1,1,1
70,3.374299999952316,0.8511111111111112,1,-1,1
70,2.219599999904633,0.8333333333333334,1,-1,0
70,2.518099999904633,0.49777777777777776,1,1,0
70,2.243,0.8422222222222222,1,-1,1
70,2.284,0.9311111111111112,1,-1,0
70,2.1065,0.9555555555555556,1,1,1
70,2.702399999976158,0.6622222222222223,1,1,1
70,2.3058000000715255,0.7933333333333333,1,-1,0
70,2.308599999904633,0.7644444444444445,1,-1,1
70,2.5558000000715255,0.8244444444444444,0,1,0
70,2.8348000000715254,0.7555555555555555,1,-1,1
70,2.17,0.49777777777777776,1,1,0
70,2.8916000000238418,0.6799999999999999,1,-1,0
70,2.150399999976158,1,1,1,1
70,2.111100000023842,0.88,1,1,0
70,2.155100000023842,0.8511111111111112,1,-1,0
70,2.348799999952316,0.8422222222222222,1,-1,1
70,2.184,0.9244444444444444,1,1,1
70,2.137,0.8755555555555555,1,-1,1
70,2.167799999952316,0.9377777777777778,1,1,0
70,2.0035,0.8288888888888889,1,-1,0
70,2.080600000023842,1,1,1,1
70,2.4926000000238417,0.8577777777777778,1,1,1
70,2.357100000023842,0.8022222222222222,1,-1,1
70,2.148899999976158,0.9311111111111112,1,-1,0
70,2.353,0.6822222222222223,1,1,0
70,2.5842000000476837,0.8577777777777778,1,-1,1
70,2.306399999976158,0.9244444444444444,1,-1,0
70,2.11,0.9355555555555556,1,1,1
70,3.262099999904633,0.5711111111111111,1,1,0
70,2.0652999999523165,0.8977777777777778,1,1,0
70,2.620700000047684,0.88,1,-1,1
70,2.481799999952316,0.9266666666666666,1,-1,0
70,2.025399999976158,0.9155555555555556,1,1,1
182,2.109099999904633,0.6782407407407407,1,1,1
182,2.6201999999284746,0.2407407407407407,1,-1,0
182,2.574,0.2060185185185185,0,-1,1
182,1.7411000000238421,0.7708333333333334,1,1,0
182,1.871100000023842,0.44907407407407407,1,1,0
182,1.616,0.7314814814814814,1,1,1
182,2.324,0.26388888888888884,0,-1,1
182,2.806599999904633,0.05787037037037035,0,-1,0
182,1.567100000023842,0.4513888888888888,1,1,0
182,2.4697000000476836,0.650462962962963,0,-1,0
182,4.5445,0.7060185185185186,1,1,1
182,4.4613000000715255,0.21064814814814817,1,-1,1
182,2.6051999999284745,0.41435185185185186,1,-1,0
182,1.7907999999523165,0.7476851851851851,1,1,1
182,3.340100000023842,0.712962962962963,0,1,0
182,2.2331999999284746,0.5023148148148149,1,-1,1
182,1.8425,0.06712962962962965,1,1,0
182,1.7792000000476835,0.5555555555555556,1,-1,1
182,1.7737000000476835,0.7407407407407407,1,1,1
182,2.2471999999284744,0.20138888888888884,0,1,1
182,1.6036000000238422,0.7106481481481481,1,1,0
182,2.199,0.7152777777777778,1,-1,1
182,1.6935,0.17129629629629628,1,1,0
182,2.6925,0.7615740740740741,1,-1,1
182,1.653,0.07407407407407407,1,1,1
182,1.8,0.7384259259259259,1,-1,0
182,1.6355,0.7523148148148149,1,1,1
182,1.846899999976158,0.32638888888888884,1,-1,0
182,1.8,0.20833333333333337,0,1,0
182,2.455399999976158,0.1620370370370371,1,-1,1
182,1.9667999999523165,0.6643518518518519,1,1,0
182,1.6217999999523165,0.18981481481481477,1,-1,1
182,1.538100000023842,0.7708333333333334,1,1,1
182,2.0396999999284744,0.8101851851851851,1,-1,0
182,2.2852000000476838,0.5532407407407407,1,-1,0
182,1.681899999976158,0.4212962962962963,1,1,0
182,1.8707999999523166,0.22685185185185183,1,-1,1
182,1.590100000023842,0.7824074074074074,1,1,1
182,2.0873999999761583,0.41666666666666663,1,-1,1
182,1.5657000000476835,0.8981481481481481,1,1,0
182,1.9271999999284743,0.5300925925925926,1,-1,0
182,1.580100000023842,0.7708333333333334,1,1,1
182,1.8245999999046327,0.5509259259259259,1,1,0
182,2.229,0.2569444444444444,0,-1,1
182,1.495,0.8796296296296297,1,1,1
182,1.7006000000238422,0.9189814814814816,1,-1,0
182,1.7308000000715256,0.9166666666666666,1,1,1
182,1.8622000000476835,0.7407407407407407,1,1,0
182,1.7548000000715256,0.7361111111111112,1,-1,1
182,1.9787000000476835,0.8055555555555556,1,-1,0
182,2.329,0.6041666666666667,1,1,0
182,1.6032999999523165,0.6041666666666667,1,1,1
182,1.8398999999761578,0.5162037037037037,1,-1,0
182,1.8783999999761578,0.47685185185185186,1,-1,1
182,2.0243999999761577,0.787037037037037,1,1,0
182,1.7692000000476835,0.6342592592592593,1,-1,0
182,2.202299999952316,0.6527777777777778,0,1,1
182,2.1218999999761583,0.4722222222222222,0,1,0
182,1.728,0.375,1,-1,1
182,1.79,0.5833333333333333,1,1,1
182,1.6478999999761579,0.39814814814814814,1,-1,0
127,3.556,0.8388888888888889,1,1,0
127,4.728,0.4740740740740741,1,-1,1
127,2.143,0.8574074074074074,1,1,1
127,5.598,0.10185185185185186,1,-1,0
127,4.66,0.537037037037037,1,-1,1
127,4.638,0.5055555555555555,1,-1,0
127,2.954,0.2833333333333333,1,1,0
127,2.959,0.5,1,1,1
127,4.064,0.6574074074074074,1,-1,0
127,2.478,0.7777777777777778,1,1,1
127,3.99,0.33333333333333337,1,-1,1
127,2.12,0.6,1,1,0
127,2.095,0.6574074074074074,1,1,0
127,2.606,0.5055555555555555,1,-1,1
127,5.286,0,1,-1,0
127,1.995,0.6296296296296297,1,1,1
127,2.984,1,1,1,1
127,2.612,0.3759259259259259,1,-1,0
127,2.94,0.5055555555555555,1,-1,1
127,1.864,0.6648148148148147,1,1,0
127,5.034,0.36851851851851847,1,1,1
127,3.792,0.5740740740740741,1,1,0
127,2.841,0.312962962962963,1,-1,1
127,3.524,0.6425925925925926,1,-1,0
127,3.501,0.31666666666666665,1,-1,1
127,5.087,0.26111111111111107,1,-1,0
127,2.153,0.6759259259259259,1,1,1
127,1.931,0.7462962962962962,1,1,0
127,2.45,0.4407407407407408,1,1,0
127,2.932,0.6777777777777778,1,-1,1
127,2.253,0.75,1,1,1
127,3.48,0.5648148148148149,1,-1,0
127,4.656,0.5611111111111111,1,-1,1
127,2.843,0.4925925925925926,1,-1,0
127,1.835,1,1,1,1
127,1.706,0.9888888888888888,1,1,0
127,2.019,1,1,1,1
127,1.957,0.8,1,1,0
127,5.208,0.18518518518518523,1,-1,1
127,2.503,0.5333333333333333,1,-1,0
127,4.659,0.28148148148148144,1,-1,1
127,2.441,0.5722222222222222,1,-1,0
127,2.891,0.5074074074074074,1,1,1
127,1.879,0.6925925925925926,1,1,0
127,2.02,0.9888888888888888,1,1,0
127,5.286,0,1,-1,1
127,2.05,0.5166666666666666,1,1,1
127,2.164,0.7537037037037038,1,-1,0
127,3.597,0.7796296296296297,1,1,0
127,2.822,0.5018518518518518,1,-1,1
127,2.559,0.46111111111111114,1,-1,0
127,2.923,0.75,1,1,1
127,2.771,0.46851851851851856,1,-1,1
127,2.006,0.7796296296296297,1,1,0
127,4.443,0.3592592592592593,1,-1,0
127,2.412,0.6796296296296296,1,1,1
127,2.145,0.6666666666666667,1,1,0
127,2.816,0.8240740740740741,1,-1,1
127,4.06,0.8092592592592592,1,-1,0
127,2.283,0.5907407407407408,1,1,1
127,4.134,0.5296296296296297,1,-1,0
127,2.568,0.6407407407407407,1,1,1
127,2.034,0.75,1,1,0
127,2.946,0.22962962962962963,1,-1,1
204,2.34560000000149,1,1,1,1
204,1.9923000000007451,0.7925925925925926,1,1,0
204,2.8669000000022353,0.7981481481481482,1,-1,0
204,2.66210000000149,1,1,1,0
204,3.2495,0.6981481481481482,1,-1,1
204,3.312099999997765,0.8222222222222222,1,-1,0
204,1.772,1,1,1,1
204,3.367300000000745,0.6611111111111111,1,-1,0
204,1.670800000000745,1,1,1,1
204,3.448300000000745,0.6648148148148147,1,-1,1
204,1.889199999999255,1,1,1,0
204,1.8485,1,1,1,1
204,2.18339999999851,0.7351851851851852,1,-1,1
204,1.7014000000022351,1,1,1,0
204,2.42739999999851,0.7425925925925926,1,-1,0
204,2.528300000000745,0.7148148148148148,1,1,0
204,3.160699999999255,0.6666666666666667,1,-1,0
204,1.9940999999977649,0.7833333333333333,1,1,1
204,2.83139999999851,0.8333333333333334,1,-1,1
204,3.2300999999977646,0.8851851851851852,1,-1,0
204,4.9328000000007455,0.8759259259259259,1,1,1
204,2.1865999999977648,0.7851851851851852,1,-1,1
204,1.840699999999255,0.8722222222222222,1,1,0
204,2.24839999999851,1,1,1,1
204,3.34989999999851,0.7037037037037037,1,-1,0
204,2.367699999999255,0.7814814814814814,1,1,0
204,2.50810000000149,0.9148148148148147,1,-1,1
204,1.99,1,1,1,1
204,2.1521000000014903,0.8555555555555556,1,-1,1
204,6.981599999997765,0.4722222222222222,1,1,0
204,2.78889999999851,0.8203703703703704,1,-1,0
204,2.554699999999255,0.6925925925925926,1,-1,1
204,1.6589000000022351,1,1,1,1
204,2.921199999999255,0.787037037037037,1,1,0
204,2.172,0.575925925925926,1,-1,0
204,1.607,0.974074074074074,1,1,1
204,1.821199999999255,0.7685185185185185,1,1,0
204,2.92039999999851,0.6129629629629629,1,-1,1
204,3.176199999999255,0.6833333333333333,1,-1,0
204,1.7685999999977648,0.9407407407407408,1,1,1
204,2.88,0.6222222222222222,1,-1,0
204,2.644300000000745,0.6962962962962963,1,-1,1
204,2.07710000000149,0.8981481481481481,1,1,0
204,2.44689999999851,1,1,1,1
204,2.262699999999255,0.7018518518518518,1,-1,0
204,5.299900000002236,0.937037037037037,1,1,0
204,2.53239999999851,0.5962962962962963,1,-1,1
204,2.0415,1,1,1,0
204,2.1917999999970204,0.7592592592592593,1,-1,0
204,2.9686000000014903,0.6370370370370371,1,-1,1
204,2.28010000000149,0.6962962962962963,1,1,1
204,4.257,0.8166666666666667,1,-1,0
204,1.932800000000745,0.8870370370370371,1,1,0
204,1.836,1,1,1,1
204,3.8685,0.8759259259259259,1,-1,1
204,1.753,0.7518518518518519,1,1,1
204,1.9900999999977649,0.9148148148148147,1,-1,1
204,5.573,0.7759259259259259,1,-1,0
204,1.837199999999255,0.9648148148148148,1,1,0
204,2.3485,0.65,1,-1,0
204,1.75010000000149,1,1,1,0
204,3.759199999999255,0.7722222222222223,1,-1,1
102,2.110900000095367,0.9644444444444444,1,1,1
102,3.0912000002861024,0.1466666666666666,1,-1,1
102,2.009,0.9266666666666666,1,-1,0
102,2.093,0.5022222222222222,1,1,0
102,1.9565,0.6444444444444444,1,1,0
102,2.6457000002861024,0.4133333333333334,1,-1,1
102,1.8951999998092652,0.6533333333333333,1,1,1
102,2.289099999904633,0.5622222222222222,1,-1,0
102,2.1005,0.8911111111111111,1,-1,1
102,2.1405999999046332,0.28888888888888886,1,1,1
102,1.7305999999046326,0.8044444444444444,1,1,0
102,2.1802999997138977,0.6311111111111112,1,-1,0
102,1.7285999999046326,0.8333333333333334,1,1,1
102,2.419400000095367,0.76,1,-1,0
102,2.0595,0.9555555555555556,1,-1,1
102,2.0205999999046327,0.6511111111111111,1,1,0
102,2.039800000190735,0.7066666666666667,1,-1,1
102,2.260300000190735,0.8222222222222222,1,-1,0
102,1.7268000001907349,0.9111111111111112,1,1,0
102,1.5715,0.9466666666666668,1,1,1
102,2.7685,0.1577777777777778,1,1,0
102,1.8634000000953672,0.47777777777777775,1,1,1
102,1.8802999997138976,0.9422222222222222,1,-1,0
102,1.9219000000953672,0.9577777777777776,1,-1,1
102,1.8529000000953673,0.9555555555555556,1,-1,0
102,2.1583999996185304,0.8955555555555555,1,-1,1
102,2.014400000095367,0.5888888888888889,1,1,0
102,2.1497000002861024,0.4155555555555556,1,1,1
102,1.8314000000953672,0.7066666666666667,1,1,1
102,1.6489000000953675,0.8200000000000001,1,1,0
102,1.8859000000953672,0.8977777777777778,1,-1,1
102,2.0327999997138977,0.96,1,-1,0
102,1.6192999997138977,0.92,1,1,0
102,2.15789999961853,0.06888888888888889,0,-1,0
102,1.7124000000953674,0.8111111111111111,1,1,1
102,2.223400000095367,0.45333333333333337,1,-1,1
102,2.6675,0.1022222222222222,1,-1,0
102,1.6855999999046325,0.7111111111111111,1,1,1
102,1.8135,0.8866666666666667,1,-1,1
102,1.731,0.6733333333333333,1,1,0
102,1.7869000000953674,0.5733333333333333,1,-1,0
102,1.8196999998092651,0.78,1,1,0
102,1.734300000190735,0.9,1,1,1
102,1.609,0.9577777777777776,1,-1,1
102,1.8360999999046328,0.9111111111111112,1,-1,1
102,1.6882000002861024,0.9422222222222222,1,1,1
102,2.694400000095367,0.11333333333333329,1,-1,0
102,1.6455,0.8866666666666667,1,1,0
102,2.655300000190735,0.06000000000000005,0,-1,0
102,1.6334000000953675,0.8711111111111112,1,1,0
102,1.9017000002861022,0.9422222222222222,1,-1,1
102,1.8500999999046328,0.9266666666666666,1,1,1
102,1.689,0.8555555555555556,1,1,0
102,1.7998000001907348,0.9088888888888887,1,-1,1
102,1.9502000002861022,0.74,1,1,1
102,2.150800000190735,0.8688888888888888,1,-1,0
102,1.7640999999046325,0.8422222222222222,1,-1,1
102,1.8404000000953673,0.8822222222222222,1,-1,0
102,1.466300000190735,0.7488888888888889,1,1,0
102,1.4985999999046327,0.8755555555555555,1,1,1
102,1.79,0.9,1,-1,1
102,1.794199999809265,0.8955555555555555,1,-1,0
102,2.05,0.6288888888888888,1,1,1
102,1.7220999999046325,0.8,1,1,0
16,1.455,0.9537037037037036,0,-1,1
16,2.760899999976158,0.5810185185185186,1,-1,0
16,1.554,1,1,1,1
16,1.572300000011921,0.976851851851852,1,1,0
16,2.635600000023842,0,0,1,1
16,1.957899999976158,0.9375,1,1,0
16,1.560699999988079,0.5833333333333333,0,-1,0
16,2.539300000011921,0.6597222222222222,1,-1,1
16,1.9595999999642373,0.8842592592592593,1,-1,0
16,2.2571000000238417,1,1,1,0
16,1.405,1,1,1,1
16,1.9029000000357628,0.8518518518518519,1,-1,1
16,3.002100000023842,0.8055555555555556,1,-1,0
16,1.761199999988079,0.9513888888888888,1,1,0
16,1.6353000000119209,0.6921296296296297,1,-1,1
16,1.508199999988079,1,1,1,1
16,2.093,0.7847222222222222,1,1,0
16,1.505,0.5439814814814814,1,-1,1
16,1.683600000023842,0.39583333333333337,1,-1,0
16,1.2562000000476834,0.04166666666666663,0,1,1
16,1.6005,0.6134259259259259,1,1,1
16,1.612,0.7638888888888888,1,1,0
16,1.883,0.6435185185185186,1,-1,1
16,1.8157000000476835,1,1,-1,0
16,1.5150999999642372,0.949074074074074,1,-1,0
16,2.089399999976158,0.6689814814814814,1,1,1
16,1.565199999988079,0.8981481481481481,1,1,0
16,1.701300000011921,0.775462962962963,1,-1,1
16,1.5485999999642373,1,1,-1,1
16,2.108699999988079,1,1,-1,0
16,1.681300000011921,1,1,1,1
16,1.6500999999642372,0.9930555555555556,1,1,0
16,1.9583999999761579,0.8888888888888888,1,1,0
16,2.033399999976158,0.8287037037037037,1,1,1
16,1.618800000011921,0.7939814814814815,0,-1,1
16,2.264899999976158,0.7222222222222222,1,-1,0
16,1.610899999976158,0.8518518518518519,1,1,0
16,1.5719000000357628,0.9444444444444444,1,1,1
16,2.284,0.8125,1,-1,1
16,2.2707999999523163,0.6342592592592593,0,-1,0
16,1.479,0.6342592592592593,1,1,1
16,1.5215,0.9745370370370372,1,1,0
16,1.849399999976158,0.8981481481481481,1,-1,1
16,1.7735999999642371,0.9166666666666666,1,-1,0
16,1.422800000011921,0.8888888888888888,1,1,1
16,1.5649000000357627,0.8657407407407407,1,-1,0
16,1.4354000000357627,1,1,1,0
16,2.0920999999642373,0.5462962962962963,1,-1,1
16,1.9712999999523164,0.9814814814814816,1,1,0
16,1.740199999988079,0.8773148148148148,1,-1,1
16,1.832300000011921,0.6481481481481481,1,-1,0
16,1.931300000011921,0.6134259259259259,0,1,1
16,1.7166000000238422,0.9907407407407408,1,-1,1
16,1.966699999988079,0.8333333333333334,1,1,0
16,1.913300000011921,0.8981481481481481,1,-1,0
16,1.828099999964237,0.8912037037037037,1,1,1
16,1.708,0.6018518518518519,1,-1,0
16,1.526600000023842,0.949074074074074,1,1,1
16,1.664800000011921,0.8842592592592593,1,-1,1
16,1.6495999999642372,0.9351851851851852,0,1,0
16,2.3935,0.9467592592592592,1,-1,1
16,1.510100000023842,0.9537037037037036,1,1,1
16,1.7179000000357627,0.9375,0,1,0
16,1.6834000000357627,0.9467592592592592,1,-1,0
25,2.3855999999940396,0.7361111111111112,1,-1,0
25,3.738400000005961,0.6203703703703703,1,-1,1
25,2.320699999988079,0.7962962962962963,1,1,0
25,1.7155,0.9814814814814816,1,1,1
25,2.4255,0.8333333333333334,1,-1,0
25,3.673699999988079,0.6111111111111112,1,1,0
25,2.5284000000059605,0.5810185185185186,1,-1,1
25,1.575199999988079,0.9444444444444444,1,1,1
25,1.7182000000178814,1,1,1,0
25,1.9167999999821184,0.8032407407407407,1,-1,1
25,2.0651999999880792,0.7939814814814815,1,-1,0
25,1.8870999999940394,0.8981481481481481,1,1,1
25,2.0099000000059606,0.7453703703703703,1,-1,0
25,1.9852999999821184,0.8518518518518519,1,1,1
25,1.9002000000178816,0.6203703703703703,1,1,0
25,1.8320999999940395,0.6527777777777778,1,-1,1
25,3.1170999999940396,0.8356481481481481,1,1,1
25,2.637199999988079,0.6805555555555556,1,1,0
25,1.6162999999821186,0.6736111111111112,1,-1,0
25,1.681,0.8078703703703703,1,-1,1
25,2.3775,0.5902777777777778,1,1,0
25,1.892,0.6712962962962963,1,-1,1
25,1.8225,0.6759259259259259,1,1,1
25,2.0215,0.7106481481481481,1,-1,0
25,2.0665,0.6111111111111112,1,1,0
25,1.9369000000059604,0.7361111111111112,1,-1,0
25,1.6860999999940396,0.7986111111111112,1,-1,1
25,2.4472999999821186,0.7939814814814815,1,1,1
25,1.614800000011921,0.7430555555555556,1,-1,1
25,1.775,0.7569444444444444,1,-1,0
25,2.127800000011921,0.6527777777777778,1,1,0
25,2.136,0.7824074074074074,1,1,1
25,2.687399999976158,0.6550925925925926,1,-1,0
25,3.1555,0.5277777777777778,0,1,0
25,2.204800000011921,0.6759259259259259,1,-1,1
25,3.1460999999940396,0.7592592592592593,1,1,1
25,2.0598000000119208,0.6597222222222222,1,1,1
25,2.1029000000059606,0.8125,1,-1,0
25,2.422799999982119,0.7476851851851851,1,-1,1
25,5.168,0.4861111111111112,1,1,0
25,2.3322000000178815,0.5046296296296297,1,-1,1
25,2.4785999999940396,0.8634259259259259,1,1,1
25,3.7844000000059608,0.587962962962963,0,1,0
25,2.823,0.6759259259259259,1,-1,0
25,1.970199999988079,0.6851851851851851,1,-1,0
25,2.4839000000059603,0.7523148148148149,1,1,1
25,6.4405,0.587962962962963,1,1,0
25,3.786400000005961,0.5393518518518519,1,-1,1
25,3.407,0.7222222222222222,1,1,1
25,1.6669000000059604,0.7060185185185186,1,-1,1
25,1.933,0.6342592592592593,1,-1,0
25,1.9375999999940396,0.5046296296296297,1,1,0
25,1.9979000000059606,0.4907407407407407,1,-1,1
25,1.74,0.5532407407407407,1,-1,0
25,2.2505,0.46064814814814814,1,1,0
25,3.419600000023842,0.7384259259259259,1,1,1
25,1.782699999988079,0.8171296296296297,1,1,1
25,1.9904000000059605,0.5949074074074074,1,1,0
25,1.9372000000178817,0.4560185185185185,1,-1,1
25,1.9274000000059606,0.6134259259259259,1,-1,0
25,1.7655999999940395,0.5023148148148149,1,-1,0
25,1.7852000000178814,0.7060185185185186,1,1,1
25,4.104899999976158,0.3726851851851852,1,1,0
25,2.103199999988079,0.7314814814814814,1,-1,1
42,2.9076000001430513,1,1,1,0
42,2.206599999904633,1,1,1,1
42,3.114099999904633,0.7055555555555555,0,-1,0
42,4.3835,0.7666666666666666,1,-1,1
42,5.093399999856949,0.65,0,-1,0
42,4.657699999809265,0.725,0,-1,1
42,2.3915,1,1,1,0
42,4.460200000047684,1,1,1,1
42,2.394,1,0,-1,1
42,2.2717000000476837,0.725,0,-1,0
42,2.0372000000476835,0.9611111111111112,1,1,1
42,3.694399999856949,0.9333333333333332,1,1,0
42,2.0337999999523166,0.8972222222222223,1,1,0
42,1.862,0.8833333333333333,1,1,1
42,2.5472999999523163,0.7555555555555555,0,-1,0
42,3.4307999999523164,0.7972222222222223,1,-1,1
42,5.4599000000953675,0.9222222222222224,1,1,1
42,5.2945,0.8611111111111112,1,1,0
42,2.6442000000476837,0.8722222222222222,1,-1,0
42,2.296,0.8083333333333333,0,-1,0
42,2.4955,0.9166666666666666,1,-1,1
42,1.8989000000953673,0.9666666666666668,1,1,1
42,1.918,0.9055555555555556,1,1,0
42,1.9458999998569488,0.9166666666666666,1,1,1
42,3.470200000047684,0.8944444444444445,1,-1,1
42,5.355599999904633,0.8222222222222222,1,-1,0
42,2.7805,0.7972222222222223,1,-1,1
42,2.0105,1,1,1,1
42,5.039299999952316,0.7888888888888889,0,1,0
42,3.889,0.6638888888888889,1,-1,0
42,1.746,0.8638888888888889,1,1,1
42,3.6533999998569486,0.6194444444444445,1,1,0
42,1.9397999999523166,0.7722222222222223,1,1,0
42,1.9035,0.7583333333333333,0,-1,1
42,2.833,0.7305555555555556,1,-1,0
42,1.7613000001907348,0.8555555555555556,1,1,1
42,2.075,0.8194444444444444,1,1,1
42,4.827199999809265,0.5944444444444444,1,-1,0
42,3.326,0.7111111111111111,0,-1,1
42,5.9625,0.65,1,1,0
42,1.8056000001430512,0.7055555555555555,1,1,1
42,2.0981999998092653,0.7361111111111112,1,1,0
42,3.9848999998569488,0.8277777777777777,1,-1,1
42,4.953100000143051,0.7,0,-1,1
42,2.235,0.6444444444444444,1,1,0
42,2.393599999904633,0.7166666666666667,1,-1,0
42,1.9025,0.6222222222222222,1,1,1
42,4.7585,0.7305555555555556,0,1,1
42,2.344200000047684,0.6638888888888889,1,-1,0
42,2.323399999856949,0.7111111111111111,1,-1,1
42,2.504900000095367,0.775,1,1,0
42,3.856599999904633,0.7111111111111111,0,1,0
42,1.8554000000953672,0.75,1,-1,0
42,3.1031000001430513,0.7666666666666666,1,-1,1
42,1.9395999999046327,0.7777777777777778,1,1,1
42,1.9065999999046328,0.8055555555555556,1,-1,0
42,2.5417000000476837,0.7777777777777778,1,-1,1
42,5.625900000095368,0.5444444444444445,0,1,0
42,2.962900000095367,0.6194444444444445,1,1,1
24,3.789,0.8305555555555555,1,-1,1
24,4.909,0.5416666666666667,1,1,1
24,4.083,0.8861111111111111,0,1,0
24,2.435,0.9083333333333332,1,-1,0
24,3.708,0.9472222222222222,1,-1,0
24,3.166,0.8277777777777777,1,-1,1
24,2.486,0.8166666666666667,1,-1,1
24,2.306,0.8138888888888889,0,1,0
24,2.123,0.8555555555555556,1,-1,0
24,3.017,0.8416666666666667,0,1,1
24,2.441,0.8472222222222222,0,1,1
24,2.565,0.8055555555555556,0,1,0
24,1.476,0.16388888888888886,0,-1,1
24,2.531,0.6972222222222222,1,-1,0
24,2.298,0.7861111111111111,1,-1,1
24,2.118,0.8611111111111112,0,1,0
24,2.885,0.9055555555555556,1,-1,0
24,2.554,0.7916666666666666,0,1,0
24,2.528,0.7916666666666666,1,-1,0
24,3.271,0.775,1,-1,1
24,4.486,0.525,1,1,1
24,2.951,0.3916666666666667,0,1,1
24,2.681,0.7805555555555556,1,-1,1
24,2.409,0.9,1,-1,0
24,3.842,0.6055555555555556,1,1,0
24,6.655,0.43333333333333335,1,-1,0
24,3.52,0.5472222222222223,0,1,1
24,2.076,0.7194444444444444,0,1,0
24,4.786,0.4861111111111112,1,-1,1
24,3.499,0.6416666666666666,0,-1,1
24,2.12,0.5305555555555556,1,1,1
24,1.819,0.8027777777777778,1,1,0
24,1.883,0.6944444444444444,1,1,0
24,6.285,0.45833333333333337,1,-1,1
24,1.954,0.6972222222222222,1,1,1
24,6.551,0.5166666666666666,1,-1,0
24,2.969,0.5472222222222223,1,1,0
24,6.161,0.28888888888888886,1,1,1
24,5.522,0.2833333333333333,1,-1,1
24,6.197,0.488888888888889,1,-1,0
24,2.841,0.6194444444444445,1,1,1
24,4.045,0.7083333333333333,1,-1,1
24,4.39,0.7805555555555556,1,-1,0
24,4.422,0.625,1,-1,1
24,4.804,0.5083333333333333,1,-1,0
24,2.993,0.575,1,1,0
24,3.451,0.6805555555555556,1,-1,1
24,2.9,0.7527777777777778,1,-1,0
24,2.911,0.6888888888888889,1,1,1
24,4.605,0.7333333333333334,0,1,0
24,2.962,0.7472222222222222,1,1,1
24,5.13,0.675,0,1,0
24,3.478,0.6,1,-1,0
24,2.676,0.6638888888888889,1,-1,1
24,4.669,0.5972222222222222,1,-1,1
24,2.441,0.7333333333333334,1,1,0
24,4.812,0.5083333333333333,1,-1,0
24,2.328,0.7222222222222222,1,1,1
61,2.155,0.9611111111111112,1,1,1
61,2.5610999999940396,0.43148148148148147,1,-1,0
61,3.0827999999970204,0.5407407407407407,1,1,0
61,3.767199999988079,0.4851851851851851,1,-1,1
61,3.479399999991059,0.5740740740740741,1,-1,1
61,2.06170000000298,0.8166666666666667,1,1,1
61,3.9877000000029796,0.9444444444444444,1,1,0
61,3.024,0.5592592592592592,1,-1,0
61,2.94079999999702,0.4240740740740741,1,-1,1
61,1.838,0.8111111111111111,1,1,0
61,1.954800000011921,0.937037037037037,1,1,1
61,4.77959999999404,0.3388888888888889,1,-1,0
61,1.8605,0.8074074074074074,1,1,0
61,1.7167999999970198,0.787037037037037,1,1,1
61,3.3257999999970203,0.45,1,-1,1
61,4.4545,0.37777777777777777,1,-1,0
61,3.0597000000029797,0.3481481481481481,1,-1,1
61,1.822300000011921,1,1,1,1
61,2.229300000011921,0.9888888888888888,1,1,0
61,2.6226000000089407,0.27222222222222225,1,-1,0
61,4.0882000000029795,0.7777777777777778,1,-1,1
61,1.92129999999702,1,1,1,0
61,2.531,0.8333333333333334,1,1,1
61,2.0822000000029797,0.33518518518518514,1,-1,0
61,4.643399999991059,0.4222222222222223,1,-1,1
61,1.81479999999702,0.9444444444444444,1,1,0
61,5.1155,0.9203703703703704,1,1,1
61,1.8279000000059604,0.9148148148148147,1,1,0
61,2.2665,0.937037037037037,1,1,1
61,2.2939000000059604,0.8518518518518519,1,-1,1
61,2.489199999988079,0.7759259259259259,1,-1,0
61,3.923199999988079,0.35370370370370374,1,-1,1
61,2.01620000000298,0.8555555555555556,1,1,1
61,2.9555999999940394,0.8481481481481481,1,-1,0
61,2.2672000000029797,0.825925925925926,1,1,0
61,3.6222000000029797,0.2444444444444445,1,-1,1
61,2.68670000000298,0.7555555555555555,1,-1,0
61,1.857199999988079,0.8611111111111112,1,1,1
61,1.7449000000059605,0.8277777777777777,1,1,0
61,1.7705,0.9407407407407408,1,1,0
61,2.9069000000059604,0.8074074074074074,1,-1,0
61,3.8831000000089406,0.2777777777777778,1,-1,1
61,2.2132999999970204,0.7092592592592593,1,1,1
61,1.9709000000059604,0.7944444444444445,1,1,0
61,2.7750999999940396,0.8037037037037037,1,-1,1
61,2.4635999999940394,0.8185185185185185,1,-1,0
61,3.6596000000089406,0.25370370370370365,1,1,1
61,1.88079999999702,0.912962962962963,1,1,1
61,2.2377000000029796,0.8055555555555556,1,-1,1
61,2.0829000000059605,0.8055555555555556,1,-1,0
61,2.5902000000029797,0.8462962962962963,1,-1,0
61,1.7825999999940396,0.7037037037037037,1,1,1
61,2.5031000000089407,0.3462962962962963,1,-1,1
61,2.89520000000298,0.7555555555555555,1,-1,0
61,2.058800000011921,0.7222222222222222,1,-1,1
61,1.9625,0.85,1,1,1
61,1.8655999999940396,0.8555555555555556,1,1,0
61,1.9479000000059605,0.7777777777777778,1,1,0
61,2.7579000000059604,0.7333333333333334,1,-1,0
61,2.974,0.6074074074074074,1,-1,1
61,1.5667999999970197,0.9925925925925926,1,1,1
188,1.8150000000000144,0.8425,1,1,0
188,3.503000000000029,0.7424999999999999,1,-1,1
188,2.203,0.7825,1,-1,0
188,1.599,0.815,1,1,1
188,1.826,0.84,1,-1,1
188,2.098,0.8125,1,-1,0
188,1.639,0.8049999999999999,1,1,1
188,3.869,0.8025,0,1,0
188,1.710000000000029,0.795,1,1,1
188,1.982,0.8025,1,-1,0
188,2.962,0.6925,1,-1,1
188,1.549,0.625,1,1,0
188,1.934,0.84,1,1,1
188,1.788,0.8049999999999999,1,-1,1
188,1.816,0.7224999999999999,1,-1,0
188,1.639,0.79,1,1,0
188,2.189,0.7075,1,1,1
188,1.6060000000000292,0.7075,1,-1,1
188,1.855000000000029,0.7475,1,-1,0
188,2.975,0.4475,1,1,0
188,1.654000000000029,0.47,1,1,1
188,1.7689999999999708,0.635,1,-1,0
188,1.779,0.6475,1,-1,1
188,1.635,0.7175,1,1,0
188,1.7529999999999708,0.56,1,-1,0
188,1.6859999999999418,0.28,0,1,1
188,1.689,0.54,1,-1,1
188,2.3,0.09499999999999996,0,1,0
188,1.858,0.5,1,1,0
188,1.671,0.8325,1,1,1
188,1.6100000000000583,0.8275,1,-1,0
188,1.931,0.8275,1,-1,1
188,1.6940000000000581,0.8625,1,1,1
188,1.789,0.8625,1,-1,1
188,1.8829999999999416,1,1,-1,0
188,1.813,0.7150000000000001,1,1,0
188,1.6549999999999419,0.7575000000000001,1,1,0
188,2.484,0.4575,1,-1,1
188,2.103999999999942,0.515,1,-1,0
188,1.548,0.965,1,1,1
188,1.5810000000000581,1,1,1,0
188,1.631,1,1,1,1
188,1.675,0.7775,1,-1,1
188,1.76,0.6475,1,-1,0
188,1.686,0.49,1,-1,1
188,2.278000000000058,0.09250000000000004,1,1,0
188,1.6269999999999418,0.17000000000000004,1,-1,0
188,1.554,0.7675,1,1,1
188,1.6000000000000583,0.87,1,1,1
188,1.56,0.61,1,-1,1
188,1.8089999999999415,0.4475,1,1,0
188,1.528,0.6,1,-1,0
188,1.738,0.4449999999999999,1,-1,1
188,2.006,0.7424999999999999,1,-1,0
188,1.803,0.7424999999999999,1,1,1
188,1.7100000000000581,0.88,1,1,0
188,1.618,0.6,1,-1,0
188,1.827,0.6599999999999999,1,-1,1
188,1.612,0.6575,1,1,1
188,1.694,0.7150000000000001,1,1,0
188,1.576,0.4300000000000001,1,-1,1
188,1.7659999999999418,0.7424999999999999,1,-1,0
188,1.5280000000000582,1,1,1,1
188,1.548,1,1,1,0
131,1.6379000000059605,1,1,1,1
131,2.0429000000059605,1,1,-1,0
131,1.7955999999940395,1,1,-1,1
131,1.9102999999821184,1,1,1,0
131,1.7445999999940396,1,1,-1,1
131,1.825199999988079,0.7819444444444444,1,1,0
131,1.7904000000059606,0.9208333333333334,1,-1,0
131,1.648199999988079,0.7430555555555556,1,1,1
131,2.863200000017881,0.9333333333333332,1,1,1
131,1.9525999999940395,0.7361111111111112,1,-1,0
131,1.8489000000059606,0.9166666666666666,1,1,0
131,1.7575,0.5097222222222222,1,-1,1
131,1.7287999999821186,0,1,-1,0
131,1.6374000000059605,0.5777777777777777,1,1,1
131,1.6465,0.9763888888888888,1,-1,1
131,1.8744000000059604,0.5972222222222222,1,1,0
131,1.7495999999940395,1,1,1,1
131,1.556100000023842,1,1,-1,1
131,1.7794000000059604,1,1,1,0
131,1.6330999999940394,1,1,-1,0
131,1.5460999999940395,1,1,-1,0
131,1.719300000011921,1,1,1,0
131,1.6095,1,1,-1,1
131,1.3846999999880791,1,1,1,1
131,1.4625,1,1,-1,1
131,1.7645,1,1,-1,0
131,1.5755999999940395,1,1,1,0
131,2.021300000011921,1,1,1,1
131,2.3155,0.8791666666666667,1,1,1
131,1.8002999999821185,0.9722222222222222,1,-1,1
131,1.895699999988079,0.7458333333333333,1,-1,0
131,1.712,1,1,1,0
131,1.9065,1,1,-1,0
131,1.6525999999940395,1,1,1,0
131,1.7404000000059605,1,1,-1,1
131,1.8332999999821185,1,1,1,1
131,1.410899999976158,1,1,1,0
131,1.5410999999940396,1,1,-1,0
131,1.5877000000178814,1,1,1,1
131,1.7331999999880792,1,1,-1,1
131,1.511,1,1,1,0
131,1.7530999999940395,1,1,-1,1
131,1.657,1,1,1,1
131,1.7952999999821186,1,1,-1,0
131,1.7014000000059604,1,1,1,1
131,1.5665,1,1,1,0
131,2.978199999988079,1,1,-1,0
131,1.8136999999880792,1,1,-1,1
131,1.8060999999940395,1,1,1,0
131,1.7175,1,1,-1,1
131,1.592,1,1,-1,0
131,1.4725999999940396,1,1,1,1
131,1.9885999999940396,0.44027777777777777,1,1,0
131,1.6215,1,1,-1,0
131,1.7219000000059606,1,1,1,1
131,1.575,1,1,-1,1
131,1.537800000011921,1,1,1,1
131,1.7465999999940396,0.448611111111111,1,1,0
131,2.1134000000059605,1,1,-1,0
131,1.794,1,1,-1,1
131,1.780399999976158,1,1,1,0
131,1.6888999999761578,1,1,-1,0
131,2.322300000011921,0.9861111111111112,1,-1,1
131,1.7685,0.9833333333333332,1,1,1
116,3.776,0.949074074074074,1,-1,0
116,3.5512000000476838,0.925925925925926,1,1,0
116,5.479700000047684,0.625,1,-1,1
116,5.826399999976158,0.6203703703703703,1,1,1
116,4.352700000047684,0.6805555555555556,1,1,1
116,3.793600000023842,0.6180555555555556,1,-1,0
116,4.179600000023842,0.7453703703703703,1,1,0
116,5.233,0.6296296296296297,1,-1,1
116,4.208300000071525,0.5648148148148149,1,1,1
116,4.827,0.625,1,-1,1
116,3.3392000000476836,0.6388888888888888,1,-1,0
116,3.941,0.7407407407407407,1,1,0
116,3.668300000071526,0.6851851851851851,1,-1,0
116,5.185299999952316,0.5555555555555556,1,1,1
116,5.4081000000238415,0.75,1,1,0
116,2.8621000000238417,0.7314814814814814,1,-1,1
116,5.574,0.7939814814814815,1,-1,1
116,4.057600000023842,0.6296296296296297,1,-1,0
116,6.700199999928475,0.5902777777777778,0,1,0
116,4.4043999999761585,0.6203703703703703,1,-1,0
116,4.624299999952316,0.6157407407407407,1,-1,1
116,4.868900000095367,0.5648148148148149,1,1,0
116,6.464699999928475,0.4629629629629629,0,1,1
116,3.721099999904633,0.7407407407407407,1,-1,0
116,3.3447000000476836,0.837962962962963,1,-1,1
116,2.6055,0.7847222222222222,1,-1,0
116,4.051400000095367,0.5740740740740741,1,1,1
116,6.746699999928475,0.6087962962962963,1,1,0
116,2.8182000000476837,0.8865740740740741,1,-1,0
116,3.8881999999284744,0.5462962962962963,1,-1,1
116,2.308100000023842,0.8796296296296297,1,1,1
116,5.353699999928474,0.8796296296296297,1,1,0
116,3.216,0.7962962962962963,1,1,1
116,2.528399999976158,0.7986111111111112,1,-1,0
116,2.6563999999761583,0.7685185185185185,1,1,0
116,2.2295,0.6388888888888888,1,-1,1
116,2.358,0.662037037037037,1,1,0
116,2.983,0.7453703703703703,1,1,1
116,2.35,0.5578703703703703,1,-1,1
116,2.6947000000476837,0.6736111111111112,1,-1,0
116,4.174299999952316,0.525462962962963,1,-1,0
116,2.607900000095367,0.7361111111111112,1,1,0
116,2.429399999976158,0.7777777777777778,1,1,1
116,2.3822000000476837,0.7476851851851851,1,-1,1
116,5.25,0.650462962962963,1,1,1
116,4.812399999976158,0.6134259259259259,1,-1,1
116,2.407700000047684,0.5972222222222222,1,-1,0
116,3.391599999904633,0.6226851851851851,1,-1,1
116,4.404200000047684,0.4305555555555556,1,1,0
116,3.5138000000715257,0.5416666666666667,1,-1,0
116,3.198299999952316,0.5740740740740741,1,1,1
116,4.103300000071526,0.6064814814814814,1,1,0
116,2.972599999904633,0.6990740740740741,1,-1,1
116,2.586899999976158,0.7430555555555556,1,-1,0
116,3.922600000023842,0.6550925925925926,1,1,0
116,2.840399999976158,0.6944444444444444,1,-1,0
116,3.840700000047684,0.712962962962963,1,-1,1
58,2.1483999998569487,0.4377777777777778,1,-1,1
58,1.534600000143051,1,1,-1,0
58,1.5272999999523165,1,1,1,0
58,2.948399999856949,0.8888888888888888,1,-1,1
58,1.6902999999523165,0.7066666666666667,1,-1,0
58,1.741,0.9555555555555556,1,1,1
58,1.8907999999523164,0.18000000000000005,0,1,0
58,3.288300000190735,0.4177777777777778,1,-1,1
58,1.765,1,1,1,0
58,1.8052999999523165,1,1,1,1
58,2.1137999999523163,0.7911111111111111,1,-1,0
58,1.5152000000476835,0.8977777777777778,1,1,1
58,2.37,0.6488888888888888,1,-1,1
58,1.7082000000476836,0.8977777777777778,1,1,0
58,2.236199999809265,0.6288888888888888,1,-1,0
58,1.7967000000476836,0.9133333333333332,0,-1,1
58,1.7258999998569489,0.7822222222222223,1,-1,0
58,3.570899999856949,0.7044444444444444,1,1,0
58,1.8227000000476834,0.5688888888888889,1,1,1
58,1.9099000000953672,0.7822222222222223,1,-1,1
58,1.4897999999523166,1,1,1,0
58,1.5352999999523165,1,1,1,1
58,1.8428000001907348,0.3911111111111111,1,-1,0
58,1.5472999999523165,0.9044444444444444,1,1,1
58,1.9457999999523166,0.4955555555555555,1,-1,0
58,2.6055,0.9466666666666668,1,1,0
58,1.4679000000953675,0.1266666666666667,0,-1,1
58,1.7396000001430512,0.84,1,1,1
58,1.9724000000953672,0.8644444444444445,1,-1,1
58,1.8395,0.8466666666666667,1,-1,0
58,3.831399999856949,0.6822222222222223,1,1,0
58,1.8627999999523166,0.7533333333333333,1,-1,0
58,1.8449000000953673,0.5666666666666667,1,-1,1
58,1.6015,1,1,1,1
58,1.4765,1,1,1,0
58,1.9716000001430511,0.7755555555555556,1,-1,0
58,1.490100000143051,1,1,1,0
58,1.8977999999523165,0.7266666666666667,1,-1,1
58,1.6433999998569488,0.9466666666666668,1,1,1
58,1.5158000001907348,1,1,1,0
58,1.5323999998569489,1,1,1,1
58,2,0.74,1,-1,1
58,1.7847999999523165,0.76,1,-1,0
58,2.045099999904633,0.6288888888888888,1,-1,1
58,1.5735999999046326,0.9733333333333334,1,1,0
58,2.083599999904633,0.9155555555555556,1,-1,0
58,1.6069000000953675,1,1,1,1
58,1.5289000000953674,1,1,-1,0
58,1.483399999856949,1,1,1,1
58,1.6402000000476835,1,1,-1,1
58,1.6829000000953673,1,1,1,0
58,1.7248999998569488,1,1,-1,1
58,2.0285,1,1,1,0
58,1.4365,1,1,1,1
58,2.1117999999523165,1,1,-1,0
58,2.036,1,1,-1,1
58,1.5022999999523166,1,1,1,1
58,2.7037000000476836,1,1,1,0
58,1.5498000001907348,1,1,-1,0
58,2.1758000001907347,0.7577777777777778,1,1,1
58,1.9100999999046329,0.8977777777777778,1,-1,0
58,1.9333999998569489,1,1,-1,1
58,1.5529000000953674,1,1,1,0
112,4.716,0.7134480062548867,1,1,0
112,2.5066999999880792,0.6602814698983581,1,1,1
112,2.3677999999821187,0.552384675527756,1,-1,1
112,2.622299999982119,0.8213448006254886,1,-1,0
112,2.266199999988079,0.6524628616106334,1,-1,0
112,1.5501999999880791,0.7587959343236904,1,1,1
112,1.7715,0.7056293979671618,1,1,0
112,2.6280999999940393,0.664972634870993,1,-1,1
112,3.783,0.6727912431587177,1,-1,1
112,2.9594000000059606,0.6743549648162628,1,-1,0
112,1.8565,0.77130570758405,1,1,0
112,1.8740999999940395,0.627443315089914,1,1,1
112,2.2747999999821187,0.6477716966379985,1,1,1
112,1.997,0.6821735731039875,1,1,0
112,1.8905999999940395,0.7087568412822518,1,-1,1
112,2.117,0.6102423768569194,1,-1,0
112,2.030899999976158,0.8010164190774043,0,1,0
112,2.663300000011921,0.629007036747459,0,1,1
112,2.4710999999940397,0.5164190774042221,1,-1,1
112,1.8789000000059604,0.6118060985144644,1,-1,0
112,2.203,0.7118842845973417,1,1,0
112,2.5545,0.627443315089914,1,-1,1
112,1.6225999999940395,0.7462861610633307,1,1,1
112,2.4162999999821184,0.6962470680218922,1,-1,0
112,2.0469000000059605,0.7384675527756059,1,1,0
112,1.727,0.5961688819390148,1,-1,0
112,1.878600000023842,0.8182173573103988,1,1,1
112,2.1595,0.589913995308835,1,-1,1
112,2.0060999999940394,0.7290852228303362,1,-1,0
112,1.531,0.880766223612197,1,1,0
112,2.6955999999940397,0.6853010164190774,1,-1,1
112,1.527300000011921,0.8901485535574668,1,1,1
112,1.741800000011921,0.7759968725566849,1,1,0
112,1.619,0.7290852228303362,1,1,1
112,2.9228000000119208,0.5508209538702111,1,-1,0
112,2.9565999999940393,0.589913995308835,1,-1,1
112,2.6639000000059605,0.6399530883502736,1,-1,1
112,1.6076000000238422,0.7603596559812353,1,1,0
112,1.6097999999821186,0.880766223612197,1,1,1
112,2.6584000000059604,0.663408913213448,1,-1,0
112,1.5395999999940395,0.7681782642689601,1,1,0
112,1.5890999999940396,0.8510555121188428,1,1,1
112,1.6895,0.6196247068021892,0,-1,0
112,2.873800000011921,0.5617670054730258,1,-1,1
112,2.408300000011921,0.6477716966379985,1,-1,1
112,1.402,0.9042220484753714,1,1,1
112,2.035699999988079,0.5805316653635653,1,1,0
112,2.585,0.5930414386239249,1,-1,0
112,1.4584000000059605,0.7431587177482408,1,1,1
112,1.749600000023842,0.6462079749804535,1,-1,0
112,1.621100000023842,0.6493354182955434,1,1,0
112,3.0145,0.6727912431587177,1,-1,1
112,1.3870999999940394,0.8979671618451915,1,1,1
112,1.450699999988079,0.6946833463643471,0,-1,1
112,2.5835,0.6180609851446442,1,-1,0
112,1.659699999988079,0.8322908522283033,1,1,0
112,1.9474000000059604,0.7087568412822518,1,-1,0
112,1.4807999999821186,0.8338545738858483,1,1,1
112,1.7447000000178814,0.5226739640344018,1,1,0
112,1.9007999999821183,0.7165754495699765,1,-1,1
112,1.3482000000178813,0.8964034401876466,1,1,1
112,2.072300000011921,0.6884284597341673,1,-1,1
112,1.8614000000059605,0.6039874902267397,1,-1,0
112,4.3114000000059605,0.6899921813917123,0,1,0
197,1.9612999999523164,0.9138888888888888,1,1,0
197,2.752099999904633,0.5833333333333333,1,-1,1
197,4.096,0.5097222222222222,0,-1,0
197,1.7905,0.8722222222222222,1,1,1
197,2.612700000047684,0.6819444444444445,1,-1,0
197,1.9306000000238421,0.9097222222222222,1,1,1
197,1.719,0.9055555555555556,1,1,0
197,2.260399999976158,0.775,1,-1,1
197,2.0061000000238423,0.7861111111111111,1,1,0
197,3.217599999904633,0.675,1,-1,0
197,3.1253000000715256,0.7027777777777777,1,1,1
197,2.0648999999761584,0.7527777777777778,1,-1,1
197,2.573299999952316,0.6666666666666667,1,1,1
197,1.956,0.6333333333333333,1,-1,0
197,2.295599999904633,0.6333333333333333,1,-1,1
197,2.5547000000476836,0.6055555555555556,1,1,0
197,2.7875,0.6444444444444444,1,-1,0
197,2.402,0.6875,1,-1,1
197,1.820399999976158,0.8138888888888889,1,1,0
197,2.2075,0.6888888888888889,0,1,1
197,1.9178000000715256,0.7555555555555555,1,-1,1
197,2.744100000023842,0.7944444444444445,1,1,0
197,2.4547000000476835,0.7083333333333333,0,1,1
197,2.0996999999284744,0.6666666666666667,1,-1,0
197,1.7496999999284744,0.5875,1,-1,0
197,2.189700000047684,0.5208333333333333,1,1,0
197,2.3381000000238417,0.6375,0,1,1
197,2.036099999904633,0.5861111111111111,1,-1,1
197,1.882,0.4125,1,-1,0
197,2.142100000023842,0.6861111111111111,1,-1,1
197,2.691599999904633,0.4805555555555555,0,1,1
197,2.9722000000476836,0.37222222222222223,1,1,0
197,1.8476000000238422,0.9194444444444444,1,1,0
197,2.2997000000476837,0.7444444444444445,1,1,1
197,2.15,0.9194444444444444,1,-1,1
197,2.781,0.8277777777777777,1,-1,0
197,2.9726000000238417,0.8208333333333333,1,1,1
197,1.8378000000715256,0.8138888888888889,1,1,0
197,3.8018000000715255,0.6680555555555556,1,-1,0
197,2.513100000023842,0.6708333333333334,1,-1,1
197,2.999600000023842,0.5569444444444445,1,-1,0
197,2.1277999999523165,0.8402777777777778,1,1,0
197,2.398199999928474,0.7305555555555556,1,-1,1
197,1.7937000000476835,0.9291666666666668,1,1,1
197,1.694,0.9388888888888888,1,1,0
197,2.6511999999284743,0.7458333333333333,1,-1,1
197,2.862600000023842,0.6416666666666666,1,-1,0
197,1.8778999999761579,0.9027777777777778,1,1,1
197,1.726,0.9333333333333332,1,1,0
197,2.056100000023842,0.8652777777777778,1,-1,0
197,1.8852000000476834,0.8347222222222223,1,-1,1
197,1.6937000000476834,0.8916666666666666,1,1,1
197,1.885100000023842,0.8069444444444445,1,-1,0
197,1.8433999999761579,0.8805555555555555,1,-1,1
197,1.7873000000715256,0.9125,1,1,1
197,4.0838999999761585,0.6375,0,1,0
197,3.7713000000715255,0.65,1,-1,0
197,1.8077999999523164,0.8680555555555556,1,1,0
197,1.7573999999761578,0.8486111111111111,1,-1,1
197,1.669899999976158,0.8694444444444445,1,1,1
197,1.5872999999523165,0.9333333333333332,1,1,0
197,2.0403000000715257,0.8555555555555556,1,1,1
197,1.9267999999523164,0.9069444444444444,1,-1,0
197,1.9217999999523165,0.8597222222222223,1,-1,1
86,3.253,0.6333333333333333,1,-1,1
86,2.933,0.85,1,-1,0
86,1.6265,0.9833333333333332,1,1,1
86,2.5565,0.9444444444444444,1,1,0
86,1.6015999999046326,0.9138888888888888,1,1,0
86,1.9654000000953673,0.8722222222222222,1,1,1
86,2.770400000095367,0.8277777777777777,1,-1,1
86,2.4123000001907347,0.8777777777777778,1,-1,0
86,2.0032000002861023,0.9,1,1,1
86,3.9315,0.9,1,1,0
86,1.8590999999046327,1,1,-1,0
86,1.9378999996185304,0.9611111111111112,1,-1,1
86,2.113599999904633,1,1,-1,0
86,1.848699999809265,0.9555555555555556,1,-1,1
86,1.9365999999046328,0.9361111111111112,1,1,1
86,1.7175999999046325,0.9388888888888888,1,1,0
86,2.0235,0.9166666666666666,1,-1,1
86,1.6749000000953673,0.8833333333333333,1,1,0
86,2.351200000286102,0.6666666666666667,0,1,1
86,2.128,0.9388888888888888,1,-1,0
86,1.8814000000953672,0.9388888888888888,1,-1,0
86,2.2875,0.5833333333333333,1,1,0
86,2.28760000038147,0.8083333333333333,1,1,1
86,2.0918000001907346,0.9222222222222224,1,-1,1
86,1.9727999997138976,1,1,-1,0
86,1.8055999999046328,1,1,1,0
86,1.6716999998092652,1,1,-1,1
86,1.7185,0.9305555555555556,1,1,1
86,1.9156999998092652,1,1,-1,1
86,1.5353999996185306,0.9222222222222224,1,1,0
86,1.739699999809265,1,1,-1,0
86,1.9762999997138977,0.9194444444444444,1,1,1
86,1.8390999999046327,1,1,1,0
86,2.8655,0.9583333333333334,1,-1,0
86,1.8389000000953672,1,1,-1,1
86,2.593200000286102,0.9666666666666668,1,1,1
86,3.1535,1,1,-1,0
86,1.7335999999046325,0.9666666666666668,1,1,0
86,1.879599999904633,0.95,1,1,1
86,1.9785,0.9722222222222222,1,-1,1
86,1.826,0.9444444444444444,1,1,1
86,1.961199999809265,1,1,-1,0
86,2.046799999713898,1,1,-1,1
86,1.9569000000953671,0.9333333333333332,1,1,0
86,2.209400000095367,0.9444444444444444,1,-1,1
86,1.7644000000953675,0.9666666666666668,1,-1,0
86,1.9796000003814695,0.9305555555555556,1,1,0
86,1.6915999999046325,0.8944444444444445,1,1,1
86,1.9826000003814694,0.9,1,1,0
86,2.1325999999046332,0.8777777777777778,1,1,1
86,1.7425,0.9805555555555556,1,-1,1
86,1.7513000001907348,1,1,-1,0
86,1.5706000003814695,1,1,-1,0
86,2.416699999809265,1,1,-1,1
86,1.6350999999046325,1,1,1,0
86,2.3481999998092653,0.9111111111111112,1,1,1
86,1.8793999996185304,1,1,-1,0
86,1.7228000001907349,0.9055555555555556,1,1,1
86,1.7277000002861023,1,1,-1,1
86,1.921800000190735,0.8305555555555555,1,1,0
86,1.6891000003814696,1,1,-1,1
86,1.9385,0.9305555555555556,1,1,0
86,2.96710000038147,1,1,-1,0
86,1.9692000002861023,0.8944444444444445,1,1,1
163,2.015399999976158,0.4066666666666666,1,1,1
163,1.701699999988079,0.6422222222222222,1,1,0
163,2.6825,0.6422222222222222,1,-1,1
163,1.8605999999940395,1,1,-1,0
163,2.080199999988079,1,1,-1,0
163,2.309199999988079,0.2666666666666667,1,-1,1
163,3.3402000000178815,0,1,1,0
163,2.0724000000059606,0.6733333333333333,1,1,1
163,2.1605,0.6733333333333333,1,-1,1
163,2.165,0.6733333333333333,1,1,1
163,1.7850999999940396,1,1,-1,0
163,2.071699999988079,0.9333333333333332,1,1,0
163,1.7740999999940394,0.9333333333333332,1,1,0
163,1.6010999999940396,0.7533333333333333,1,1,1
163,1.7350999999940395,0.4066666666666666,1,-1,1
163,1.8605999999940395,0.5666666666666667,0,-1,0
163,1.7820999999940395,0.2022222222222222,1,-1,1
163,1.832300000011921,0.2022222222222222,1,-1,0
163,1.8300999999940395,0.2022222222222222,1,1,1
163,1.7512999999821186,0.2088888888888889,1,1,0
163,2.2235999999940397,0.5622222222222222,1,-1,1
163,1.619,0.9066666666666666,1,1,0
163,2.7245,0.8933333333333333,1,-1,0
163,1.5750999999940396,1,1,1,1
163,1.7145,1,1,1,1
163,1.6920999999940396,0.9288888888888888,1,-1,0
163,2.9329000000059606,0.7577777777777778,1,1,0
163,1.6929000000059604,0.31333333333333335,1,-1,1
163,1.5699000000059604,0,0,-1,1
163,1.911600000023842,0.5533333333333333,1,-1,0
163,2.0058999999761578,0.24888888888888897,1,1,0
163,2.2309000000059607,0.6977777777777778,1,1,1
163,1.9703000000119208,0.8,1,1,1
163,1.5715999999940395,0.7711111111111111,0,-1,0
163,2.166300000011921,0.2711111111111111,1,-1,1
163,1.9702999999821185,0.6266666666666667,1,1,0
163,1.6515,0.6266666666666667,1,1,0
163,1.9734000000059604,0.1466666666666666,1,-1,0
163,1.9267000000178816,0.38222222222222224,1,-1,1
163,1.6842999999821187,0.38222222222222224,1,1,1
163,1.857699999988079,0,1,1,0
163,2.175399999976158,0.18888888888888888,1,-1,1
163,1.625,0.7155555555555555,1,1,1
163,2.0204000000059605,0.5377777777777778,1,-1,0
163,1.7719000000059604,0.6777777777777778,1,1,0
163,2.1392000000178815,0.9022222222222224,1,-1,1
163,1.826,0.9022222222222224,1,-1,0
163,1.9546000000238422,0.4866666666666667,1,1,1
163,1.5925,0.7933333333333333,1,1,0
163,1.6689000000059604,0.21777777777777776,1,1,1
163,1.5019000000059604,0.5533333333333333,1,-1,1
163,2.023299999982118,1,1,-1,0
163,2.1785,1,1,-1,0
163,2.4866999999880792,0.6222222222222222,0,1,0
163,2.5377000000178813,0.2533333333333333,1,1,1
163,2.1917999999821185,0.5911111111111111,1,-1,1
163,2.4074000000059605,0.2666666666666667,1,-1,0
163,1.592,0,0,1,1
163,2.7406999999880792,0.2088888888888889,0,1,0
163,1.9415,0.6599999999999999,1,-1,1
163,2.215199999988079,0.6622222222222223,1,-1,1
163,1.613,0.07999999999999996,1,1,1
163,1.679399999976158,0.0755555555555556,1,1,0
163,2.092800000011921,0.0755555555555556,1,-1,0
155,3.294800000011921,0.91015625,1,-1,1
155,3.320199999988079,0.806640625,1,-1,0
155,3.8736999999880792,0.89453125,1,1,0
155,2.925300000011921,0.87109375,1,1,1
155,5.680800000011921,0.5,0,1,0
155,3.644599999964237,0.869140625,1,-1,0
155,3.292899999976158,0.791015625,1,-1,1
155,2.825300000011921,0.857421875,1,1,1
155,5.284699999988079,0.880859375,1,-1,1
155,2.0335,0.87109375,1,1,0
155,1.8513000000119209,0.861328125,1,1,1
155,3.4046000000238417,0.81640625,1,-1,0
155,2.7284000000357627,0.681640625,1,-1,0
155,3.2008000000119208,0.7578125,1,-1,1
155,2.834800000011921,0.76953125,1,1,0
155,3.017199999988079,0.8125,1,1,1
155,2.766299999952316,0.828125,1,1,1
155,3.697599999964237,0.80078125,1,1,0
155,3.633400000035763,0.7734375,1,-1,0
155,2.362400000035763,0.841796875,1,-1,1
155,5.920199999988079,0.65625,0,1,0
155,2.483299999952316,0.767578125,1,-1,0
155,2.8271999999880792,0.68359375,1,1,1
155,2.191,0.78125,1,-1,1
155,1.891300000011921,0.818359375,1,1,1
155,2.909600000023842,0.732421875,0,1,0
155,1.826899999976158,0.791015625,1,-1,1
155,1.979399999976158,0.9765625,1,-1,0
155,2.199600000023842,0.69921875,0,1,0
155,2.235899999976158,0.6796875,0,1,1
155,1.757899999976158,0.802734375,1,-1,1
155,1.8178999999761578,0.763671875,1,-1,0
155,2.2421999999880793,0.814453125,1,-1,1
155,1.8393000000119208,0.8828125,1,1,0
155,2.478300000011921,0.751953125,1,-1,0
155,2.146199999988079,0.82421875,0,1,1
155,1.841699999988079,0.939453125,1,1,0
155,2.537100000023842,0.947265625,1,1,1
155,4.238100000023842,0.888671875,1,-1,1
155,6.816199999988079,0.865234375,1,-1,0
155,2.515600000023842,0.84375,1,-1,1
155,6.519300000011921,0.814453125,1,1,0
155,4.075400000035763,0.8515625,1,1,1
155,2.4315,0.80078125,1,-1,0
155,2.5674000000357626,0.828125,1,-1,1
155,2.265600000023842,0.84765625,1,1,1
155,1.8096000000238421,0.8828125,1,1,0
155,3.320199999988079,0.775390625,1,-1,0
155,2.342600000023842,0.818359375,1,-1,1
155,1.8464000000357628,0.9453125,1,1,0
155,4.337599999964238,0.76953125,0,1,1
155,2.1292000000476836,0.748046875,1,-1,0
155,2.652899999976158,0.767578125,1,-1,0
155,2.888699999988079,0.91015625,1,1,0
155,4.438899999976158,0.86328125,0,1,1
155,1.901,0.669921875,1,-1,1
155,2.0375,0.654296875,1,-1,1
155,2.822899999976158,0.970703125,1,1,0
155,4.6848999999761585,0.78125,1,-1,0
155,3.433100000023842,0.6484375,0,1,1
155,2.812800000011921,0.84765625,1,-1,1
155,2.6748999999761582,0.900390625,1,1,0
155,2.1845,0.306640625,0,1,1
155,2.2115999999642373,0.8046875,1,-1,0
148,4.192399999856949,0.45833333333333337,1,-1,1
148,3.023,0.7638888888888888,1,-1,0
148,2.1725,0.962962962962963,1,1,0
148,2.8217000000476835,0.6134259259259259,1,1,1
148,3.514,0.8425925925925926,1,-1,0
148,2.9315,0.4097222222222222,1,1,1
148,3.666700000047684,0.4537037037037037,1,-1,1
148,3.685699999809265,0.787037037037037,1,1,0
148,1.9612999999523164,0.9560185185185184,1,1,1
148,2.607400000095367,0.837962962962963,1,-1,0
148,4.136,0.5231481481481481,1,-1,1
148,1.9090999999046327,0.9328703703703703,1,1,0
148,1.7255999999046325,0.9722222222222222,1,1,0
148,2.962200000047684,0.712962962962963,1,-1,1
148,3.091899999856949,0.7708333333333334,1,-1,0
148,1.9502999999523165,0.9444444444444444,1,1,1
148,2.9882000000476836,0.8194444444444444,1,-1,0
148,2.2567000000476836,0.6944444444444444,1,-1,1
148,1.9217000000476836,0.9351851851851852,1,1,0
148,2.607,1,1,1,1
148,2.4445,0.7407407407407407,1,-1,0
148,3.9963000001907347,0.4351851851851852,1,1,1
148,1.9325,0.6111111111111112,1,-1,1
148,1.8397999999523165,1,1,1,0
148,2.545099999904633,0.6990740740740741,1,-1,1
148,1.7535999999046326,1,1,1,0
148,4.0158999998569485,0.4351851851851852,1,-1,0
148,2.0997000000476835,0.9745370370370372,1,1,1
148,3.359100000143051,0.9791666666666666,1,1,1
148,1.7765999999046325,1,1,1,0
148,1.8737999999523165,0.7430555555555556,1,-1,1
148,2.353099999904633,0.8425925925925926,1,-1,0
148,2.5815,0.537037037037037,1,-1,1
148,1.7216999998092652,0.9861111111111112,1,1,1
148,1.8422000000476835,0.925925925925926,1,1,0
148,3.334,0.7939814814814815,0,-1,0
148,2.137100000143051,0.6990740740740741,0,-1,0
148,6.3218999998569485,0.24537037037037035,0,1,0
148,1.5357999999523164,0.8587962962962963,0,-1,1
148,3.441,0.3125,0,1,1
148,2.173199999809265,0.09259259259259256,1,-1,1
148,1.9727999999523165,0.5300925925925926,1,1,0
148,5.183099999904632,0.14583333333333337,1,-1,0
148,1.8555999999046329,1,1,1,1
148,1.9262000000476835,0.7962962962962963,1,1,0
148,3.432799999952316,0.6296296296296297,1,1,1
148,3.4667999999523165,0.1597222222222222,1,-1,1
148,2.884599999904633,0.0902777777777778,1,-1,0
148,2.913100000143051,0.40509259259259256,1,-1,0
148,2.657900000095367,0.5532407407407407,1,-1,1
148,1.7532999999523164,0.6319444444444444,1,1,1
148,4.102700000047684,0.2245370370370371,1,1,0
148,3.283400000095367,0.26157407407407407,1,-1,0
148,2.586200000047684,0.3703703703703703,0,1,1
148,1.6125,0.8564814814814815,1,1,0
148,2.4582999999523163,0.537037037037037,1,-1,1
148,3.5816000001430512,0.44907407407407407,0,1,0
148,2.260799999952316,0.20370370370370372,1,-1,1
148,1.8925999999046328,0.7222222222222222,1,1,1
148,3.904299999952316,0.8240740740740741,1,-1,0
148,1.6193999998569488,0.8657407407407407,1,1,0
148,5.803600000143051,0.41435185185185186,1,-1,1
148,4.336700000047684,0.12268518518518524,1,-1,0
148,1.9631000001430512,0.5925925925925926,1,1,1
146,2.0438000000007452,0.8361111111111111,1,1,1
146,2.1160999999996273,1,1,-1,1
146,4.058200000001118,0.6805555555555556,1,-1,0
146,1.7599000000003724,0.6958333333333333,1,1,0
146,2.1632999999988822,1,1,-1,0
146,1.7844000000003724,0.8972222222222223,1,1,0
146,2.8214000000003727,1,1,-1,1
146,1.8233999999985102,1,1,1,1
146,1.986,1,1,-1,1
146,1.714,1,1,1,1
146,2.1084000000003726,1,1,-1,0
146,3.5694000000003725,0.4708333333333333,0,1,1
146,2.2655999999996275,1,1,-1,1
146,3.2117000000011178,1,1,-1,0
146,4.885,0.45,1,1,0
146,2.71510000000149,0.9277777777777778,1,1,0
146,1.7354000000003722,1,1,-1,0
146,2.3415999999996275,1,1,-1,1
146,1.8679000000003723,0.8263888888888888,1,1,1
146,1.543699999999255,0.7333333333333334,1,1,1
146,2.634199999999255,0.8541666666666666,0,-1,0
146,2.404,0.6986111111111111,1,1,0
146,1.9845999999996278,1,1,-1,1
146,1.754699999999255,1,1,-1,0
146,3.1392000000011175,1,1,-1,1
146,1.7350999999996277,0.8458333333333333,1,1,0
146,6.9949000000003725,0.4986111111111111,1,1,1
146,4.430800000000745,0.49722222222222223,0,1,0
146,3.9027000000011176,1,1,-1,1
146,2.1067999999988825,1,1,-1,0
146,2.0197000000011176,0.5458333333333334,1,1,1
146,1.957300000000745,1,1,1,0
146,1.8091000000014898,1,1,-1,1
146,2.068199999999255,1,1,1,1
146,1.7534000000003722,1,1,-1,0
146,2.21410000000149,0.5680555555555555,1,1,1
146,1.5025999999996278,0.7347222222222223,1,1,0
146,1.974800000000745,0.6041666666666667,1,-1,0
146,2.449699999999255,0.8763888888888889,1,-1,1
146,1.88860000000149,0.9,1,1,1
146,2.1412000000011178,0.7305555555555556,1,1,0
146,4.53010000000149,1,1,-1,1
146,3.3696999999992547,1,1,-1,0
146,2.3895999999996276,1,1,-1,1
146,1.537,1,1,1,0
146,1.731199999999255,0.5236111111111111,1,1,1
146,3.5392999999988826,1,1,-1,0
146,1.786300000000745,0.5986111111111111,1,1,1
146,2.7444000000003723,0.7958333333333334,1,-1,1
146,2.2898000000007452,1,1,-1,0
146,1.9154000000003724,0.5666666666666667,1,1,0
146,3.020300000000745,0.8041666666666667,1,1,0
146,2.0492000000011177,1,1,-1,0
146,1.82889999999851,0.5861111111111111,1,1,1
146,1.8161999999992549,1,1,-1,1
146,2.4365999999996273,0.8527777777777777,1,1,0
146,3.087,0,0,-1,1
146,2.11989999999851,1,1,-1,0
146,2.4355999999996274,0.6263888888888889,1,1,1
146,2.8389000000003723,1,1,-1,1
146,4.531599999999627,0.6236111111111111,1,1,1
146,2.3415,1,1,1,0
146,1.77,0.5208333333333333,1,-1,0
190,1.9519000000059605,0.8833333333333333,1,1,1
190,1.4363999999985102,0.8277777777777777,1,1,0
190,1.4966000000014898,0.7625,0,-1,0
190,1.7678000000044702,0.3763888888888889,0,-1,1
190,2.0455,0.4722222222222222,1,1,1
190,1.4831000000014898,0.5791666666666666,1,1,0
190,1.4858000000044704,0.26111111111111107,1,-1,1
190,1.5306000000014899,0.37777777777777777,1,-1,0
190,1.3118999999985101,0.5888888888888889,1,1,1
190,0.38060000000149014,0.41666666666666663,0,-1,0
190,2.4044000000059604,0.5125,1,-1,1
190,1.4606000000014898,0.6361111111111111,1,1,0
190,1.3697000000029802,0.5541666666666667,1,-1,1
190,1.981,0.5805555555555555,1,1,1
190,1.3929000000059604,0.2694444444444445,0,-1,0
190,3.43910000000149,0.5152777777777777,1,1,0
190,1.453,0.6277777777777778,1,1,1
190,1.3833000000044704,0.49583333333333335,1,1,0
190,1.36110000000149,0.7513888888888889,1,-1,1
190,1.3968000000044702,0.24583333333333335,0,-1,0
190,1.4815,0.6111111111111112,1,1,0
190,1.5528000000044704,0.30138888888888893,1,1,1
190,1.4313000000044704,0.3027777777777778,1,-1,0
190,1.4785,0.6875,1,-1,1
190,1.2897000000029801,0.275,1,-1,1
190,1.4217000000029802,0.4680555555555555,1,-1,0
190,1.572,0.25277777777777777,0,1,1
190,1.4196999999955298,0.6069444444444445,0,1,0
190,1.15710000000149,0.1597222222222222,1,-1,0
190,1.1885,0.38055555555555554,1,-1,1
190,1.3315,0.5736111111111111,0,1,1
190,1.3956999999955297,0.19861111111111107,0,1,0
190,1.3555,0.6291666666666667,1,1,1
190,1.4343999999985102,0.4722222222222222,1,1,0
190,1.449,0.275,1,-1,0
190,1.3794000000059605,0.29027777777777775,1,-1,1
190,1.4563000000044704,0.5430555555555556,1,1,1
190,1.574,0.20833333333333337,0,-1,1
190,1.4194000000059606,0.1805555555555556,1,1,0
190,1.4328999999985101,0.5111111111111111,1,-1,0
190,1.432,0.23888888888888893,1,-1,0
190,1.3043000000044704,0.37083333333333335,0,1,1
190,1.5610999999940396,0.06944444444444442,1,-1,1
190,2.02170000000298,0.25277777777777777,0,1,0
190,1.5488000000044704,0.2402777777777778,1,-1,0
190,1.3069000000059605,0.47638888888888886,1,1,1
190,1.3498000000044703,0.26111111111111107,1,1,0
190,1.2450999999940395,0.06388888888888888,1,-1,1
190,1.3683999999985101,0.5277777777777778,1,1,1
190,1.4826999999955297,0.16666666666666663,1,-1,1
190,1.39310000000149,0.19166666666666665,0,1,0
190,1.4508000000044703,0.34444444444444444,1,-1,0
190,1.248,0.1680555555555555,0,1,0
190,1.3889000000059604,0.13888888888888884,1,-1,1
190,1.442,0.4125,1,-1,0
190,1.3471000000014899,0.14722222222222223,0,1,1
190,1.3415,0.07222222222222219,0,1,0
190,1.5035,0.363888888888889,1,-1,1
190,2.54410000000149,0.3611111111111112,1,-1,0
190,1.57039999999851,0.6111111111111112,1,1,1
190,1.29610000000149,0.3652777777777778,1,1,0
190,1.3787000000029803,0.1680555555555555,1,1,1
190,1.13,0.4013888888888889,1,-1,1
190,1.65739999999851,0.24583333333333335,1,-1,0
31,1.6425,1,1,1,1
31,1.919300000000745,0.9967259120673526,1,-1,1
31,1.857800000000745,1,1,-1,0
31,1.6930999999996277,0.9836295603367632,1,1,0
31,3.2227999999988826,0.9237605238540691,1,-1,1
31,1.761300000000745,1,1,-1,0
31,1.971300000000745,1,1,1,1
31,2.197300000000745,0.9967259120673526,1,1,0
31,1.589699999999255,0.9087932647333956,1,1,0
31,3.234,0.8564078578110383,1,-1,0
31,3.111199999999255,0.961178671655753,1,-1,1
31,1.6812000000011176,1,1,1,1
31,1.7827000000011175,1,1,-1,0
31,2.0665,1,1,-1,1
31,1.862,1,1,1,1
31,2.7714000000003725,0.961178671655753,1,1,0
31,1.9210999999996277,1,1,-1,0
31,1.7519000000003724,0.9200187090739008,1,1,1
31,1.9531999999992549,1,1,-1,1
31,2.237,1,1,1,0
31,2.2172999999988825,1,1,1,0
31,1.9240999999996278,1,1,-1,0
31,1.650300000000745,1,1,1,1
31,2.7957999999988825,0.8171188026192704,1,-1,1
31,1.8379000000003722,1,1,-1,0
31,2.179699999999255,0.8900841908325537,1,1,0
31,1.6994000000003724,1,1,1,1
31,2.0210999999996275,1,1,-1,1
31,1.7866000000014899,1,1,-1,1
31,1.816,1,1,-1,0
31,2.068199999999255,0.9368568755846586,1,1,1
31,1.698699999999255,1,1,1,0
31,2.284300000000745,1,1,1,0
31,1.64,1,1,1,1
31,1.6982999999988824,1,1,-1,0
31,1.59,1,1,-1,1
31,1.475300000000745,1,1,1,1
31,1.6312999999988824,1,1,1,0
31,2.7580999999996276,1,1,-1,1
31,3.4765999999996273,1,1,-1,0
31,1.6293000000007452,1,1,1,1
31,1.9495,1,1,-1,0
31,1.4854000000003722,1,1,1,0
31,1.9246000000014898,1,1,-1,1
31,1.9058000000007451,1,1,-1,0
31,1.9525,1,1,-1,1
31,1.644199999999255,1,1,1,0
31,1.6567999999988825,1,1,1,1
31,1.7893999999985102,1,1,1,0
31,1.6442999999988823,1,1,-1,0
31,1.488,1,1,1,1
31,1.645199999999255,1,1,-1,1
31,1.516800000000745,1,1,1,0
31,1.5219000000003724,1,1,1,1
31,1.8915999999996278,1,1,-1,1
31,1.7141000000014899,1,1,-1,0
31,1.64,1,1,-1,0
31,1.639699999999255,1,1,-1,1
31,1.5625999999996276,0,0,1,0
31,1.5890999999996276,1,1,1,1
31,1.5636000000014898,1,1,1,1
31,2.160300000000745,1,1,-1,1
31,1.8355999999996278,1,1,-1,0
31,1.6105,1,1,1,0
176,2.5931000000089406,0.54,1,1,0
176,2.47729999999702,0.52,1,1,1
176,2.1633999999910594,0.6511111111111111,1,-1,1
176,2.8610999999940394,0.48444444444444446,1,-1,0
176,4.182699999988079,0.4955555555555555,1,1,0
176,2.7312000000029797,0.5311111111111111,1,1,1
176,3.2470999999940395,0.8377777777777777,1,-1,0
176,2.36870000000298,0.49777777777777776,1,-1,1
176,1.7648999999910593,0.54,1,-1,0
176,3.0165,0.5155555555555555,1,1,0
176,2.1460999999940396,0.7488888888888889,1,-1,1
176,2.1346000000089407,0.8577777777777778,1,1,1
176,4.762900000005961,0.3911111111111111,1,1,1
176,6.661899999991059,0.21333333333333335,1,1,0
176,3.207,0.7155555555555555,1,-1,1
176,2.019600000008941,0.6777777777777778,1,-1,0
176,3.645099999994039,0.2844444444444445,1,-1,1
176,2.20279999999702,0.7488888888888889,1,1,0
176,2.6615999999940394,0.3288888888888889,1,-1,0
176,1.8095999999940395,0.6933333333333334,1,1,1
176,2.0045999999940394,0.8933333333333333,1,-1,0
176,2.0805,0.7711111111111111,1,1,1
176,2.7305,0.3955555555555555,1,1,0
176,2.3469000000059603,0.7355555555555555,1,-1,1
176,4.51190000000596,0.1577777777777778,1,1,1
176,2.2459000000059604,0.8955555555555555,1,-1,0
176,4.823200000002981,0.2466666666666667,0,1,0
176,2.0195999999940395,0.7577777777777778,1,-1,1
176,2.668,0.8355555555555556,1,1,1
176,2.1328999999910594,0.3288888888888889,1,-1,1
176,2.1132999999970203,0.7444444444444445,1,-1,0
176,2.70729999999702,0.72,1,1,0
176,3.60879999999702,0.0888888888888889,1,1,0
176,2.3765,0.6911111111111111,1,-1,1
176,1.89479999999702,0.72,1,1,1
176,1.708,0.4622222222222222,1,-1,0
176,1.5662000000029803,0.8222222222222222,1,1,1
176,1.8720999999940395,0.2977777777777778,1,-1,1
176,1.8335,0.6422222222222222,1,-1,0
176,1.85679999999702,0.1466666666666666,1,1,0
176,2.252,0.7555555555555555,1,-1,0
176,1.6415,0.7955555555555556,1,1,1
176,1.8094000000059605,0.35777777777777775,1,-1,1
176,1.494699999988079,0.86,1,1,0
176,1.6604000000059604,0.7844444444444445,1,1,0
176,1.7414000000059604,1,1,-1,0
176,1.663,0.9444444444444444,1,1,1
176,2.7792999999970203,0.8577777777777778,1,-1,1
176,2.0040999999940396,0.7977777777777778,1,-1,1
176,1.7415,0.8622222222222222,1,1,0
176,1.7112000000029803,0.8844444444444445,1,1,1
176,1.7840999999940395,0.8444444444444444,1,-1,0
176,1.6243999999910592,0.8311111111111111,1,1,0
176,1.651699999988079,0.9155555555555556,1,1,1
176,1.86870000000298,0.94,1,-1,0
176,1.7519000000059604,0.88,1,-1,1
176,1.6142999999970198,0.8511111111111112,1,1,0
176,1.7752999999970198,0.8822222222222222,1,-1,1
176,1.717800000011921,0.9222222222222224,1,1,1
176,2.1825,0.78,1,-1,0
176,3.1221000000089405,0.5044444444444445,1,-1,1
176,1.8464000000059604,0.7911111111111111,1,1,0
176,1.6412999999970197,0.9,1,1,1
176,1.8733999999910593,0.9733333333333334,1,-1,0
